College Name,Program Name,UR,OBC,SC,ST,EWS,PwBD
Acharya Narendra Dev College,B.Com (Hons.),725.4173,578.5015,498.5241,300.617,615.9478,356.834
Acharya Narendra Dev College,B.Sc (Hons.) Biomedical Science,578.1372,501.0816,428.9088,361.4809,482.5119,109.9343
Acharya Narendra Dev College,B.Sc (Hons.) Botany,490.6606,422.1472,349.0445,315.3719,414.4313,272.4328
Acharya Narendra Dev College,B.Sc (Hons.) Chemistry,341.755,286.2432,197.8903,54.8765,284.5362,
Acharya Narendra Dev College,B.Sc (Hons.) Computer Science,617.6714,521.4599,444.7169,323.8722,536.7933,168.8195
Acharya Narendra Dev College,B.Sc (Hons.) Electronics,325.533,251.0348,172.9308,44.669,260.9978,
Acharya Narendra Dev College,B.Sc (Hons.) Physics,349.5512,284.704,187.4379,118.2202,279.5751,
Acharya Narendra Dev College,B.Sc (Hons.) Zoology,517.872,447.3208,385.7636,332.7267,433.8258,136.737
Acharya Narendra Dev College,B.Sc (Prog.) Life Science,491.8581,425.116,344.8445,310.0188,408.8798,
Acharya Narendra Dev College,B.Sc (Hons.) Mathematics,549.3394,442.3762,353.1136,135.2182,461.4494,
Acharya Narendra Dev College,B.Sc (Prog.) Physical Science with Chemistry,261.1503,202.1333,119.5114,86.3114,200.2371,
Acharya Narendra Dev College,B.Sc (Prog.) Physical Science with Computer Science/ Informatics Practices,308.0804,238.5508,178.2729,81.222,231.501,
Acharya Narendra Dev College,B.Sc (Prog.) Physical Science with Electronics,264.8938,190.8325,108.1068,73.9663,194.9712,
Aditi Mahavidyalaya (W),B.A. (Hons.) Geography,593.204,486.4553,433.8364,413.0837,376.1495,
Aditi Mahavidyalaya (W),B.A. (Hons.) Hindi Patrakarita,344.5906,141.8987,203.3786,336.2871,256.3856,182.2133
Aditi Mahavidyalaya (W),B.A. (Hons.) Social Work,516.7937,362.9024,248.2903,169.1697,221.8782,
Aditi Mahavidyalaya (W),B.Com (Hons.),677.7025,509.9041,433.2272,112.989,506.7782,
Aditi Mahavidyalaya (W),B.Com,647.0102,484.8814,392.764,359.5231,482.5054,
Aditi Mahavidyalaya (W),Bachelor of Elementary Education (B.El.Ed.),569.0739,453.8895,455.946,286.2274,416.0634,
Aditi Mahavidyalaya (W),B.A Program (Hindi + NHE),443.8312,268.8435,194.745,167.5745,260.8656,
Aditi Mahavidyalaya (W),B.A Program (Hindi + OMSP),431.1507,259.1279,149.6498,,248.7606,
Aditi Mahavidyalaya (W),B.A Program (Hindi + Political Science),492.8141,346.9539,354.0052,,106.0118,
Aditi Mahavidyalaya (W),B.A Program (Sanskrit + History),137.3412,,,,,
Aditi Mahavidyalaya (W),B.A Program (Sanskrit + Music),272.4963,,,,,
Aditi Mahavidyalaya (W),B.A Program (Sanskrit + Political Science),159.3196,,,,,
Aditi Mahavidyalaya (W),"B.A Program (Advertising, Sales Promotion and Sales Management (ASPSM) + Economics)",615.5055,451.3118,357.1598,238.429,411.9942,
Aditi Mahavidyalaya (W),"B.A Program (Advertising, Sales Promotion and Sales Management (ASPSM) + Mathematics)",525.8492,317.1597,149.6988,,181.7189,
Aditi Mahavidyalaya (W),B.A Program (Economics + Mathematics),607.7188,364.7349,137.6059,,273.5594,
Aditi Mahavidyalaya (W),B.A Program (Economics + Psychology),666.1239,498.8685,481.0945,402.5525,412.3346,
Aditi Mahavidyalaya (W),B.A Program (Food Technology (FT) + Geography),535.0321,360.5754,311.5784,225.3684,312.5872,
Aditi Mahavidyalaya (W),B.A Program (Geography + History),555.5316,422.0277,382.086,450.5115,394.6092,
Aditi Mahavidyalaya (W),B.A Program (Human Development and Family Empowerment (HDFE) + Political Science),484.674,265.7055,207.8113,258.4837,148.7389,
Aditi Mahavidyalaya (W),B.A Program (Mathematics + Psychology),517.1333,310.2265,182.7808,319.0404,255.7319,
Aditi Mahavidyalaya (W),B.A Program (Music + Sociology),436.1335,203.0331,184.2298,420.5779,330.5706,
Aditi Mahavidyalaya (W),B.A Program (NHE + Sociology),479.1262,261.977,177.1976,99.2134,262.0723,
Aditi Mahavidyalaya (W),B.A Program (Office Management & Secretarial Practice (OMSP) + Sociology),510.3044,324.8096,187.739,,191.2509,
Aditi Mahavidyalaya (W),B.A Program (Political Science + Sociology),565.8928,383.4636,348.8874,335.6412,271.0535,
Aditi Mahavidyalaya (W),B.A Program (Economics + Food Technology),554.0166,407.2501,318.6206,314.5791,368.0618,
Aditi Mahavidyalaya (W),B.A Program (Education + Political Science),496.6357,349.6219,287.0564,97.6416,189.093,
Aditi Mahavidyalaya (W),B.A Program (Education + Human Development and Family Empowerment (HDFE)),517.9761,367.5766,307.3195,177.1417,206.5243,298.2545
Aditi Mahavidyalaya (W),B.A Program (Education + Geography),518.1333,360.0254,310.4979,211.0537,162.2398,
Aryabhatta College,B.A. (Hons.) Economics,735.355,512.5715,420.0632,155.068,536.2756,
Aryabhatta College,B.A. (Hons.) English,680.7125,544.8543,490.512,484.9479,535.5917,247.7664
Aryabhatta College,B.A. (Hons.) Hindi,429.9697,324.2324,306.0173,,162.7333,
Aryabhatta College,B.A. (Hons.) History,691.7569,569.8057,503.7862,487.5254,558.6262,326.9445
Aryabhatta College,B.A. (Hons.) Political Science,725.3665,653.8838,572.5641,542.4443,642.05,36.0221
Aryabhatta College,B.Sc (Hons.) Computer Science,612.9238,528.3868,429.4294,347.0849,539.9092,264.6614
Aryabhatta College,B.Sc (Hons.) Mathematics,588.303,461.0204,347.8864,231.9427,459.3842,
Aryabhatta College,B.A. (Hons.) Psychology,819.4441,656.7865,648.3366,604.744,641.9748,546.2814
Aryabhatta College,B.Com,763.2117,645.4111,552.3864,457.8032,690.9078,348.4235
Aryabhatta College,B.Com (Hons.),790.4674,686.7453,601.1001,558.2492,737.2295,
Aryabhatta College,Bachelor of Management Studies (BMS),461.674,347.4959,292.9516,115.623,375.3602,189.2746
Aryabhatta College,B.A. (Hons.) Business Economics,435.7388,293.663,224.0842,264.4301,316.6757,394.1904
Aryabhatta College,B.A Program (History + Political Science),662.0647,561.5548,515.7603,495.0893,549.6096,422.718
Aryabhatta College,B.A Program (Economics + Mathematics),676.9977,450.1646,335.6495,261.745,446.8617,
Aryabhatta College,B.A Program (English + Psychology),731.973,573.7616,554.4795,547.8399,581.7425,269.2853
Atma Ram Sanatan Dharma College,B.Com,803.0037,710.0284,640.2466,517.5991,754.4759,184.8466
Atma Ram Sanatan Dharma College,B.Com (Hons.),827.7505,751.275,682.4128,587.4283,796.2933,217.1711
Atma Ram Sanatan Dharma College,B.A. (Hons.) English,759.6281,660.5876,600.7673,585.2176,685.5412,356.7599
Atma Ram Sanatan Dharma College,B.A. (Hons.) Hindi,434.3241,348.6407,356.7239,177.319,170.1526,
Atma Ram Sanatan Dharma College,B.A. (Hons.) History,780.4776,730.6109,662.3839,616.7354,721.7112,417.5144
Atma Ram Sanatan Dharma College,B.A. (Hons.) Political Science,805.7317,753.8998,690.2177,670.5879,764.6956,521.7048
Atma Ram Sanatan Dharma College,B.A. (Hons.) Economics,776.4796,591.6099,499.0249,308.9229,636.0159,
Atma Ram Sanatan Dharma College,B.Sc (Hons.) Physics,408.5187,352.1109,230.0073,111.0654,351.1412,
Atma Ram Sanatan Dharma College,B.Sc (Hons.) Chemistry,389.9256,335.0713,240.3019,119.1335,329.9406,
Atma Ram Sanatan Dharma College,B.Sc (Hons.) Mathematics,651.5016,520.3601,422.7981,281.7126,513.1592,
Atma Ram Sanatan Dharma College,B.Sc (Hons.) Electronics,396.8277,330.6087,247.5394,121.3767,322.5514,
Atma Ram Sanatan Dharma College,B.Sc (Hons.) Computer Science,680.1224,613.6197,502.403,386.3453,615.3802,235.9325
Atma Ram Sanatan Dharma College,B.Sc (Prog.) Physical Science with Chemistry,300.175,258.4084,157.5769,175.5122,266.2606,
Atma Ram Sanatan Dharma College,B.Sc (Prog.) Physical Science with Electronics,298.686,248.0518,145.933,28.5704,241.1339,
Atma Ram Sanatan Dharma College,B.Sc (Prog.) Physical Science with Computer Science/ Informatics Practices,374.9823,308.856,220.7732,115.7293,321.6733,
Atma Ram Sanatan Dharma College,B.Sc (Prog.) Applied Physical Sciences with Industrial Chemistry,282.661,226.9576,130.4443,88.782,228.1499,
Atma Ram Sanatan Dharma College,B.A Program (Sanskrit + Any other discipline subject from (English/Hindi/Sanskrit/Political Sc./Economics/Mathematics/Comp. App./History)),620.7844,464.6029,369.9762,,363.9063,
Atma Ram Sanatan Dharma College,B.A Program (Computer Applications + Any other discipline subject from (English/Hindi/Sanskrit/Political Sc./Economics/Mathematics/Comp. App./History)),761.3796,621.78,559.2834,540.5172,655.4705,
Atma Ram Sanatan Dharma College,B.A Program (Mathematics + Any other discipline subject from (English/Hindi/Sanskrit/Political Sc./Economics/Mathematics/Comp. App./History)),763.6551,652.7117,459.6899,472.6748,523.7646,
Atma Ram Sanatan Dharma College,B.A Program (English + Any other discipline subject from (English/Hindi/Sanskrit/Political Sc./Economics/Mathematics/Comp. App./History)),781.7985,713.2844,615.7932,581.0004,694.7067,630.2391
Atma Ram Sanatan Dharma College,B.A Program (Hindi + Any other discipline subject from (English/Hindi/Sanskrit/Political Sc./Economics/Mathematics/Comp. App./History)),721.2751,649.0522,596.9414,467.7709,639.5669,308.1216
Atma Ram Sanatan Dharma College,B.A Program (Any two disciplines from (History/Political Sc./Economics)),763.167,684.4054,618.8433,592.1985,726.7906,438.3855
Bhagini Nivedita College (W),B.Com,635.9237,459.796,358.6255,,472.0769,
Bhagini Nivedita College (W),B.A. (Hons.) Hindi,300.6957,153.4496,109.2696,,209.9591,
Bhagini Nivedita College (W),B.A. (Hons.) History,560.3046,404.0488,374.8738,280.5399,282.3986,
Bhagini Nivedita College (W),B.Sc (Hons.) Physics,286.8853,208.8414,103.2024,,202.3867,
Bhagini Nivedita College (W),B.Sc (Hons.) Home Science,383.8983,306.5984,253.0079,217.171,282.1871,
Bhagini Nivedita College (W),B.Sc (Prog.) Physical Science with Computer Science/ Informatics Practices,257.5384,189.242,91.1324,,192.8016,
Bhagini Nivedita College (W),B.Sc (Prog.) Physical Science with Chemistry,224.0746,158.7589,10.3957,,153.6442,
Bhagini Nivedita College (W),B.A. (Hons.) Political Science,606.7933,458.4368,416.7503,353.8396,359.9865,
Bhagini Nivedita College (W),B.A Program (History + Political Science),544.8017,397.7375,366.7556,309.8382,333.0052,
Bhagini Nivedita College (W),B.A Program (Economics + Political Science),541.9386,365.5856,319.894,166.2351,244.1984,
Bhagini Nivedita College (W),B.A Program (Sanskrit + Political Science),298.4787,,,,,
Bhagini Nivedita College (W),B.A Program (Food Technology (FT) + Political Science),489.6521,322.296,252.385,,235.9255,
Bhagini Nivedita College (W),B.A Program (Human Development and Family Empowerment (HDFE) + Political Science),478.3576,258.6266,143.2536,,226.2995,
Bhagini Nivedita College (W),B.A Program (Computer Applications + Political Science),497.229,327.4879,189.786,266.3157,235.762,
Bhagini Nivedita College (W),B.A Program (Office Management & Secretarial Practice (OMSP) + Political Science),520.3182,368.7942,383.082,,209.1045,
Bhagini Nivedita College (W),B.A Program (Music + Political Science),458.9074,257.3693,105.2111,,224.9759,
Bhagini Nivedita College (W),B.A Program (Economics + History),536.8441,366.9229,296.1325,349.9009,255.3513,362.802
Bhagini Nivedita College (W),B.A Program (Sanskrit + History),263.9243,,,,,
Bhagini Nivedita College (W),B.A Program (Food Technology (FT) + History),491.9143,325.723,258.7719,,199.3371,
Bhagini Nivedita College (W),B.A Program (History + Music),440.7165,273.2844,156.4835,336.4883,,
Bhagini Nivedita College (W),B.A Program (Computer Applications + Economics),552.7696,345.6006,160.0561,,314.4655,
Bhagini Nivedita College (W),B.A Program (Economics + OMSP),571.2572,366.1664,308.7764,,242.237,
Bhagini Nivedita College (W),B.A Program (Political Science + Nutrition and Health Education (NHE)),494.1479,320.4737,258.3281,324.3361,184.5877,
Bhagini Nivedita College (W),B.A Program (Political Science + Apparel Design & Construction (ADC)),492.7928,299.9873,174.1141,323.6585,282.0611,
Bhagini Nivedita College (W),B.A Program (History + Nutrition and Health Education (NHE)),474.4674,280.2617,276.4744,219.3242,315.4073,
Bhagini Nivedita College (W),B.A Program (History + Apparel Design & Construction (ADC)),478.313,293.5794,265.9265,,126.9206,
Bhagini Nivedita College (W),B.A Program (History + Human Development and Family Empowerment (HDFE)),471.4068,271.0544,264.6516,,,
Bharati College (W),B.A. (Hons.) English,629.1594,462.6181,435.5578,413.0837,444.3243,
Bharati College (W),B.A. (Hons.) Hindi,264.7967,232.4559,169.1979,,146.3675,
Bharati College (W),B.A. (Hons.) Sanskrit,223.6664,123.7946,125.4177,,139.1058,
Bharati College (W),B.A. (Hons.) History,593.1744,429.6533,402.1444,358.2891,305.6082,
Bharati College (W),B.A. (Hons.) Political Science,629.4909,519.4674,441.6335,396.1026,402.4269,
Bharati College (W),B.Com (Hons.),691.8162,529.7487,438.7839,263.0834,552.7356,
Bharati College (W),B.Com,651.2517,471.7241,376.4524,236.3735,495.0062,
Bharati College (W),B.A. (Hons.) Journalism,657.5294,498.3335,448.5073,424.1951,503.8918,
Bharati College (W),B.Sc (Hons.) Mathematics,485.2359,373.3876,272.0637,211.4183,377.019,
Bharati College (W),B.A. (Hons.) Psychology,750.1367,593.4085,563.493,511.3199,546.4295,311.0806
Bharati College (W),B.A. (Hons.) Sociology,619.4957,461.9045,387.3137,444.2608,366.5715,
Bharati College (W),B.A Program (History + Political Science),592.1311,490.8551,410.6508,372.5665,400.96,399.6385
Bharati College (W),B.A Program (Sanskrit + History),212.0641,,,,,
Bharati College (W),B.A Program (Music + Political Science),462.0094,261.7588,331.4282,,,
Bharati College (W),B.A Program (History + Music),470.1346,242.2051,197.4293,,304.9393,
Bharati College (W),B.A Program (Human Development and Family Empowerment (HDFE) + Political Science),516.8795,338.7239,257.3835,237.9662,225.3062,
Bharati College (W),B.A Program (Economics + Political Science),599.4202,424.5322,376.0739,213.7448,306.5301,
Bharati College (W),B.A Program (Punjabi + History),362.0637,,,,,
Bharati College (W),B.A Program (Economics + OMSP),597.6272,393.5194,361.6787,409.0488,421.0994,
Bharati College (W),B.A Program (History + OMSP),517.4407,358.9251,276.772,,249.4449,
Bharati College (W),B.A Program (Computer Applications + Economics),595.8528,400.3432,279.3065,155.4531,372.9008,
Bharati College (W),B.A Program (Computer Applications + Political Science),504.4169,359.322,127.603,,279.87,
Bharati College (W),B.A Program (Sanskrit + Economics),362.2065,287.6087,,,,
Bharati College (W),B.A Program (Punjabi + Economics),400.4485,,255.9185,,,
Bhaskaracharya College of Applied Sciences,B.Sc (Hons.) Biomedical Science,563.2634,481.6401,409.1413,345.7157,463.1249,196.0597
Bhaskaracharya College of Applied Sciences,B.Sc (Hons.) Botany,485.7069,417.2986,347.5183,310.5789,414.4201,
Bhaskaracharya College of Applied Sciences,B.Sc (Hons.) Chemistry,326.7151,265.069,178.0503,38.0464,262.3561,
Bhaskaracharya College of Applied Sciences,B.Sc (Hons.) Computer Science,596.2357,497.7469,417.3779,296.7783,512.1503,
Bhaskaracharya College of Applied Sciences,B.Sc (Hons.) Electronics,306.4031,228.9909,154.2751,85.1991,231.4178,
Bhaskaracharya College of Applied Sciences,B.Sc (Hons.) Food Technology,523.4262,449.5731,358.029,317.6699,441.5216,205.8773
Bhaskaracharya College of Applied Sciences,B.Sc (Hons.) Instrumentation,261.2299,174.3932,105.5046,,175.919,
Bhaskaracharya College of Applied Sciences,B.Sc (Hons.) Microbiology,559.0386,484.1183,428.6368,382.2231,489.2555,208.8013
Bhaskaracharya College of Applied Sciences,B.Sc (Hons.) Physics,341.2903,259.1941,173.1715,189.8005,273.2574,
Bhaskaracharya College of Applied Sciences,B.Sc (Hons.) Polymer Science,252.7769,188.3632,97.4315,49.789,177.2221,
Bhaskaracharya College of Applied Sciences,B.Sc (Hons.) Zoology,514.3968,445.4858,381.2703,329.6046,432.5268,
Cluster Innovation Centre,B.A. (Hons.) Humanities and Social Sciences,694.877,539.3002,429.3553,436.543,551.7093,146.4495
Cluster Innovation Centre,B.Tech. Information Technology and Mathematical Innovations (IT & MI),538.6208,486.0727,422.7294,348.852,503.4486,365.8122
College of Vocational Studies,B.Com (Hons.),798.6537,701.5687,623.2425,496.9433,744.1057,
College of Vocational Studies,B.A. (Hons.) Economics,746.0839,521.9997,408.2439,,580.5632,
College of Vocational Studies,B.A. (Hons.) History,678.7091,565.9721,474.3534,466.189,535.0212,
College of Vocational Studies,B.Sc (Hons.) Computer Science,618.8949,527.8983,417.8603,316.576,565.0476,
College of Vocational Studies,B.A. (Hons.) Hindi,337.5268,231.0276,270.3492,,,
College of Vocational Studies,B.A. (Hons.) English,693.0874,571.4356,495.6906,462.1243,541.3508,
College of Vocational Studies,B.A. (Hons.) Business Economics,454.4749,314.0648,248.9443,228.2048,335.185,
College of Vocational Studies,Bachelor of Management Studies (BMS),487.8908,365.35,315.5225,130.2241,395.1824,320.0322
College of Vocational Studies,B.A. (Vocational Studies) Office Management and Secretarial Practice,617.3716,448.0504,392.3534,169.9929,460.0667,117.3805
College of Vocational Studies,B.A. (Vocational Studies) Marketing Management and Retail Business,651.3754,488.434,423.4854,217.8666,510.269,357.4767
College of Vocational Studies,B.A. (Vocational Studies) Human Resource Management,666.0185,520.9924,450.66,334.8249,540.1028,97.3651
College of Vocational Studies,B.A. (Vocational Studies) Small and Medium Enterprises,636.7911,470.9651,393.2041,143.9494,478.4779,366.2185
College of Vocational Studies,B.A. (Vocational Studies) Management and Marketing of Insurance,648.4117,482.4098,428.489,209.5085,533.5837,
College of Vocational Studies,B.A. (Vocational Studies) Material Management,616.7095,447.523,383.9352,110.7506,459.0056,
College of Vocational Studies,B.A. (Vocational Studies) Tourism Management,617.4776,471.718,409.2435,365.3304,461.829,295.9995
Daulat Ram College (W),B.A. (Hons.) Economics,777.201,600.4373,513.653,277.1596,642.2659,
Daulat Ram College (W),B.A. (Hons.) English,764.9193,666.4884,621.8965,599.3314,692.9371,196.5953
Daulat Ram College (W),B.A. (Hons.) Hindi,403.0886,236.9626,287.5724,254.1963,245.55,
Daulat Ram College (W),B.A. (Hons.) History,800.1843,738.9243,648.1774,670.8282,720.2911,191.363
Daulat Ram College (W),B.A. (Hons.) Philosophy,732.0519,616.8995,558.8342,453.3028,630.4447,
Daulat Ram College (W),B.A. (Hons.) Political Science,824.7783,783.022,694.4426,707.8496,786.6301,511.1877
Daulat Ram College (W),B.A. (Hons.) Psychology,854.9275,750.8465,728.1749,734.1759,759.1134,582.0059
Daulat Ram College (W),B.A. (Hons.) Sanskrit,142.8022,135.6327,217.698,,160.548,
Daulat Ram College (W),B.Sc (Hons.) Bio-Chemistry,594.4438,532.5111,473.7725,420.8381,543.629,383.8258
Daulat Ram College (W),B.Sc (Hons.) Botany,544.7355,492.9078,413.6886,376.956,485.0278,
Daulat Ram College (W),B.Sc (Hons.) Chemistry,420.282,362.739,243.4532,146.6543,354.5929,
Daulat Ram College (W),B.Sc (Hons.) Physics,412.0895,345.3172,227.1938,105.6504,354.6521,
Daulat Ram College (W),B.Sc (Hons.) Mathematics,670.2951,526.1961,444.1497,326.0765,558.9801,
Daulat Ram College (W),B.Sc (Hons.) Zoology,580.1223,536.9877,452.4055,417.8963,539.6977,195.6861
Daulat Ram College (W),B.Sc (Prog.) Life Science,536.5723,486.8278,392.4193,335.8351,496.9719,
Daulat Ram College (W),B.Com (Hons.),845.8167,768.0818,687.1449,622.3565,800.8621,186.327
Daulat Ram College (W),B.Com,822.2667,737.384,653.0369,531.9008,784.5138,309.8695
Daulat Ram College (W),B.A Program (Sanskrit + Music),320.5463,275.504,,,,
Daulat Ram College (W),B.A Program (Economics + Mathematics),779.6427,610.2935,470.9512,528.7908,674.0598,
Daulat Ram College (W),B.A Program (History + Political Science),793.7759,730.9367,652.1904,647.2926,726.6769,434.6529
Daulat Ram College (W),B.A Program (Music + Nutrition And Health Education(NHE)),638.4325,490.0517,419.7879,,489.6526,
Daulat Ram College (W),B.A Program (Philosophy + Psychology),774.3224,654.7043,589.989,515.3199,638.2638,
Daulat Ram College (W),B.A Program (Physical Education + Political Science),718.6956,591.778,526.8683,508.7132,567.9319,
Daulat Ram College (W),B.A Program (Hindi + Physical Education),580.8254,445.2903,442.5754,315.7513,361.3198,
Daulat Ram College (W),B.A Program (English + History),758.4659,706.2106,613.3472,656.7989,683.349,273.2789
Daulat Ram College (W),B.A Program (Entrepreneurship And Small Business + Nutrition And Health Education),704.2069,579.0874,503.7154,485.5726,601.0934,365.7293
Deen Dayal Upadhyaya College,B.A. (Hons.) English,691.5011,555.5296,509.6151,499.5057,542.8088,172.0092
Deen Dayal Upadhyaya College,Bachelor of Management Studies (BMS),513.4894,406.9493,337.2026,203.6608,452.2034,185.0233
Deen Dayal Upadhyaya College,B.Com (Hons.),785.8132,675.3983,584.6603,452.8959,717.4632,243.3026
Deen Dayal Upadhyaya College,B.Sc (Hons.) Botany,514.5868,445.5847,376.3025,322.1521,451.328,
Deen Dayal Upadhyaya College,B.Sc (Hons.) Chemistry,369.3105,313.2555,227.9722,58.6302,315.0934,
Deen Dayal Upadhyaya College,B.Sc (Hons.) Computer Science,660.8613,577.9916,485.7049,393.8744,600.8084,173.8574
Deen Dayal Upadhyaya College,B.Sc (Hons.) Electronics,336.5558,256.1561,166.3933,65.1239,262.6384,
Deen Dayal Upadhyaya College,B.Sc (Hons.) Mathematics,592.1648,462.0933,359.8697,156.0574,490.2368,
Deen Dayal Upadhyaya College,B.Sc (Hons.) Physics,380.5241,301.429,209.3447,100.2975,316.9364,
Deen Dayal Upadhyaya College,B.Sc (Hons.) Zoology,541.1262,494.2037,410.1656,398.9829,473.4565,
Deen Dayal Upadhyaya College,B.Sc (Prog.) Life Science,513.0641,449.9511,365.5329,295.523,454.4309,
Deen Dayal Upadhyaya College,B.Sc (Prog.) Mathematical Sciences,552.1152,400.5292,321.6958,,421.8959,
Deen Dayal Upadhyaya College,B.Sc (Prog.) Physical Science with Chemistry,278.2761,222.6176,134.239,98.6156,224.3064,
Deen Dayal Upadhyaya College,B.Sc (Prog.) Physical Science with Computer Science/ Informatics Practices,346.7692,265.7489,191.7525,74.3321,303.4289,
Deen Dayal Upadhyaya College,B.A Program (Economics + History),652.1711,519.9216,437.8935,427.2514,488.9542,499.564
Deen Dayal Upadhyaya College,B.A Program (Economics + Political Science),667.1771,546.8203,483.3469,522.417,521.5431,321.3149
Deen Dayal Upadhyaya College,B.A Program (History + Political Science),681.9126,576.8132,493.9633,537.3646,523.3337,279.364
Delhi College of Arts and Commerce,B.Com,793.4834,699.9841,607.9346,504.8549,744.5056,237.1163
Delhi College of Arts and Commerce,B.Com (Hons.),814.7591,732.0874,654.486,597.2919,771.3308,348.0898
Delhi College of Arts and Commerce,B.A. (Hons.) Economics,767.0493,582.1763,490.5995,328.6138,621.6007,
Delhi College of Arts and Commerce,B.A. (Hons.) English,726.6957,604.675,562.4051,547.9513,629.5991,166.9211
Delhi College of Arts and Commerce,B.A. (Hons.) History,743.5828,676.8935,592.402,594.7597,670.6887,342.0406
Delhi College of Arts and Commerce,B.A. (Hons.) Political Science,775.9024,717.5862,651.7629,659.877,729.5323,421.3988
Delhi College of Arts and Commerce,B.A. (Hons.) Journalism,762.2188,628.1913,582.9747,537.8524,679.309,540.9234
Delhi College of Arts and Commerce,B.A Program (Hindi + History),629.825,548.7851,460.7946,436.0017,481.5528,341.0483
Delhi College of Arts and Commerce,B.A Program (Hindi + Political Science),646.4549,555.9291,507.4097,362.5516,567.5872,
Delhi College of Arts and Commerce,"B.A Program (Advertising, Sales Promotion and Sales Management (ASPSM) + Economics)",749.0895,655.8199,590.1637,523.6197,655.2815,382.8942
Delhi College of Arts and Commerce,B.A Program (Economics + Human Resource Management (HRM)),769.916,645.1577,558.8146,482.4296,650.9501,382.6123
Delhi College of Arts and Commerce,B.A Program (History + Political Science),748.5304,662.7306,620.6737,576.7811,652.2151,470.6893
Delhi College of Arts and Commerce,B.A Program (English + German),603.6755,433.3583,459.591,,414.6917,
Delhi College of Arts and Commerce,B.A Program (Hindi + Physical Education),583.1896,477.5671,458.2885,341.7798,429.9792,
Delhi College of Arts and Commerce,B.A Program (Economics + Mathematics),757.1733,578.7179,464.4796,412.1459,687.2735,
Delhi College of Arts and Commerce,B.A Program (English + Spanish),571.0571,393.9423,390.7332,161.3325,372.8895,
Delhi College of Arts and Commerce,B.A Program (Computer Applications + Mathematics),689.4238,584.182,446.561,411.4272,551.8656,100.0011
Delhi College of Arts and Commerce,B.A Program (Operational Research (OR) + Computer Applications),687.9335,509.3255,452.622,375.6294,481.4693,266.379
Delhi College of Arts and Commerce,B.A Program (Accounting and Finance + Computer Applications),757.3376,611.3995,589.4452,455.6288,606.6513,
Delhi School of Journalism,Five Year Integrated Program in Journalism,488.6844,393.0699,358.7643,335.4695,404.5801,205.2973
Department of Germanic and Romance Studies,B.A. (Hons.) French,659.0818,501.2382,492.2588,456.4906,535.786,
Department of Germanic and Romance Studies,B.A. (Hons.) German,650.0653,504.3665,572.5267,349.3359,507.7099,363.4313
Department of Germanic and Romance Studies,B.A. (Hons.) Italian,604.2336,421.7087,443.9821,230.1004,445.4464,
Department of Germanic and Romance Studies,B.A. (Hons.) Spanish,625.4804,468.7117,463.6887,339.7581,484.632,527.4194
Department of Slavonic and Finno Ugrian Studies,B.A. (Hons.) Russian,562.6178,389.3253,379.8336,114.8007,368.2502,188.2994
Deshbandhu College,B.A. (Hons.) Economics,707.0059,462.2584,351.9355,279.0477,493.2117,
Deshbandhu College,B.A. (Hons.) English,660.203,521.5862,466.1316,460.6898,489.3122,
Deshbandhu College,B.A. (Hons.) Hindi,328.437,184.032,237.3175,,297.9904,
Deshbandhu College,B.A. (Hons.) History,650.8834,522.7989,455.8004,443.2437,486.1889,
Deshbandhu College,B.A. (Hons.) Political Science,702.2819,602.4964,525.068,508.2232,527.1746,
Deshbandhu College,B.A. (Hons.) Sanskrit,106.7307,225.191,100.7926,360.0605,109.0289,
Deshbandhu College,B.Com (Hons.),768.1486,638.6155,552.0865,381.3012,698.2722,196.865
Deshbandhu College,B.Sc (Prog.) Life Science,485.0106,412.2356,336.1514,284.7627,409.5697,
Deshbandhu College,B.Sc (Hons.) Bio-Chemistry,570.2969,507.8059,416.8838,395.5342,503.4633,138.9524
Deshbandhu College,B.Sc (Hons.) Botany,490.4216,417.1022,347.703,312.2948,416.8153,
Deshbandhu College,B.Sc (Hons.) Chemistry,359.1187,285.625,195.6263,131.7618,314.5582,
Deshbandhu College,B.Sc (Hons.) Mathematics,538.2065,422.447,300.4541,132.1959,429.4495,
Deshbandhu College,B.Sc (Hons.) Physics,342.1476,272.2407,169.6536,66.8339,258.4479,
Deshbandhu College,B.Sc (Hons.) Zoology,515.7784,448.0652,380.6213,345.9677,440.9267,
Deshbandhu College,B.Sc (Prog.) Physical Science with Chemistry,242.5401,179.4076,80.3177,,165.932,
Deshbandhu College,B.Sc (Prog.) Physical Science with Computer Science/ Informatics Practices,300.0884,230.3112,170.039,150.6889,234.1771,
Deshbandhu College,B.Sc (Prog.) Applied Physical Sciences with Industrial Chemistry,241.8344,175.5259,86.6668,,170.7349,
Deshbandhu College,B.A Program (English + Economics),717.7457,610.2749,576.6122,510.1208,603.1802,
Deshbandhu College,B.A Program (English + History),682.1692,579.1402,540.9331,,516.873,
Deshbandhu College,B.A Program (English + Mathematics),642.4603,498.3929,419.4566,,480.9926,
Deshbandhu College,B.A Program (English + Political Science),690.0316,582.6618,532.778,544.3918,512.9967,281.9348
Deshbandhu College,B.A Program (English + Philosophy),640.0481,517.2548,489.8532,474.0055,470.453,
Deshbandhu College,B.A Program (Hindi + History),593.1829,506.1212,449.6589,399.3029,438.199,230.7073
Deshbandhu College,B.A Program (Hindi + Philosophy),597.6967,447.9171,418.489,,444.4518,
Deshbandhu College,B.A Program (Hindi + Political Science),601.0285,504.7443,506.2901,276.5749,475.5373,
Deshbandhu College,B.A Program (Sanskrit + History),403.4152,340.4114,269.5403,,,
Deshbandhu College,B.A Program (Sanskrit + Philosophy),457.2273,174.8068,250.6429,,,
Deshbandhu College,B.A Program (Economics + History),692.5249,650.1121,545.4616,,567.2092,
Deshbandhu College,B.A Program (Economics + Mathematics),706.9345,538.5405,417.0584,,460.5422,
Deshbandhu College,B.A Program (Economics + Philosophy),671.0148,529.0883,452.0383,,513.3002,
Deshbandhu College,B.A Program (Economics + Political Science),710.9824,635.9658,525.1671,438.2534,526.3237,
Deshbandhu College,B.A Program (History + Mathematics),608.3189,491.0982,389.0531,,410.5272,
Deshbandhu College,B.A Program (History + Philosophy),639.8417,508.5831,453.1825,429.232,,
Deshbandhu College,B.A Program (History + Political Science),652.5117,541.3661,468.8377,482.3963,500.3005,441.1692
Deshbandhu College,B.A Program (Mathematics + Philosophy),667.4214,475.495,282.8065,,372.1336,
Deshbandhu College,B.A Program (Mathematics + Political Science),616.5332,541.0674,367.8865,,422.8656,
Deshbandhu College,B.A Program (Philosophy + Political Science),645.5711,557.7077,462.0542,449.0845,455.5113,
Deshbandhu College,B.A Program (Bengali + History),353.3726,272.4158,,,,
Deshbandhu College,B.A Program (Bengali + Political Science),221.6204,,,,,
Deshbandhu College,B.A Program (Punjabi + History),427.7707,275.3041,,,,
Deshbandhu College,B.A Program (Hindi + Economics),625.5672,486.4704,445.0194,194.231,,
Deshbandhu College,B.A Program (Sanskrit + Economics),487.289,192.4117,129.2366,,,
Deshbandhu College,B.A Program (Punjabi + Political Science),507.4672,312.3594,,,,
Deshbandhu College,B.A Program (Sindhi + History),313.1904,,,,,
Deshbandhu College,B.A Program (Sanskrit + Political Science),413.2644,340.3663,,,,
Dr. Bhim Rao Ambedkar College,B.A. (Hons.) Applied Psychology,746.2019,566.5488,546.1809,456.5401,510.5,305.8175
Dr. Bhim Rao Ambedkar College,B.A. (Hons.) Geography,621.2179,521.8444,473.2454,483.09,436.0864,
Dr. Bhim Rao Ambedkar College,B.A. (Hons.) Hindi Patrakarita,416.3173,287.2454,292.8205,235.3442,249.4457,
Dr. Bhim Rao Ambedkar College,B.A. (Hons.) History,606.9115,489.3012,446.9335,435.8173,418.6625,
Dr. Bhim Rao Ambedkar College,B.A. (Hons.) Social Work,559.8249,397.509,364.7957,230.1842,376.027,
Dr. Bhim Rao Ambedkar College,B.Com,682.0657,527.732,441.7637,203.5908,559.5571,
Dr. Bhim Rao Ambedkar College,B.Com (Hons.),713.4405,563.3634,489.9109,319.9049,595.1006,
Dr. Bhim Rao Ambedkar College,B.A. (Hons.) Economics,670.9885,402.4939,338.3684,152.1651,400.9021,
Dr. Bhim Rao Ambedkar College,B.A. (Hons.) Hindi,313.2488,75.4883,226.3601,,232.7052,
Dr. Bhim Rao Ambedkar College,B.A. (Hons.) Business Economics,404.2153,268.7633,190.9377,,279.5231,
Dr. Bhim Rao Ambedkar College,B.A Program (English + History),606.4305,475.7065,480.6739,440.1902,425.8221,
Dr. Bhim Rao Ambedkar College,B.A Program (English + Psychology),722.3586,571.7272,551.082,524.8421,539.7785,
Dr. Bhim Rao Ambedkar College,B.A Program (Hindi + History),519.7976,386.1099,380.6015,305.1572,314.7566,264.6046
Dr. Bhim Rao Ambedkar College,B.A Program (Hindi + Political Science),519.979,393.7026,391.8009,181.723,244.4667,
Dr. Bhim Rao Ambedkar College,B.A Program (Sanskrit + OMSP),276.173,244.8012,112.8419,,,
Dr. Bhim Rao Ambedkar College,B.A Program (Sanskrit + Political Science),308.0767,159.6337,236.9496,,,
Dr. Bhim Rao Ambedkar College,B.A Program (Urdu + History),364.222,122.4313,,130.9112,,
Dr. Bhim Rao Ambedkar College,B.A Program (Urdu + Political Science),390.6864,51.3203,,253.0107,,
Dr. Bhim Rao Ambedkar College,B.A Program (Economics + Geography),593.849,469.7214,488.387,418.0729,434.7891,363.8772
Dr. Bhim Rao Ambedkar College,B.A Program (Economics + Human Resource Management (HRM)),656.1824,511.1648,427.7627,386.53,547.0081,
Dr. Bhim Rao Ambedkar College,B.A Program (Economics + Mathematics),628.2458,386.498,293.9622,233.106,377.8874,
Dr. Bhim Rao Ambedkar College,B.A Program (Economics + OMSP),604.841,441.8768,373.5302,98.4832,401.9774,
Dr. Bhim Rao Ambedkar College,B.A Program (Geography + Psychology),696.992,493.9993,481.7392,469.5786,503.2553,
Dr. Bhim Rao Ambedkar College,B.A Program (History + Political Science),590.8282,464.425,443.8886,459.7353,415.5824,
Dr. Bhim Rao Ambedkar College,B.A Program (Human Resource Management (HRM) + Mathematics),614.6256,439.7462,330.9634,191.3655,435.6932,
Dr. Bhim Rao Ambedkar College,B.A Program (Human Resource Management (HRM) + Psychology),717.7054,559.6212,539.0165,425.4992,633.6206,
Dr. Bhim Rao Ambedkar College,B.A Program (Office Management & Secretarial Practice (OMSP) + Political Science),585.9962,427.3845,417.4476,370.5189,456.5993,
Dyal Singh College,B.A. (Hons.) Hindi,325.2843,147.0635,204.0872,233.4913,240.2367,
Dyal Singh College,B.A. (Hons.) Economics,741.9922,510.7106,395.92,267.1487,568.8662,
Dyal Singh College,B.A. (Hons.) History,705.4688,599.4553,533.1755,509.874,591.8257,
Dyal Singh College,B.A. (Hons.) Political Science,741.8036,676.8663,607.3797,597.491,680.8318,276.4974
Dyal Singh College,B.A. (Hons.) Geography,722.3472,663.9985,541.1879,564.256,566.3328,539.8748
Dyal Singh College,B.A. (Hons.) English,683.9954,555.2219,490.7005,492.6967,553.4228,
Dyal Singh College,B.Com,776.1686,664.4937,560.6759,388.1024,708.4028,
Dyal Singh College,B.Com (Hons.),792.6269,693.9281,603.3832,453.2137,738.0596,180.4082
Dyal Singh College,B.Sc (Hons.) Mathematics,559.0092,433.6074,330.5764,137.1418,433.7942,
Dyal Singh College,B.Sc (Hons.) Botany,500.0861,440.3303,368.6358,318.2956,455.0274,
Dyal Singh College,B.Sc (Hons.) Chemistry,358.7306,304.8621,217.9762,81.0604,300.7128,
Dyal Singh College,B.Sc (Hons.) Physics,353.9605,280.4152,187.3906,51.3277,274.5707,
Dyal Singh College,B.Sc (Hons.) Zoology,530.6962,482.1034,391.4191,374.9985,483.9413,
Dyal Singh College,B.Sc (Prog.) Physical Science with Chemistry,251.7121,188.5972,94.9134,100.5073,172.542,
Dyal Singh College,B.Sc (Prog.) Physical Science with Computer Science/ Informatics Practices,311.0031,236.1844,168.3665,39.3443,256.6335,
Dyal Singh College,B.Sc (Prog.) Life Science,495.128,426.6096,340.5594,286.8659,422.4703,
Dyal Singh College,B.Sc (Hons.) Computer Science,634.4488,535.0065,457.5342,303.2754,574.4847,436.1484
Dyal Singh College,B.A. (Hons.) Philosophy,637.733,491.7297,442.7572,330.898,447.4506,
Dyal Singh College,B.A. (Hons.) Punjabi,431.6762,265.7859,193.929,172.8048,90.3251,
Dyal Singh College,B.A. (Hons.) Urdu,182.1028,174.8665,232.903,233.4726,190.8363,
Dyal Singh College,B.A. (Hons.) Sanskrit,373.9108,218.7675,93.7488,,220.8274,
Dyal Singh College,B.A Program (Bengali + Geography),454.2876,,208.5559,,,
Dyal Singh College,B.A Program (Bengali + History),293.7606,,229.6124,182.0217,,
Dyal Singh College,B.A Program (Bengali + Political Science),233.7566,,214.1253,,,
Dyal Singh College,B.A Program (English + Economics),737.2142,599.6364,533.2836,,608.1999,
Dyal Singh College,B.A Program (English + History),699.7042,574.7334,556.1596,,588.5342,
Dyal Singh College,B.A Program (English + Political Science),723.5342,632.8647,580.1724,585.9811,611.9547,
Dyal Singh College,B.A Program (Hindi + Geography),631.7206,535.6891,525.3085,,603.1916,
Dyal Singh College,B.A Program (Hindi + History),614.2155,529.8754,447.2229,,439.6099,
Dyal Singh College,B.A Program (Hindi + Political Science),630.3114,532.3622,549.904,333.1087,459.0587,
Dyal Singh College,B.A Program (Punjabi + Economics),554.116,396.3265,341.4103,,,
Dyal Singh College,B.A Program (Punjabi + History),411.8434,275.001,211.9366,,,
Dyal Singh College,B.A Program (Punjabi + Political Science),519.6497,144.3773,329.9048,,,
Dyal Singh College,B.A Program (Sanskrit + Geography),476.5803,319.2885,242.9469,,223.6885,
Dyal Singh College,B.A Program (Sanskrit + History),441.1484,355.9424,138.817,,164.3988,
Dyal Singh College,B.A Program (Sanskrit + Political Science),459.259,340.6742,424.7512,,,
Dyal Singh College,B.A Program (Urdu + Economics),561.6296,359.7319,,,,
Dyal Singh College,B.A Program (Urdu + History),474.9146,286.4959,,,,
Dyal Singh College,B.A Program (Urdu + Political Science),485.1823,350.9167,249.9538,,,
Dyal Singh College,B.A Program (Commerce + Economics),749.8095,630.2882,527.122,420.2844,700.5433,222.2226
Dyal Singh College,B.A Program (Economics + Geography),710.3153,630.5213,621.3394,,,
Dyal Singh College,B.A Program (Economics + History),710.6401,630.5571,544.6597,,605.2157,
Dyal Singh College,B.A Program (Economics + Mathematics),717.2194,493.9028,380.009,82.2668,536.2932,
Dyal Singh College,B.A Program (Economics + Philosophy),706.1849,607.4593,495.6616,,543.7837,
Dyal Singh College,B.A Program (Economics + Political Science),719.6467,661.9081,576.7096,,,
Dyal Singh College,B.A Program (Geography + History),704.3926,629.9957,601.8649,606.1529,,
Dyal Singh College,B.A Program (Geography + Mathematics),591.3588,504.4074,404.7057,,385.0561,
Dyal Singh College,B.A Program (Geography + Political Science),710.748,660.7075,567.3696,,,
Dyal Singh College,B.A Program (History + Philosophy),680.3096,535.8298,483.4184,416.3318,502.209,375.0396
Dyal Singh College,B.A Program (History + Political Science),726.7622,644.2197,550.101,548.8817,,307.5716
Dyal Singh College,B.A Program (Philosophy + Political Science),676.5124,565.0866,494.9877,458.4286,525.0306,
Dyal Singh College (Evening),B.A. (Hons.) English,596.722,436.0746,398.1721,343.2495,412.521,
Dyal Singh College (Evening),B.A. (Hons.) Political Science,589.859,478.6277,412.9872,388.7856,361.8105,
Dyal Singh College (Evening),B.Com,689.5809,537.0094,418.5556,131.3254,580.4263,
Dyal Singh College (Evening),B.Com (Hons.),724.4217,600.0764,497.6018,158.4591,634.7558,363.3525
Dyal Singh College (Evening),B.A Program (Computer Applications + Economics),574.9475,407.7431,292.8339,120.7298,368.3273,
Dyal Singh College (Evening),B.A Program (Human Resource Management (HRM) + Economics),615.005,436.5231,359.9694,177.2571,463.9582,
Dyal Singh College (Evening),B.A. (Hons.) History,565.264,435.2037,403.848,346.458,367.3499,
Dyal Singh College (Evening),B.A Program (Entrepreneurship and Small Business (ESB) + History),564.7369,404.7884,322.6381,304.5709,378.3008,
Dyal Singh College (Evening),B.A Program (Entrepreneurship and Small Business (ESB) + Political Science),562.2184,426.8035,347.5745,159.6057,362.8811,
Dyal Singh College (Evening),B.A Program (Economics + Political Science),595.948,427.9182,382.9149,263.1895,359.0008,
Dyal Singh College (Evening),B.A Program (History + Political Science),572.0226,449.3235,404.2633,437.6105,362.8022,
Dyal Singh College (Evening),B.A Program (Tamil + Political Science),109.11,,,,,
Dyal Singh College (Evening),B.A Program (Punjabi + History),227.7456,206.3932,,,,
Dyal Singh College (Evening),B.A Program (Sanskrit + History),291.8743,139.8086,,,191.4025,
Dyal Singh College (Evening),B.A Program (Urdu + History),323.5514,154.3257,,,,
Dyal Singh College (Evening),B.A Program (Economics + Mathematics),579.3109,349.5745,217.4875,,310.3975,
Gargi College (W),B.A. (Hons.) Applied Psychology,841.9892,716.2009,662.6798,642.1558,708.1734,561.8547
Gargi College (W),B.A. (Hons.) English,759.4802,648.1061,591.9748,593.3119,655.7625,213.7122
Gargi College (W),B.A. (Hons.) Hindi,389.9838,237.0552,267.915,,196.2491,
Gargi College (W),B.A. (Hons.) History,759.1828,693.5794,610.4095,590.579,678.625,
Gargi College (W),B.A. (Hons.) Philosophy,710.2077,562.8008,454.1742,362.176,537.7027,
Gargi College (W),B.A. (Hons.) Political Science,800.8075,725.8787,649.1896,609.3178,724.6894,211.1377
Gargi College (W),B.A. (Hons.) Sanskrit,304.5748,124.0881,182.1146,,171.118,
Gargi College (W),B.Com,789.575,676.8952,579.3764,425.5743,721.7058,
Gargi College (W),B.Com (Hons.),820.3777,729.4531,639.0936,528.0696,765.2895,455.9199
Gargi College (W),B.Sc (Hons.) Botany,530.347,466.1954,391.8366,349.8694,471.1993,205.7387
Gargi College (W),B.Sc (Hons.) Chemistry,401.9479,333.8962,231.2723,119.845,320.3564,
Gargi College (W),B.Sc (Hons.) Microbiology,595.6281,524.8683,472.7387,426.5384,545.2442,346.3162
Gargi College (W),B.Sc (Hons.) Mathematics,646.9267,489.0524,392.1708,283.5038,499.4702,
Gargi College (W),B.Sc (Hons.) Physics,405.9843,322.9547,212.3987,142.84,322.3676,
Gargi College (W),B.Sc (Hons.) Zoology,558.2781,502.9555,436.0304,379.1323,497.7049,263.835
Gargi College (W),B.Sc (Prog.) Life Science,519.168,454.0708,366.1877,306.4799,461.0748,76.2855
Gargi College (W),B.Sc (Prog.) Physical Science with Chemistry,295.0922,219.8833,122.539,98.8299,249.6651,
Gargi College (W),B.A. (Hons.) Economics,782.1793,569.0359,457.3197,173.4801,617.8833,
Gargi College (W),B.A. (Hons.) Business Economics,469.1585,327.0847,265.8922,216.2694,354.2928,
Gargi College (W),Bachelor of Elementary Education (B.El.Ed.),664.54,548.5297,568.5444,426.3323,491.2494,116.8996
Gargi College (W),B.A Program (English + German),614.3423,418.921,426.015,194.334,319.147,
Gargi College (W),B.A Program (English + History),750.6784,658.7534,614.144,614.0503,,
Gargi College (W),B.A Program (English + Philosophy),721.3802,616.6133,536.2333,,608.4562,
Gargi College (W),B.A Program (English + Psychology),804.6392,679.1211,664.0431,621.1803,670.5863,250.6081
Gargi College (W),B.A Program (German + History),557.3911,381.0536,336.6295,,300.2482,
Gargi College (W),B.A Program (German + Political Science),610.446,290.3873,317.3306,431.0024,426.5302,
Gargi College (W),B.A Program (Hindi + History),641.7626,569.3263,486.2555,384.7599,541.9161,
Gargi College (W),B.A Program (Hindi + Political Science),659.237,560.2569,474.3765,316.633,569.9889,418.1666
Gargi College (W),B.A Program (Computer Applications + Economics),778.9051,588.0426,579.882,,592.1179,
Gargi College (W),B.A Program (Computer Applications + Entrepreneurship and Small Business (ESB)),697.7873,485.4039,426.8335,315.9914,475.7729,
Gargi College (W),B.A Program (Computer Applications + Mathematics),687.2195,493.0843,467.9016,,535.6128,
Gargi College (W),B.A Program (Economics + Entrepreneurship and Small Business (ESB)),760.1293,630.8293,607.6395,473.6762,659.8438,
Gargi College (W),B.A Program (Economics + Mathematics),764.7883,562.7173,,,633.7676,
Gargi College (W),B.A Program (Economics + Political Science),778.6709,704.9118,625.1532,596.9839,692.0122,
Gargi College (W),B.A Program (Economics + Psychology),818.5176,658.5095,610.6757,603.5513,690.3046,
Gargi College (W),B.A Program (Entrepreneurship and Small Business (ESB) + Mathematics),706.4852,442.5057,392.0588,,488.5433,
Gargi College (W),B.A Program (History + Philosophy),719.6659,649.7125,552.3548,,574.0084,
Gargi College (W),B.A Program (History + Political Science),751.2974,689.695,594.077,574.3012,683.4514,563.9215
Gargi College (W),B.A Program (Philosophy + Political Science),721.1366,633.1194,535.3696,561.2806,633.7907,
Gargi College (W),B.A Program (Philosophy + Psychology),801.958,644.3654,649.5923,,636.975,
Hansraj College,B.A. (Hons.) Economics,845.4815,706.0213,628.4922,491.8083,753.3796,460.7887
Hansraj College,B.A. (Hons.) English,832.3889,753.7079,699.881,675.441,760.6863,582.1041
Hansraj College,B.A. (Hons.) Hindi,630.1997,533.2023,539.5952,367.2177,453.0666,344.577
Hansraj College,B.A. (Hons.) History,855.762,814.0216,760.4815,762.0373,826.1097,607.2445
Hansraj College,B.A. (Hons.) Sanskrit,169.9618,427.096,299.1057,266.3624,425.0103,
Hansraj College,B.Com (Hons.),881.8745,810.3507,747.2147,693.4879,841.8289,661.0046
Hansraj College,B.Sc (Prog.) Life Science,613.5289,551.3307,488.6672,453.0986,571.711,291.9247
Hansraj College,B.Sc (Prog.) Physical Science with Chemistry,420.5521,362.3441,282.9979,188.0703,380.9658,
Hansraj College,B.Sc (Prog.) Physical Science with Computer Science/ Informatics Practices,479.9734,409.5419,321.5784,198.6585,453.3107,109.5296
Hansraj College,B.Sc (Hons.) Anthropology,588.5832,524.2046,472.6147,432.1596,504.2349,262.3922
Hansraj College,B.Sc (Hons.) Botany,607.4795,557.8323,473.2224,446.2439,568.8091,236.6309
Hansraj College,B.Sc (Hons.) Chemistry,484.5429,423.3539,344.368,216.8082,438.0144,
Hansraj College,B.Sc (Hons.) Computer Science,767.0982,673.5133,624.2382,476.534,724.7987,472.4946
Hansraj College,B.Sc (Hons.) Electronics,494.2535,411.1517,320.8741,232.6309,445.2468,
Hansraj College,B.Sc (Hons.) Geology,581.0632,503.1497,413.2498,389.1396,487.2081,151.9062
Hansraj College,B.Sc (Hons.) Mathematics,770.3903,647.8553,560.3535,473.0712,640.0408,357.4369
Hansraj College,B.Sc (Hons.) Physics,516.9422,447.5225,368.7721,215.3929,462.4092,90.8744
Hansraj College,B.Sc (Hons.) Zoology,629.4629,596.434,523.0011,475.5735,610.4891,404.0266
Hansraj College,B.A Program (Economics + History),826.7395,759.6245,702.5323,682.462,782.0043,555.4743
Hansraj College,B.A Program (Commerce + Economics),855.7129,766.3639,693.7816,650.5453,809.0957,625.0008
Hansraj College,B.A. (Hons.) Philosophy,809.2728,717.0591,646.1463,589.8245,734.3757,467.1049
Hansraj College,B.A Program (Hindi + Physical Education),674.2702,593.3995,535.276,504.7533,593.332,413.0472
Hansraj College,B.A Program (Philosophy + Physical Education),725.3592,658.1533,610.2912,555.6244,616.6086,406.1178
Hansraj College,B.A Program (Sanskrit + Philosophy),606.4895,498.3302,335.8281,,502.0298,
Hindu College,B.A. (Hons.) English,866.2761,809.3886,765.9337,767.7377,836.1281,623.5509
Hindu College,B.A. (Hons.) Economics,868.6259,758.9671,690.4364,592.6613,790.182,573.5256
Hindu College,B.A. (Hons.) Hindi,737.0277,673.982,647.74,436.4035,611.4417,508.1989
Hindu College,B.A. (Hons.) History,894.2652,866.3194,815.9288,851.8842,863.7131,698.6569
Hindu College,B.A. (Hons.) Political Science,929.6695,902.5992,870.1119,879.3511,900.5238,843.7786
Hindu College,B.A. (Hons.) Sanskrit,469.7546,116.186,380.5781,162.4802,536.3367,276.2747
Hindu College,B.A. (Hons.) Sociology,872.3665,825.0879,760.7305,771.6425,804.5698,609.4818
Hindu College,B.A. (Hons.) Philosophy,845.9703,772.2367,698.5626,630.1918,764.7779,518.5888
Hindu College,B.Com (Hons.),892.15,824.6667,766.8482,718.928,852.3314,703.0682
Hindu College,B.Sc (Hons.) Physics,545.0038,490.8822,382.399,260.6409,515.8001,67.495
Hindu College,B.Sc (Hons.) Chemistry,526.0718,464.2259,377.6295,257.0607,460.3628,173.0888
Hindu College,B.Sc (Hons.) Botany,641.6846,610.4468,512.3557,510.9617,604.9856,406.5555
Hindu College,B.Sc (Hons.) Zoology,663.5137,628.5321,580.0535,519.9269,631.458,476.0812
Hindu College,B.Sc (Hons.) Mathematics,800.3441,693.4165,617.8438,550.4479,695.5118,405.236
Hindu College,B.Sc (Hons.) Statistics,829.9634,715.5685,606.4918,457.0898,714.3684,303.2248
Hindu College,B.Sc (Prog.) Physical Science with Electronics,432.1942,375.9289,289.0774,176.3309,376.9239,
Hindu College,B.Sc (Prog.) Physical Science with Chemistry,438.6056,372.4283,303.0434,220.0437,365.5634,
Hindu College,B.A Program (English + Economics),874.8318,818.7612,771.8958,865.5884,816.2841,760.8435
Hindu College,B.A Program (Hindi + Philosophy),792.642,722.8727,696.178,542.327,706.217,573.7348
Hindu College,B.A Program (Sanskrit + Political Science),790.1132,730.4319,602.8637,635.4524,720.6013,538.4618
Hindu College,B.A Program (History + Political Science),915.5868,879.0745,837.2681,913.6177,872.0909,814.6197
Indraprastha College for Women (W),B.A. (Hons.) Economics,770.8596,581.3341,480.2523,106.0924,626.8568,
Indraprastha College for Women (W),B.A. (Hons.) English,768.766,654.4276,614.7011,582.3669,669.595,279.9378
Indraprastha College for Women (W),B.A. (Hons.) Hindi,376.353,182.8175,245.6168,324.2561,162.1135,125.6158
Indraprastha College for Women (W),B.A. (Hons.) History,778.2443,717.1182,618.6984,622.2052,702.9902,208.8513
Indraprastha College for Women (W),B.A. (Hons.) Philosophy,696.6207,579.1405,456.2638,415.0825,550.9475,
Indraprastha College for Women (W),B.A. (Hons.) Political Science,807.4982,745.1395,664.1761,651.6903,749.3458,425.2198
Indraprastha College for Women (W),B.A. (Hons.) Psychology,858.7465,742.3188,726.6556,716.9511,773.5618,519.637
Indraprastha College for Women (W),B.A. (Hons.) Sanskrit,316.3396,200.0612,151.0593,,119.7292,
Indraprastha College for Women (W),B.Com (Hons.),825.1897,739.3088,649.9033,553.9273,782.42,375.7006
Indraprastha College for Women (W),B.Sc (Hons.) Computer Science,661.7392,559.1753,529.43,348.4805,587.4036,
Indraprastha College for Women (W),B.Sc (Hons.) Mathematics,635.7567,490.5447,369.0875,233.6841,496.3033,
Indraprastha College for Women (W),B.A. (Hons.) Geography,796.5084,724.4113,657.2363,645.7967,708.6955,333.7253
Indraprastha College for Women (W),B.A. (Hons.) Sociology,757.8897,675.6683,599.1547,591.5135,643.0412,361.1698
Indraprastha College for Women (W),B.A. (Hons.) Multi Media and Mass Communication,509.2125,434.5609,385.0633,312.7942,452.7142,140.8518
Indraprastha College for Women (W),B.A Program (English + History),746.6807,699.614,601.6776,612.328,,268.9115
Indraprastha College for Women (W),B.A Program (English + Political Science),766.018,711.8851,632.8592,579.3898,,335.5889
Indraprastha College for Women (W),B.A Program (Hindi + History),689.9964,604.1054,510.5593,537.0347,612.1703,360.1782
Indraprastha College for Women (W),B.A Program (Hindi + Political Science),716.1141,662.4745,492.3061,447.4194,601.0019,211.8159
Indraprastha College for Women (W),B.A Program (Sanskrit + Philosophy),460.8447,320.1744,294.6317,,,
Indraprastha College for Women (W),B.A Program (Computer Applications + Mathematics),651.0681,470.4552,418.8964,332.8795,525.8655,
Indraprastha College for Women (W),B.A Program (Economics + Mathematics),757.8339,585.7652,418.4524,406.2212,615.1906,
Indraprastha College for Women (W),B.A Program (Economics + Political Science),783.2418,712.1517,621.537,641.3834,,232.6402
Indraprastha College for Women (W),B.A Program (History + Philosophy),740.2495,679.0459,533.5554,529.5848,608.2072,
Indraprastha College for Women (W),B.A Program (History + Political Science),772.9124,716.8858,639.9742,638.853,725.3142,258.9829
Indraprastha College for Women (W),B.A Program (Human Development and Family Empowerment (HDFE) + Psychology),778.6828,613.5706,586.5414,536.034,596.9641,
Indraprastha College for Women (W),B.A Program (Computer Applications + Economics),733.0206,595.8684,392.3518,,596.1222,
Indraprastha College for Women (W),B.A Program (Sanskrit + History),532.637,380.4322,262.4486,,303.2999,
Indraprastha College for Women (W),B.A Program (Philosophy + Psychology),778.4027,669.8603,598.7373,547.0366,,
Indraprastha College for Women (W),B.A Program (Sanskrit + Political Science),599.6,359.7386,165.9616,,,
Indraprastha College for Women (W),B.A Program (Human Development and Family Empowerment (HDFE) + Philosophy),675.0593,566.5622,394.6063,,383.1702,
Indraprastha College for Women (W),B.A Program (Human Development and Family Empowerment (HDFE) + Hindi),637.6648,421.4984,369.5242,,550.1612,
Indraprastha College for Women (W),B.A Program (Commerce + Economics),810.4694,707.2069,616.8388,492.0382,706.0823,
Indraprastha College for Women (W),B.A Program (Geography + English),758.4775,707.4381,592.596,605.9329,667.0326,
Indraprastha College for Women (W),B.A Program (Hindi + Geography),691.677,631.9191,478.7314,416.0213,,
Indraprastha College for Women (W),B.A Program (Geography + History),787.4169,710.1647,,603.3355,679.7826,
Indraprastha College for Women (W),B.A Program (Geography + Political Science),780.4379,723.5672,624.4355,595.2404,,
Indraprastha College for Women (W),B.A Program (Sanskrit + Geography),501.041,441.2097,,,,
Indraprastha College for Women (W),B.A Program (Human Development and Family Empowerment (HDFE) + Sociology),684.2559,570.481,500.5348,,609.166,
Indraprastha College for Women (W),B.A Program (History + Sociology),756.6777,707.4376,576.8867,,642.9359,
Indraprastha College for Women (W),B.A Program (Philosophy + Sociology),722.4785,597.6313,538.7233,,629.6446,
Indraprastha College for Women (W),B.A Program (Psychology + Sociology),816.2569,713.3286,621.4296,,645.2071,
Indraprastha College for Women (W),B.A Program (Commerce + Mathematics),738.7436,500.448,356.855,240.4254,548.618,
Indraprastha College for Women (W),B.A Program (English + Human Development and Family Empowerment (HDFE)),678.6078,576.8889,479.4511,526.826,589.2686,72.8304
Indraprastha College for Women (W),B.A Program (Hindi + Psychology),746.7319,577.8363,495.0222,436.2697,,
Indraprastha College for Women (W),B.A Program (Commerce + Psychology),771.5376,683.563,588.9954,500.0104,,
Indraprastha College for Women (W),B.A Program (Commerce + Computer Applications),723.3269,531.5214,387.2782,511.5615,561.9047,
Institute of Home Economics (W),B.Sc (Pass) Home Science,512.2605,377.5572,312.9622,177.4921,273.7388,
Institute of Home Economics (W),B.Sc (Hons.) Home Science,390.8363,309.5955,246.5062,182.3668,287.6641,
Institute of Home Economics (W),B.Sc (Hons.) Microbiology,536.2149,458.6109,368.2745,320.5291,444.1254,200.435
Institute of Home Economics (W),B.Sc (Hons.) Bio-Chemistry,540.6102,457.1675,387.3376,316.7758,446.0502,321.0387
Institute of Home Economics (W),B.A. (Hons.) Journalism,678.473,524.5097,444.611,386.8434,517.5774,
Institute of Home Economics (W),B.Sc (Hons.) Food Technology,499.8723,424.5759,352.1681,299.4155,420.4033,
Institute of Home Economics (W),Bachelor of Elementary Education (B.El.Ed.),604.583,503.7778,496.809,349.9105,458.523,
Janki Devi Memorial College (W),B.Com,680.7917,507.8303,403.4691,105.8286,546.006,
Janki Devi Memorial College (W),B.Com (Hons.),718.9785,549.3084,459.5349,207.5259,580.6392,
Janki Devi Memorial College (W),B.A. (Hons.) Economics,657.0533,355.4051,269.8072,,364.0369,
Janki Devi Memorial College (W),B.A. (Hons.) English,638.6789,473.1529,466.7614,412.287,459.4684,267.0763
Janki Devi Memorial College (W),B.A. (Hons.) Hindi,235.8576,157.8397,72.6172,,,
Janki Devi Memorial College (W),B.A. (Hons.) History,613.9903,441.88,402.7795,340.7171,326.8601,412.3669
Janki Devi Memorial College (W),B.Sc (Hons.) Mathematics,478.7652,343.4711,234.7738,117.3386,350.3095,
Janki Devi Memorial College (W),B.A. (Hons.) Philosophy,572.316,395.6236,340.5079,266.3025,364.2167,
Janki Devi Memorial College (W),B.A. (Hons.) Political Science,649.1863,534.5638,461.0829,388.0135,384.733,
Janki Devi Memorial College (W),B.A. (Hons.) Sanskrit,264.263,,,,,
Janki Devi Memorial College (W),B.A. (Hons.) Sociology,614.6308,445.3217,425.8557,436.3293,318.6915,
Janki Devi Memorial College (W),B.A Program (English + Economics),655.0579,485.9516,462.1692,354.5484,480.5928,
Janki Devi Memorial College (W),B.A Program (English + History),627.6377,485.0508,507.4519,473.1967,447.0407,
Janki Devi Memorial College (W),B.A Program (English + Philosophy),645.3874,494.8695,418.778,460.1101,433.0794,
Janki Devi Memorial College (W),B.A Program (Hindi + History),512.9701,375.8571,377.1614,,238.7578,
Janki Devi Memorial College (W),B.A Program (Hindi + Music),472.0405,370.4768,372.7115,441.5213,208.5903,
Janki Devi Memorial College (W),B.A Program (Sanskrit + History),218.2438,164.1277,143.8312,,,
Janki Devi Memorial College (W),B.A Program (Sanskrit + HDFE),332.0006,,,,,
Janki Devi Memorial College (W) Janki Devi Memorial College (W),B.A Program (Sanskrit + Music) B.A Program (Sanskrit + Philosophy),350.8785,,,,,
Janki Devi Memorial College (W),B.A Program (Sanskrit + Political Science),397.7904,,,,,
Janki Devi Memorial College (W),B.A Program (Economics + History),597.5769,449.6227,413.6553,465.1129,350.8914,
Janki Devi Memorial College (W),B.A Program (Economics + HDFE),628.4096,375.2599,326.8688,193.4195,385.6782,
Janki Devi Memorial College (W),B.A Program (Economics + Mathematics),624.677,377.2495,209.1381,,336.1362,
Janki Devi Memorial College (W),B.A Program (Economics + Political Science),630.6395,520.2319,425.2111,332.2905,401.045,
Janki Devi Memorial College (W),B.A Program (History + Music),512.8356,375.3001,241.6008,,334.6495,
Janki Devi Memorial College (W),B.A Program (History + Philosophy),573.9807,422.9143,385.6511,201.3042,411.1994,
Janki Devi Memorial College (W),B.A Program (History + Political Science),587.5962,440.5076,399.912,424.9468,320.923,
Janki Devi Memorial College (W),B.A Program (Music + Political Science),553.9743,322.7696,356.69,,,
Janki Devi Memorial College (W),B.A Program (Philosophy + Political Science),576.9577,410.2971,377.3463,84.2414,318.5799,
Janki Devi Memorial College (W),B.A Program (Human Development and Family Empowerment (HDFE) + Political Science),542.8003,363.5998,271.9764,222.7458,316.8875,
Janki Devi Memorial College (W),B.A Program (Human Development and Family Empowerment (HDFE) + Philosophy),562.7767,405.1223,325.2489,143.6673,328.3539,
Janki Devi Memorial College (W),B.A Program (Hindi + Political Science),539.2771,411.7926,375.126,230.9199,303.6961,
Janki Devi Memorial College (W),B.A Program (English + Mathematics),594.7008,437.9577,347.1489,,361.9864,
Janki Devi Memorial College (W),B.A Program (Economics + Music),596.3579,424.7937,353.7807,169.6142,323.2156,
Janki Devi Memorial College (W),B.A Program (Economics + Philosophy),608.1126,420.7805,337.7305,166.7005,398.6415,
Janki Devi Memorial College (W),B.A Program (Music + Philosophy),587.3656,429.3372,308.9006,272.0188,,
Jesus & Mary College (W),B.A. (Hons.) English,751.1658,,,,,452.5083
Jesus & Mary College (W),B.A. (Hons.) Economics,801.7608,,,,,597.3008
Jesus & Mary College (W),B.A. (Hons.) Hindi,339.2304,,,,,
Jesus & Mary College (W),B.A. (Hons.) History,759.2504,,,,,308.2723
Jesus & Mary College (W),B.A. (Hons.) Political Science,817.499,,,,,543.5653
Jesus & Mary College (W),B.A. (Hons.) Psychology,879.0301,,,,,605.9268
Jesus & Mary College (W),B.A. (Hons.) Sociology,747.3128,,,,,
Jesus & Mary College (W),B.Com,809.9923,,,,,
Jesus & Mary College (W),B.Com (Hons.),829.895,,,,,277.1496
Jesus & Mary College (W),B.Sc (Hons.) Mathematics,647.2814,,,,,
Jesus & Mary College (W),Bachelor of Elementary Education (B.El.Ed.),658.9644,,,,,478.5283
Jesus & Mary College (W),B.Voc Retail Management and IT,647.8864,,,,,
Jesus & Mary College (W),B.Voc Health Care Management,639.5548,,,,,
Jesus & Mary College (W),B.A Program (English + French),612.9439,,,,,
Jesus & Mary College (W),B.A Program (English + History),724.6451,,,,,
Jesus & Mary College (W),B.A Program (French + Philosophy),500.4478,,,,,
Jesus & Mary College (W),B.A Program (Spanish + History),485.4826,,,,,
Jesus & Mary College (W),"B.A Program (Spanish + Advertising, Sales Promotion and Sales Management (ASPSM))",480.1571,,,,,
Jesus & Mary College (W),B.A Program (Computer Applications + Mathematics),657.9975,,,,,
Jesus & Mary College (W),B.A Program (Economics + Mathematics),761.5565,,,,,
Jesus & Mary College (W),B.A Program (History + Political Science),753.3816,,,,,662.144
Jesus & Mary College (W),B.A Program (Philosophy + Psychology),784.7784,,,,,
Jesus & Mary College (W),B.A Program (Psychology + Sociology),820.4537,,,,,453.2661
Jesus & Mary College (W),B.A Program (Political Science + Sociology),739.1777,,,,,368.3037
Jesus & Mary College (W),"B.A Program (Advertising, Sales Promotion and Sales Management (ASPSM) + Economics)",743.7617,,,,,620.6576
Jesus & Mary College (W),B.A Program (Computer Applications + Economics),726.7957,,,,,
Jesus & Mary College (W),B.A Program (Economics + Human Resource Management (HRM)),763.6197,,,,,
Jesus & Mary College (W),B.A Program (English + Sociology),706.0976,,,,,464.0438
Jesus & Mary College (W),B.A Program (English + Philosophy),704.757,,,,,
Jesus & Mary College (W),B.A Program (Human Resource Management (HRM) + Psychology),804.13,,,,,381.8909
Kalindi College (W),B.Sc (Hons.) Botany,494.5078,428.6948,349.7095,312.2714,423.9179,213.7991
Kalindi College (W),B.Sc (Hons.) Zoology,517.4578,457.0655,384.2967,336.2475,436.0689,
Kalindi College (W),B.Com,685.6755,515.2757,402.7031,244.4864,558.4463,364.3313
Kalindi College (W),B.Com (Hons.),750.2674,601.9603,505.5384,393.0009,620.0098,
Kalindi College (W),B.A. (Hons.) Economics,656.0336,377.4298,265.9453,,392.2822,
Kalindi College (W),B.A. (Hons.) English,641.0679,490.7274,441.9326,376.0772,458.6699,
Kalindi College (W),B.A. (Hons.) Hindi,220.1195,203.7874,156.1778,,,
Kalindi College (W),B.A. (Hons.) History,616.7535,485.7015,434.7249,353.6345,359.0264,
Kalindi College (W),B.A. (Hons.) Journalism,678.6822,516.9552,475.0154,425.2459,508.6493,
Kalindi College (W),B.A. (Hons.) Political Science,647.0747,540.6665,459.9102,391.1578,426.7439,
Kalindi College (W),B.A. (Hons.) Sanskrit,212.7912,133.3062,,,,
Kalindi College (W),B.Sc (Prog.) Life Science,477.5142,403.961,326.246,264.6477,405.361,
Kalindi College (W),B.Sc (Prog.) Physical Science with Computer Science/ Informatics Practices,280.9281,200.246,103.0668,,222.6942,
Kalindi College (W),B.Sc (Hons.) Computer Science,579.8011,470.835,391.5038,239.8949,504.3921,
Kalindi College (W),B.Sc (Hons.) Mathematics,533.7498,393.6277,289.6327,,410.093,
Kalindi College (W),B.Sc (Hons.) Physics,319.5038,245.7456,144.422,87.1611,235.2324,
Kalindi College (W),B.A. (Hons.) Geography,655.051,568.6607,463.2764,488.1902,455.6452,
Kalindi College (W),B.Sc (Hons.) Chemistry,331.9032,262.3524,167.077,78.8522,258.1566,
Kalindi College (W),B.A Program (Sanskrit + Buddhist Studies),251.9608,,,,,
Kalindi College (W),B.A Program (Sanskrit + History),141.6958,,,,,
Kalindi College (W),B.A Program (Sanskrit + Music),457.3576,,,,,
Kalindi College (W),B.A Program (Sanskrit + Political Science),251.5944,,,,,
Kalindi College (W),B.A Program (Buddhist Studies + Music),554.7997,379.9049,388.1912,,,
Kalindi College (W),B.A Program (Buddhist Studies + History),592.6931,420.0997,467.4139,,335.2557,
Kalindi College (W),B.A Program (Buddhist Studies + Political Science),559.2831,437.161,352.038,356.0708,300.9611,
Kalindi College (W),B.A Program (Computer Applications + Economics),628.2736,421.5397,280.57,,426.0599,
Kalindi College (W),B.A Program (Computer Applications + Entrepreneurship and Small Business (ESB)),577.1598,446.03,384.3442,318.9029,359.6169,
Kalindi College (W),B.A Program (Computer Applications + Geography),546.0044,428.8374,363.4677,353.1057,350.6018,
Kalindi College (W),B.A Program (Computer Applications + Mathematics),595.1337,422.9409,307.8331,,451.6452,
Kalindi College (W),B.A Program (Economics + Entrepreneurship and Small Business (ESB)),685.6028,480.854,450.3931,275.4688,549.0341,
Kalindi College (W),B.A Program (Economics + Geography),602.2326,479.9586,381.6642,468.5912,393.8326,
Kalindi College (W),B.A Program (Economics + History),605.5849,437.2653,375.0526,273.1538,306.101,
Kalindi College (W),B.A Program (Economics + Mathematics),646.8497,415.0772,262.3901,,361.822,
Kalindi College (W),B.A Program (Economics + Political Science),605.1458,470.4689,387.1302,375.2188,391.9135,
Kalindi College (W),B.A Program (Entrepreneurship and Small Business (ESB) + History),587.6239,395.6297,324.521,,,
Kalindi College (W),B.A Program (Entrepreneurship and Small Business (ESB) + Geography),587.7341,446.7351,332.5321,,401.3886,
Kalindi College (W),B.A Program (Entrepreneurship and Small Business (ESB) + Mathematics),587.0614,362.9356,231.1405,,284.3455,
Kalindi College (W),B.A Program (Entrepreneurship and Small Business (ESB) + Political Science),605.069,458.2604,339.2774,273.0976,359.6252,
Kalindi College (W),B.A Program (Geography + History),673.374,565.1,441.0602,524.0971,485.9556,
Kalindi College (W),B.A Program (Geography + Mathematics),557.8423,411.1692,405.6592,196.3211,300.0584,
Kalindi College (W),B.A Program (Geography + Political Science),658.4384,559.5013,446.4238,447.0878,535.8013,
Kalindi College (W),B.A Program (History + Music),521.1041,322.0537,261.7627,,,
Kalindi College (W),B.A Program (History + Political Science),638.7383,539.2268,434.7403,529.9664,421.8982,
Kalindi College (W),B.A Program (Music + Political Science),516.564,336.4854,285.0276,324.7198,358.0689,
Kamala Nehru College (W),B.Com,765.7492,640.8738,524.7708,168.3893,684.0694,
Kamala Nehru College (W),B.Com (Hons.),798.2191,697.8845,598.8461,504.1346,732.3689,
Kamala Nehru College (W),B.A. (Hons.) Journalism,737.8019,591.2261,510.5149,492.9328,601.2586,
Kamala Nehru College (W),B.A. (Hons.) English,726.3387,600.9367,534.039,528.8299,613.1538,
Kamala Nehru College (W),B.A. (Hons.) Hindi,250.3989,222.1682,161.7767,246.3272,,
Kamala Nehru College (W),B.A. (Hons.) History,729.4369,631.9157,557.689,561.5165,636.1628,
Kamala Nehru College (W),B.A. (Hons.) Economics,745.1907,496.6407,366.3217,,550.7608,
Kamala Nehru College (W),B.A. (Hons.) Political Science,750.3738,679.4358,588.7763,580.0711,662.3561,
Kamala Nehru College (W),B.A. (Hons.) Philosophy,665.4811,469.8252,392.4249,328.8537,442.1441,
Kamala Nehru College (W),B.A. (Hons.) Psychology,840.3002,702.7873,686.1895,679.0469,687.016,480.7741
Kamala Nehru College (W),B.A. (Hons.) Geography,737.5176,651.0337,554.2018,574.1436,637.9712,
Kamala Nehru College (W),B.Sc (Hons.) Mathematics,582.5568,441.511,319.827,181.1287,446.1189,
Kamala Nehru College (W),B.A. (Hons.) Sanskrit,211.8566,197.6249,192.0895,,153.8775,
Kamala Nehru College (W),B.A. (Hons.) Sociology,712.3442,585.5321,517.5793,522.7643,565.02,215.6863
Kamala Nehru College (W),"B.A Program (English + Advertising, Sales Promotion and Sales Management (ASPSM))",689.2003,547.6188,477.8619,395.8027,534.5725,
Kamala Nehru College (W),B.A Program (English + Psychology),780.5213,634.4505,610.8974,619.3332,620.9776,
Kamala Nehru College (W),B.A Program (Hindi + Sanskrit),444.0426,268.0209,216.6807,,,
Kamala Nehru College (W),B.A Program (Sanskrit + Physical Education),283.4658,,,,,
Kamala Nehru College (W),"B.A Program (Advertising, Sales Promotion and Sales Management (ASPSM) + Economics)",726.4519,596.8979,496.6452,412.0873,520.4105,
Kamala Nehru College (W),B.A Program (Economics + Mathematics),728.5297,544.7001,321.7548,,486.2345,
Kamala Nehru College (W),B.A Program (Economics + Sociology),731.1269,585.5852,514.4998,573.6862,525.1001,
Kamala Nehru College (W),B.A Program (Geography + History),715.7199,620.9529,536.6361,,618.019,
Kamala Nehru College (W),B.A Program (Geography + Political Science),731.052,651.1158,548.635,596.9923,622.5406,
Kamala Nehru College (W),B.A Program (History + Physical Education),675.5399,544.5341,448.8966,,518.2927,
Kamala Nehru College (W),B.A Program (History + Political Science),743.4989,625.7725,563.1051,545.0969,670.6527,
Kamala Nehru College (W),B.A Program (Human Resource Management (HRM) + Physical Education),629.8396,475.1199,407.46,340.2461,466.2778,198.3412
Kamala Nehru College (W),B.A Program (Mathematics + Philosophy),618.2983,356.2855,304.7218,,332.4508,
Kamala Nehru College (W),B.A Program (Philosophy + Sociology),676.0074,541.7551,513.1005,436.7904,510.0752,
Kamala Nehru College (W),B.A Program (Psychology + Sociology),813.1624,679.2876,609.3472,555.1231,593.3857,
Kamala Nehru College (W),"B.A Program (Advertising, Sales Promotion and Sales Management (ASPSM) + Psychology)",766.6401,603.4079,569.7416,408.2686,583.6302,
Kamala Nehru College (W),B.A Program (Human Resource Management (HRM) + English),727.3914,614.5404,483.998,,,
Kamala Nehru College (W),B.A Program (Entrepreneurship and Small Business (ESB) + Political Science),675.2941,555.2435,514.4605,,,
Kamala Nehru College (W),B.A Program (Hindi + Entrepreneurship and Small Business (ESB)),569.7562,412.7193,406.4313,402.7978,380.7046,
Keshav Mahavidyalaya,B.A. (Hons.) Psychology,796.2983,622.8611,603.6083,550.2462,629.0127,414.5579
Keshav Mahavidyalaya,B.Com (Hons.),762.0593,614.1316,516.4985,190.2366,653.281,342.911
Keshav Mahavidyalaya,B.Sc (Prog.) Mathematical Sciences,493.5405,359.9265,246.9277,,346.2405,
Keshav Mahavidyalaya,B.Sc (Hons.) Computer Science,611.8803,498.8793,405.5751,283.6633,519.7299,270.4426
Keshav Mahavidyalaya,B.Sc (Hons.) Electronics,313.2106,225.22,150.3636,,237.2972,
Keshav Mahavidyalaya,B.Sc (Hons.) Mathematics,559.8226,413.9664,309.0286,110.3729,424.8022,
Keshav Mahavidyalaya,B.Sc (Hons.) Physics,336.1316,254.9219,176.8653,77.1392,268.6768,
Keshav Mahavidyalaya,B.Sc (Prog.) Physical Science with Computer Science/ Informatics Practices,300.3441,219.1854,156.1265,127.0687,221.9669,
Keshav Mahavidyalaya,Bachelor of Management Studies (BMS),502.3964,385.629,330.057,159.071,429.1404,222.9863
Kirori Mal College,B.A. (Hons.) Economics,831.4591,675.4869,613.5414,445.623,739.1171,296.9833
Kirori Mal College,B.A. (Hons.) English,822.2901,730.5361,678.9924,689.7413,746.9398,520.6402
Kirori Mal College,B.A. (Hons.) Geography,849.3475,808.5472,747.1955,749.1979,811.053,646.4644
Kirori Mal College,B.A. (Hons.) Hindi,583.723,477.1785,468.1923,245.7984,409.0258,252.0541
Kirori Mal College,B.A. (Hons.) History,835.6802,790.4976,747.8167,736.9801,812.5411,588.851
Kirori Mal College,B.A. (Hons.) Political Science,889.678,847.6687,795.5261,818.1952,866.2957,755.9547
Kirori Mal College,B.A. (Hons.) Sanskrit,197.3139,412.7516,346.4321,,386.6745,
Kirori Mal College,B.A. (Hons.) Urdu,437.7162,243.5961,228.4934,318.7392,302.2803,
Kirori Mal College,B.Com (Hons.),877.4351,803.4667,741.6727,685.9423,837.5229,624.582
Kirori Mal College,B.Com,864.5509,790.1588,723.52,645.7199,823.9379,605.015
Kirori Mal College,B.Sc Applied Physical Sciences with Analytical Methods in Chemistry & Biochemistry,342.3054,296.3586,210.6343,103.4598,311.2464,
Kirori Mal College,B.Sc (Hons.) Botany,589.5297,542.6713,458.3204,437.583,552.7952,141.9051
Kirori Mal College,B.Sc (Hons.) Chemistry,447.8917,393.0851,279.5675,164.1007,393.5277,255.4338
Kirori Mal College,B.Sc (Prog.) Life Science,604.4872,542.4715,466.563,421.6897,566.5691,265.4336
Kirori Mal College,B.Sc (Hons.) Mathematics,747.2061,613.0344,513.6447,410.4542,616.72,232.2861
Kirori Mal College,B.Sc (Prog.) Physical Science with Computer Science/ Informatics Practices,441.1564,379.3399,281.0108,181.116,403.823,
Kirori Mal College,B.Sc (Prog.) Physical Science with Chemistry,365.2216,317.6678,229.3224,96.1268,318.5227,
Kirori Mal College,B.Sc (Hons.) Physics,472.9395,405.9071,296.1668,169.1946,413.3047,
Kirori Mal College,B.Sc (Hons.) Statistics,804.6582,633.2832,555.3475,413.9253,698.8966,439.7382
Kirori Mal College,B.Sc (Hons.) Zoology,621.0277,584.6328,512.1825,449.3034,584.1477,303.6137
Kirori Mal College,B.A Program (Bengali + History),598.1467,510.839,,,320.6898,
Kirori Mal College,B.A Program (Bengali + Political Science),635.1414,405.7922,435.6216,,408.8441,
Kirori Mal College,B.A Program (English + Political Science),839.6246,796.3444,729.9078,725.1053,787.3014,663.7339
Kirori Mal College,B.A Program (Hindi + Political Science),810.8866,770.8564,700.7601,673.2901,775.1794,734.1525
Kirori Mal College,B.A Program (Economics + History),823.4026,792.0147,685.0069,680.9156,774.6798,519.2045
Kirori Mal College,B.A Program (Economics + Philosophy),821.9193,752.658,671.2274,629.9216,789.9569,
Kirori Mal College,B.A Program (Economics + Political Science),840.2336,797.9235,701.8709,762.8414,810.4964,573.0228
Kirori Mal College,B.A Program (History + Philosophy),804.9085,747.4934,683.7138,696.3157,768.9011,
Kirori Mal College,B.A Program (History + Political Science),854.0927,824.4636,767.3275,743.025,809.308,698.567
Kirori Mal College,B.A Program (Philosophy + Political Science),826.6198,775.888,696.9128,653.8118,763.4363,
Lady Irwin College (W),B.Sc (Hons.) Home Science,423.735,348.4987,275.8541,241.0201,318.5367,
Lady Irwin College (W),B.Sc (Pass) Home Science,552.053,403.7221,338.9257,267.6333,332.1766,193.8667
Lady Irwin College (W),B.Sc (Hons.) Food Technology,534.926,459.4087,412.7559,326.4373,468.5623,251.8724
Lady Shri Ram College for Women (W),B.Com (Hons.),886.4344,813.5214,747.9727,691.7314,842.8601,685.4714
Lady Shri Ram College for Women (W),B.A. (Hons.) Economics,855.156,696.8553,617.0041,499.9321,743.3741,466.0459
Lady Shri Ram College for Women (W),B.A. (Hons.) English,837.7384,710.9613,662.6344,664.2641,744.681,389.5778
Lady Shri Ram College for Women (W),B.A. (Hons.) Hindi,566.3066,425.1768,367.4891,295.6824,217.096,
Lady Shri Ram College for Women (W),B.A. (Hons.) History,848.6995,791.4412,709.0744,721.7527,783.7463,368.3845
Lady Shri Ram College for Women (W),B.A. (Hons.) Philosophy,776.3165,655.4138,596.0658,554.4853,686.2013,
Lady Shri Ram College for Women (W),B.A. (Hons.) Political Science,895.5533,840.3633,776.4891,790.0207,831.2381,670.7244
Lady Shri Ram College for Women (W),B.A. (Hons.) Psychology,906.149,815.471,813.2135,763.7971,836.2815,735.2752
Lady Shri Ram College for Women (W),B.A. (Hons.) Sanskrit,275.2418,155.587,191.183,,307.129,
Lady Shri Ram College for Women (W),B.A. (Hons.) Sociology,831.2616,741.5729,652.7118,657.1021,721.5091,551.1933
Lady Shri Ram College for Women (W),B.A. (Hons.) Journalism,857.4978,734.9103,703.3757,635.7489,755.7943,742.382
Lady Shri Ram College for Women (W),B.Sc (Hons.) Mathematics,762.0993,565.7619,475.404,399.018,600.4544,141.8211
Lady Shri Ram College for Women (W),B.Sc (Hons.) Statistics,809.5103,645.5798,556.8894,362.6115,659.4065,187.7443
Lady Shri Ram College for Women (W),Bachelor of Elementary Education (B.El.Ed.),717.2641,608.4681,604.7893,523.659,591.787,479.6554
Lady Shri Ram College for Women (W),B.A Program (Computer Applications + Economics),844.6424,663.6468,617.9716,653.5596,782.7966,
Lady Shri Ram College for Women (W),B.A Program (Computer Applications + Mathematics),812.1832,639.7908,617.7491,428.236,708.2792,
Lady Shri Ram College for Women (W),B.A Program (Economics + History),863.7384,751.5946,716.2015,824.3515,781.2392,
Lady Shri Ram College for Women (W),B.A Program (Economics + Mathematics),870.748,729.4941,614.8736,562.6364,825.5758,
Lady Shri Ram College for Women (W),B.A Program (Economics + Political Science),877.4583,807.8353,773.2621,661.3132,821.9711,725.7304
Lady Shri Ram College for Women (W),B.A Program (History + Political Science),868.7127,833.7273,771.6406,715.1798,795.4051,713.5454
Lady Shri Ram College for Women (W),B.A Program (History + Sociology),828.1276,760.5323,655.2533,677.7138,745.0999,645.7622
Lady Shri Ram College for Women (W),B.A Program (Political Science + Psychology),866.6924,801.223,737.8693,684.9319,853.0171,
Lady Shri Ram College for Women (W),B.A Program (Psychology + Sociology),855.5759,728.0486,724.3126,716.1803,833.9989,611.9412
Lakshmibai College (W),B.A. (Hons.) Economics,662.6595,374.7033,273.4368,271.9574,381.1602,
Lakshmibai College (W),B.A. (Hons.) English,635.4199,474.2613,463.9091,419.0179,452.3493,
Lakshmibai College (W),B.A. (Hons.) Hindi,222.2564,177.1276,185.7343,,,
Lakshmibai College (W),B.A. (Hons.) History,614.6415,473.4988,418.168,344.5228,326.9307,
Lakshmibai College (W),B.Sc (Hons.) Mathematics,498.2789,371.2489,246.6476,93.2145,375.7519,
Lakshmibai College (W),B.A. (Hons.) Philosophy,560.0806,382.5791,337.2959,204.3513,346.6086,
Lakshmibai College (W),B.A. (Hons.) Political Science,654.1377,524.213,493.235,415.2407,423.5258,455.6813
Lakshmibai College (W),B.A. (Hons.) Sanskrit,174.5155,,,,,
Lakshmibai College (W),B.Com,687.271,510.9402,393.8078,391.8468,569.6978,
Lakshmibai College (W),B.A. (Hons.) Business Economics,400.0137,257.6984,178.2442,,274.4476,
Lakshmibai College (W),B.Com (Hons.),735.3298,581.004,495.629,181.5473,610.42,
Lakshmibai College (W),B.A Program (English + Economics),629.827,451.2375,407.0597,348.9848,463.1844,
Lakshmibai College (W),B.A Program (Hindi + History),504.2433,369.1853,354.3281,202.4275,200.5457,231.5331
Lakshmibai College (W),B.A Program (Punjabi + Political Science),177.6141,,,,,
Lakshmibai College (W),"B.A Program (Advertising, Sales Promotion and Sales Management (ASPSM) + Economics)",634.6887,445.28,368.4513,265.9429,435.1837,
Lakshmibai College (W),B.A Program (Food Technology (FT) + Political Science),536.822,375.7264,328.4795,356.0142,437.7831,
Lakshmibai College (W),B.A Program (History + Music),450.3261,232.3695,214.8931,279.0826,,
Lakshmibai College (W),B.A Program (History + Political Science),580.6135,435.3523,399.5226,340.1119,328.8852,
Lakshmibai College (W),B.A Program (Philosophy + Political Science),550.4759,370.5532,319.935,216.5219,188.1711,
Lakshmibai College (W),B.A Program (Philosophy + Sociology),566.9671,408.8055,344.1013,149.3473,245.8064,
Lakshmibai College (W),B.A Program (Computer Applications + Economics),595.9563,344.6487,256.2065,,364.8132,
Lakshmibai College (W),"B.A Program (Advertising, Sales Promotion and Sales Management (ASPSM) + Psychology)",704.2028,512.9352,439.3991,413.4001,528.2575,
Lakshmibai College (W),B.A Program (Physical Education + Psychology),665.0994,486.309,472.6963,409.129,480.9622,589.5922
Lakshmibai College (W),B.A. (Hons.) Sociology,614.1471,455.4732,388.369,391.8852,373.8157,
Lakshmibai College (W),B.A. (Hons.) Psychology,772.2013,594.4011,571.2229,501.2902,544.923,368.9153
Lakshmibai College (W),B.Sc (Hons.) Home Science,396.8964,318.1387,245.9595,203.7072,302.4576,
Lakshmibai College (W),B.A Program (Computer Applications + Mathematics),553.8614,389.6319,318.3794,,417.4739,
Lakshmibai College (W),B.A Program (Apparel Design & Construction + Philosophy),572.3819,389.6366,374.2563,321.126,406.3518,369.4206
Lakshmibai College (W),B.A Program (Sanskrit + Sociology),178.954,,,,,
Maharaja Agrasen College,B.A. (Hons.) English,662.649,521.7514,472.4193,428.6176,494.9386,
Maharaja Agrasen College,B.A. (Hons.) Hindi,348.4768,114.0683,166.9955,,,
Maharaja Agrasen College,B.A. (Hons.) Journalism,702.8382,564.9585,515.2963,435.199,589.7029,306.1429
Maharaja Agrasen College,B.A. (Hons.) Political Science,700.2248,593.0539,541.999,497.9737,586.2584,278.6149
Maharaja Agrasen College,B.Com (Hons.),750.7731,608.9653,521.1918,275.3632,649.5638,241.1512
Maharaja Agrasen College,B.Sc (Prog.) Mathematical Sciences,489.2415,349.8075,264.2762,,343.7651,
Maharaja Agrasen College,B.Sc (Hons.) Electronics,313.6409,226.5315,148.8421,54.5208,250.9117,
Maharaja Agrasen College,B.Sc (Prog.) Physical Science with Computer Science/ Informatics Practices,327.4064,236.5807,152.9572,143.3692,241.1901,
Maharaja Agrasen College,B.Sc (Prog.) Physical Science with Chemistry,276.4122,219.7148,127.6817,86.0757,205.6754,
Maharaja Agrasen College,B.A. (Hons.) Business Economics,426.854,286.9861,217.2739,209.4263,304.1956,
Maharaja Agrasen College,B.A Program (English + Economics),685.2571,576.5454,523.6936,529.1597,523.709,
Maharaja Agrasen College,B.A Program (English + History),647.3641,548.4116,528.4913,501.1452,503.0769,233.5137
Maharaja Agrasen College,B.A Program (English + Mathematics),630.7175,476.1687,387.8124,217.2555,549.7504,
Maharaja Agrasen College,B.A Program (Hindi + Economics),573.3299,450.7658,408.982,209.1364,373.8659,460.3097
Maharaja Agrasen College,B.A Program (Hindi + History),549.3765,440.2901,389.0949,254.572,468.1134,
Maharaja Agrasen College,B.A Program (Hindi + Mathematics),512.1275,405.0832,337.7898,,343.6383,
Maharaja Agrasen College,B.A Program (Hindi + Political Science),560.2066,447.9675,489.7161,238.8101,415.041,
Maharaja Agrasen College,B.A Program (Economics + OMSP),648.5422,466.479,412.0326,198.0363,457.0816,
Maharaja Agrasen College,B.A Program (History + OMSP),576.9774,428.5854,405.3658,294.6783,447.6007,
Maharaja Agrasen College,B.A Program (Mathematics + OMSP),596.3379,389.6766,278.3846,,320.6848,
Maharaja Agrasen College,B.A Program (Office Management & Secretarial Practice (OMSP) + Political Science),602.8278,508.3175,410.1728,244.9802,423.8944,
Maharaja Agrasen College,B.A Program (English + Political Science),675.8053,604.2227,565.3842,481.6041,512.9068,250.8642
Maharaja Agrasen College,B.A Program (Computer Applications + Economics),679.7508,498.8135,424.2506,392.3359,489.3149,
Maharaja Agrasen College,B.A Program (Computer Applications + History),575.7251,462.89,351.6629,245.8237,382.1795,
Maharaja Agrasen College,B.A Program (Computer Applications + Mathematics),657.1311,477.6597,462.4074,241.4466,468.6614,
Maharaja Agrasen College,B.A Program (Computer Applications + Political Science),591.962,460.5398,377.3429,401.1365,446.05,
Maitreyi College (W),B.A. (Hons.) Economics,750.3194,523.6409,403.0204,,566.7105,
Maitreyi College (W),B.A. (Hons.) English,731.0408,607.4861,556.7622,552.9355,586.4167,441.8302
Maitreyi College (W),B.A. (Hons.) Hindi,291.1502,154.2183,163.4145,,,
Maitreyi College (W),B.A. (Hons.) History,735.88,644.6706,575.59,551.4858,662.4907,314.3405
Maitreyi College (W),B.A. (Hons.) Political Science,756.2415,680.51,593.2726,567.2507,691.4968,331.9826
Maitreyi College (W),B.A. (Hons.) Sanskrit,288.2149,149.432,193.4799,,,
Maitreyi College (W),B.A. (Hons.) Sociology,710.5689,592.2082,514.1355,543.492,561.5251,386.3115
Maitreyi College (W),B.Com,769.7377,646.9777,541.0314,347.9173,698.6493,
Maitreyi College (W),B.Com (Hons.),805.5242,701.8764,597.0615,497.0344,728.0371,
Maitreyi College (W),B.Sc (Prog.) Life Science,502.5309,419.3642,342.3981,292.6815,436.3924,
Maitreyi College (W),B.Sc (Prog.) Physical Science with Computer Science/ Informatics Practices,332.2815,260.5626,172.1698,,278.9653,
Maitreyi College (W),B.Sc (Prog.) Physical Science with Chemistry,286.9569,217.266,121.7021,,233.2256,
Maitreyi College (W),B.Sc (Hons.) Botany,515.7082,441.9102,373.9609,325.9409,458.6524,
Maitreyi College (W),B.Sc (Hons.) Chemistry,375.308,304.2944,201.1691,85.8811,319.0753,
Maitreyi College (W),B.Sc (Hons.) Mathematics,610.2774,463.3824,343.9604,109.815,468.0101,
Maitreyi College (W),B.Sc (Hons.) Physics,364.7539,283.5097,192.5444,62.5553,316.1613,
Maitreyi College (W),B.Sc (Hons.) Zoology,546.344,486.167,418.9809,380.6326,488.4582,
Maitreyi College (W),B.A Program (English + Economics),749.5253,622.0594,533.7353,546.7052,644.8497,
Maitreyi College (W),B.A Program (English + Sociology),695.4595,577.8659,505.883,531.9647,566.665,
Maitreyi College (W),B.A Program (Hindi + History),623.6251,504.7592,444.4027,373.3832,496.5807,
Maitreyi College (W),B.A Program (Hindi + Political Science),618.199,492.3605,459.1359,353.761,463.7148,
Maitreyi College (W),B.A Program (Punjabi + History),328.652,,,,,
Maitreyi College (W),B.A Program (Punjabi + Political Science),436.8557,333.797,,,,
Maitreyi College (W),B.A Program (Sanskrit + History),479.6789,282.0996,89.0679,,,
Maitreyi College (W),B.A Program (Sanskrit + Political Science),451.0176,259.5248,208.046,,168.6696,
Maitreyi College (W),B.A Program (Computer Applications + Economics),709.014,485.7641,389.4821,219.9133,464.6209,
Maitreyi College (W),B.A Program (Computer Applications + Mathematics),634.4292,453.9897,374.0949,469.9296,491.748,
Maitreyi College (W),B.A Program (Economics + Mathematics),733.2538,562.1202,365.011,289.7529,585.1856,
Maitreyi College (W),B.A Program (History + Political Science),728.6243,642.4455,555.2144,556.1286,669.946,
Maitreyi College (W),B.A Program (Political Science + Sociology),709.3698,613.1457,532.538,546.8709,575.5798,
Mata Sundri College for Women (W),B.A. (Hons.) English,643.9205,,,,,357.9672
Mata Sundri College for Women (W),B.A. (Hons.) Hindi,63.9513,,,,,
Mata Sundri College for Women (W),B.A. (Hons.) History,605.7156,,,,,
Mata Sundri College for Women (W),B.A. (Hons.) Philosophy,557.9349,,,,,
Mata Sundri College for Women (W),B.A. (Hons.) Political Science,636.8003,,,,,
Mata Sundri College for Women (W),B.A. (Hons.) Psychology,753.6785,,,,,496.4369
Mata Sundri College for Women (W),B.A. (Hons.) Punjabi,382.6075,,,,,
Mata Sundri College for Women (W),B.A. (Hons.) Sanskrit,200.4089,,,,,
Mata Sundri College for Women (W),B.Com,656.1075,,,,,
Mata Sundri College for Women (W),B.Com (Hons.),692.5788,,,,,
Mata Sundri College for Women (W),B.Sc (Hons.) Mathematics,477.9135,,,,,
Mata Sundri College for Women (W),B.Sc (Hons.) Computer Science,561.4313,,,,,
Mata Sundri College for Women (W),B.Sc (Hons.) Statistics,616.6681,,,,,
Mata Sundri College for Women (W),Bachelor of Elementary Education (B.El.Ed.),608.4601,,,,,221.6473
Mata Sundri College for Women (W),B.A Program (Punjabi + Political Science),216.7717,,,,,
Mata Sundri College for Women (W),B.A Program (Economics + History),584.752,,,,,434.9143
Mata Sundri College for Women (W),B.A Program (Economics + Mathematics),600.0289,,,,,
Mata Sundri College for Women (W),B.A Program (Economics + Political Science),591.4497,,,,,
Mata Sundri College for Women (W),B.A Program (Economics + Psychology),711.799,,,,,
Mata Sundri College for Women (W),B.A Program (History + Political Science),587.1935,,,,,
Mata Sundri College for Women (W),B.A Program (Music + Political Science),475.6332,,,,,
Mata Sundri College for Women (W),B.A Program (Philosophy + Political Science),574.8315,,,,,
Mata Sundri College for Women (W),B.A Program (Philosophy + Psychology),724.031,,,,,348.2555
Mata Sundri College for Women (W),B.A Program (Computer Applications + Mathematics),562.7843,,,,,
Mata Sundri College for Women (W),B.A Program (Office Management & Secretarial Practice (OMSP) + English),597.9711,,,,,
Mata Sundri College for Women (W),B.A Program (Economics + Entrepreneurship and Small Business (ESB)),625.6522,,,,,
Mata Sundri College for Women (W),B.A Program (Computer Applications + Entrepreneurship and Small Business (ESB)),580.294,,,,,
Mata Sundri College for Women (W),B.A Program (English + History),611.3466,,,,,
Mata Sundri College for Women (W),B.A Program (English + Political Science),644.0041,,,,,258.8852
Miranda House (W),B.A. (Hons.) English,844.0385,748.8187,702.6137,666.5841,763.9319,437.4755
Miranda House (W),B.A. (Hons.) Hindi,588.7555,453.4143,390.235,162.4605,391.6595,198.8361
Miranda House (W),B.A. (Hons.) Economics,831.6007,686.4015,602.3172,456.9589,718.7255,
Miranda House (W),B.A. (Hons.) History,874.954,830.6043,762.9385,779.1262,820.6831,676.8873
Miranda House (W),B.A. (Hons.) Philosophy,780.5996,672.6972,589.0379,566.3442,672.0931,
Miranda House (W),B.A. (Hons.) Sanskrit,253.9401,191.7788,169.8424,,361.6371,
Miranda House (W),B.A. (Hons.) Geography,869.5028,821.0854,753.931,759.0251,826.543,413.6382
Miranda House (W),B.A. (Hons.) Sociology,822.9874,755.2474,651.9712,667.2313,731.1631,414.4095
Miranda House (W),B.A. (Hons.) Political Science,905.6082,869.5814,819.8188,819.6345,858.9915,768.9449
Miranda House (W),B.A. (Hons.) Bengali,423.3457,291.2312,245.1666,,252.9697,
Miranda House (W),B.Sc (Prog.) Life Science,625.6378,573.7419,514.5352,456.3514,581.9025,462.5388
Miranda House (W),B.Sc (Prog.) Physical Science with Computer Science/ Informatics Practices,441.4472,362.2517,269.6965,173.353,412.3381,215.4707
Miranda House (W),B.Sc (Hons.) Physics,492.5845,398.126,277.8898,172.5716,410.3804,151.467
Miranda House (W),B.Sc (Hons.) Chemistry,484.4146,412.3271,308.0905,181.3441,437.3623,
Miranda House (W),B.Sc (Hons.) Botany,620.2128,574.1777,497.0397,481.2358,582.3839,217.7943
Miranda House (W),B.Sc (Hons.) Zoology,646.1162,603.6594,544.0221,481.3026,598.4714,339.4082
Miranda House (W),B.Sc (Hons.) Mathematics,741.4606,605.6808,496.6964,473.5282,609.5379,197.0289
Miranda House (W),Bachelor of Elementary Education (B.El.Ed.),722.0407,611.1691,623.6939,473.1179,599.8322,578.0857
Miranda House (W),B.A Program (Bengali + Political Science),574.4283,329.7691,,,,
Miranda House (W),B.A Program (English + Economics),850.068,756.0411,691.5188,,820.0829,
Miranda House (W),B.A Program (English + History),836.2711,751.1635,765.8488,,709.4434,
Miranda House (W),B.A Program (English + Political Science),864.4725,761.5554,707.8606,,787.3257,
Miranda House (W),B.A Program (Hindi + History),789.2931,691.3634,688.0025,,702.8742,
Miranda House (W),B.A Program (Hindi + Political Science),830.9218,718.2689,694.8944,,708.4397,
Miranda House (W),B.A Program (Sanskrit + Geography),674.8577,609.9752,,,,
Miranda House (W),B.A Program (Sanskrit + History),713.3575,546.8552,,,,
Miranda House (W),B.A Program (Sanskrit + Political Science),742.955,566.3011,415.1801,271.6199,588.8027,
Miranda House (W),B.A Program (Economics + Geography),826.9296,792.7436,792.1347,658.5484,711.5225,
Miranda House (W),B.A Program (Economics + History),842.1211,772.2261,735.5904,668.5405,769.6941,
Miranda House (W),B.A Program (Economics + Mathematics),837.1143,668.627,569.6972,557.5142,731.2398,255.4706
Miranda House (W),B.A Program (Economics + Political Science),866.0536,791.3174,760.6539,653.7461,790.13,553.9843
Miranda House (W),B.A Program (Geography + History),833.1884,796.1165,735.2318,715.7992,782.3512,
Miranda House (W),B.A Program (Geography + Mathematics),776.7169,646.7153,,,,
Miranda House (W),B.A Program (Geography + Political Science),887.9604,821.3071,770.6484,781.6449,796.7239,334.0418
Miranda House (W),B.A Program (History + Philosophy),811.9827,746.924,650.0084,,801.5864,
Miranda House (W),B.A Program (History + Physical Education),751.6389,683.3499,644.5837,548.3206,652.5159,
Miranda House (W),B.A Program (History + Political Science),872.1,813.7519,797.858,735.2889,807.3203,707.3765
Miranda House (W),B.A Program (History + Sociology),821.4692,788.5371,711.5673,,717.2731,
Miranda House (W),B.A Program (Philosophy + Political Science),837.7726,781.5017,660.8295,683.9081,716.4738,291.2548
Miranda House (W),B.A Program (Physical Education + Political Science),773.5829,715.9359,646.6472,712.8295,663.2195,
Miranda House (W),B.A Program (Political Science + Sociology),860.88,822.4257,717.4033,,780.3297,
Miranda House (W),B.A Program (Tamil + Political Science),651.1945,526.0091,475.1517,,,
Miranda House (W),B.A Program (Punjabi + History),691.1439,552.5359,604.4227,,392.4531,
Miranda House (W),B.A Program (Bengali + Geography),572.8958,,,,,
Miranda House (W),B.A Program (English + Philosophy),794.8463,755.475,657.6049,,,
Miranda House (W),B.A Program (Geography + English),822.6022,763.5557,,,,
Miranda House (W),B.A Program (Geography + Sociology),821.3964,777.5001,701.7713,,745.7411,
Motilal Nehru College,B.Com,761.7181,645.778,535.5954,379.0285,688.3921,592.6972
Motilal Nehru College,B.Com (Hons.),785.8824,687.3118,594.5263,452.2278,723.021,
Motilal Nehru College,B.Sc (Prog.) Physical Science with Chemistry,267.6725,210.7104,118.8926,,194.6066,
Motilal Nehru College,B.Sc (Prog.) Physical Science with Computer Science/ Informatics Practices,326.5246,253.4052,175.7383,95.4552,240.0372,
Motilal Nehru College,B.Sc (Hons.) Physics,362.6805,299.2219,204.4035,152.1142,278.8635,
Motilal Nehru College,B.Sc (Hons.) Mathematics,557.2747,440.8469,338.4481,112.1264,437.5819,
Motilal Nehru College,B.A. (Hons.) English,694.737,589.4393,535.5792,505.961,532.6384,228.9342
Motilal Nehru College,B.A. (Hons.) Hindi,350.7453,281.8374,266.7576,,270.4153,
Motilal Nehru College,B.A. (Hons.) Economics,739.0957,532.6698,445.5155,151.9362,554.5317,
Motilal Nehru College,B.A. (Hons.) Political Science,750.3559,688.656,623.8317,607.4658,665.3317,298.0389
Motilal Nehru College,B.A. (Hons.) History,726.8552,621.573,557.1312,506.169,589.902,170.2133
Motilal Nehru College,B.A. (Hons.) Sanskrit,333.2991,216.5136,159.6837,,155.758,
Motilal Nehru College,B.Sc (Hons.) Chemistry,366.2707,309.4069,224.2624,27.9841,305.2316,
Motilal Nehru College,B.A Program (English + Political Science),695.2489,605.9232,593.1653,549.7207,547.7601,228.4494
Motilal Nehru College,B.A Program (English + History),672.2659,568.5247,524.5085,472.5885,552.348,
Motilal Nehru College,B.A Program (English + Mathematics),660.7335,485.0715,350.9469,332.9281,476.8193,
Motilal Nehru College,B.A Program (History + Political Science),663.3883,563.7406,476.8895,509.5116,531.3551,178.9591
Motilal Nehru College,B.A Program (Economics + Political Science),681.9944,562.939,473.2783,482.9978,575.1546,
Motilal Nehru College,B.A Program (Economics + History),660.4293,533.0063,470.9307,440.5578,517.27,116.9074
Motilal Nehru College,B.A Program (Economics + Mathematics),692.6581,464.7636,302.5056,214.9448,556.6017,
Motilal Nehru College,B.A Program (English + Economics),725.4689,583.566,505.1096,500.1148,615.8761,
Motilal Nehru College,B.A Program (Hindi + Political Science),593.1857,502.1493,432.2576,305.8412,441.9109,220.5422
Motilal Nehru College,B.A Program (Hindi + History),574.31,486.534,419.1091,266.5389,430.0852,
Motilal Nehru College,B.A Program (Sanskrit + Political Science),436.4412,239.5768,204.3491,,264.57,
Motilal Nehru College,B.A Program (Sanskrit + History),385.3968,142.7129,131.4437,,,
Motilal Nehru College (Evening),B.A. (Hons.) English,594.7434,449.297,416.1699,397.4107,419.766,
Motilal Nehru College (Evening),B.A. (Hons.) Hindi,288.8964,147.7733,112.2142,179.1129,,
Motilal Nehru College (Evening),B.A. (Hons.) History,558.1278,423.8141,385.3355,333.5149,340.7898,
Motilal Nehru College (Evening),B.A. (Hons.) Political Science,598.1801,479.6887,430.997,436.0914,377.9065,296.0538
Motilal Nehru College (Evening),B.Com,671.5288,522.3784,425.3611,170.8087,552.4081,
Motilal Nehru College (Evening),B.Com (Hons.),701.4821,564.4042,463.8143,100.7236,611.7734,
Motilal Nehru College (Evening),B.A Program (English + Economics),610.2146,432.4167,341.1765,280.6544,437.0918,
Motilal Nehru College (Evening),B.A Program (English + History),562.1394,438.7078,388.6273,395.3331,333.9713,
Motilal Nehru College (Evening),B.A Program (English + Mathematics),561.2144,409.5216,301.0469,211.6904,378.0026,
Motilal Nehru College (Evening),B.A Program (English + Political Science),548.295,400.7781,365.035,355.2199,326.726,
Motilal Nehru College (Evening),B.A Program (Hindi + History),508.5703,379.8165,368.7328,159.9835,316.8429,
Motilal Nehru College (Evening),B.A Program (Hindi + Physical Education),508.1667,390.6712,370.6447,239.9171,251.9625,303.5055
Motilal Nehru College (Evening),B.A Program (Hindi + Political Science),509.8001,376.9748,357.297,503.007,306.2103,
Motilal Nehru College (Evening),B.A Program (Economics + Mathematics),594.8143,381.394,219.0426,,326.2179,
Motilal Nehru College (Evening),B.A Program (Economics + Political Science),556.6817,390.3843,336.0677,251.1607,338.6386,
Motilal Nehru College (Evening),B.A Program (History + Political Science),534.5195,391.7626,347.1444,321.1952,301.147,226.0861
Motilal Nehru College (Evening),B.A Program (Physical Education + Political Science),549.508,414.1353,419.4118,,342.8474,
Motilal Nehru College (Evening),B.A Program (Sanskrit + Political Science),287.9953,151.9949,181.6155,,,
Motilal Nehru College (Evening),B.A Program (Sanskrit + History),276.6439,110.5394,,,,
Motilal Nehru College (Evening),B.A Program (Economics + History),560.4194,425.251,371.7264,369.0602,432.5984,
P.G.D.A.V. College,B.A. (Hons.) Economics,694.6091,437.5841,330.0302,,448.2335,
P.G.D.A.V. College,B.A. (Hons.) English,632.4521,472.0901,443.5317,413.186,447.6551,272.3317
P.G.D.A.V. College,B.A. (Hons.) Hindi,288.9813,85.1059,100.1641,,243.3245,255.7257
P.G.D.A.V. College,B.A. (Hons.) History,622.3378,492.7824,444.3053,433.1714,444.9036,303.3463
P.G.D.A.V. College,B.A. (Hons.) Political Science,660.9702,567.885,500.9916,482.5087,497.122,242.8352
P.G.D.A.V. College,B.A. (Hons.) Sanskrit,360.4794,197.2662,282.0321,,173.8239,
P.G.D.A.V. College,B.Com,698.0283,542.1668,458.4744,190.889,580.1442,
P.G.D.A.V. College,B.Com (Hons.),740.3403,601.9292,512.4378,253.5258,639.3506,563.5379
P.G.D.A.V. College,B.Sc (Hons.) Computer Science,591.6821,491.6046,401.0521,287.6573,513.7759,
P.G.D.A.V. College,B.Sc (Hons.) Mathematics,537.6388,420.5117,298.0342,296.3583,426.0819,
P.G.D.A.V. College,B.Sc (Hons.) Statistics,673.0135,472.1729,370.2118,173.0763,506.3774,
P.G.D.A.V. College,B.Sc (Prog.) Mathematical Sciences,481.0603,350.6275,253.0931,315.6053,326.9083,
P.G.D.A.V. College,B.A Program (English + History),620.8251,502.0612,505.498,460.1951,444.708,
P.G.D.A.V. College,B.A Program (English + Political Science),631.3553,517.7845,502.6716,478.0381,529.3739,150.4187
P.G.D.A.V. College,B.A Program (Hindi + History),559.0458,434.0528,398.6043,230.8069,391.0301,
P.G.D.A.V. College,B.A Program (Hindi + Political Science),563.0171,421.4439,421.9323,291.9533,351.8821,293.2377
P.G.D.A.V. College,B.A Program (Sanskrit + History),425.3967,98.6823,148.6004,,,
P.G.D.A.V. College,B.A Program (Sanskrit + Political Science),320.6655,251.9391,254.0945,,,
P.G.D.A.V. College,B.A Program (Accounting and Finance + Economics),718.1335,593.4401,578.5195,553.9251,555.5014,203.6751
P.G.D.A.V. College,B.A Program (Computer Applications + Economics),652.1551,495.5683,401.9106,,462.5901,
P.G.D.A.V. College,B.A Program (Computer Applications + Mathematics),616.9798,505.471,396.4635,,470.9711,
P.G.D.A.V. College,B.A Program (Economics + Entrepreneurship and Small Business (ESB)),668.3394,520.0676,529.8935,403.4446,554.6046,
P.G.D.A.V. College,B.A Program (Economics + Mathematics),644.2437,442.2461,280.0899,,430.0472,
P.G.D.A.V. College,B.A Program (Economics + Political Science),635.0513,488.6869,432.3659,397.5404,406.7255,
P.G.D.A.V. College,B.A Program (History + Political Science),595.9185,458.7395,432.1021,398.4019,405.6304,155.7017
P.G.D.A.V. College,B.A Program (Physical Education + Political Science),605.1494,482.8616,461.9028,455.6276,482.6553,187.6535
P.G.D.A.V. College (Evening),B.Com,634.2234,467.3779,352.6335,315.7491,489.0372,
P.G.D.A.V. College (Evening),B.Com (Hons.),670.4852,519.4974,426.8284,482.703,559.7155,371.2821
P.G.D.A.V. College (Evening),B.A. (Hons.) Hindi,252.0707,169.8836,75.6727,,,
P.G.D.A.V. College (Evening),B.A. (Hons.) Political Science,561.401,436.1772,388.789,368.231,324.5947,
P.G.D.A.V. College (Evening),B.Sc (Hons.) Mathematics,506.4898,389.0635,280.9194,,394.7018,
P.G.D.A.V. College (Evening),B.A. (Hons.) Sanskrit,324.2482,167.8913,154.1255,,,
P.G.D.A.V. College (Evening),B.A Program (English + Economics),615.3267,425.7495,377.1433,377.2964,438.9356,
P.G.D.A.V. College (Evening),B.A Program (English + History),543.4376,406.5132,363.2404,367.3609,332.7522,
P.G.D.A.V. College (Evening),B.A Program (English + Mathematics),556.2193,447.9022,300.1495,,397.8654,
P.G.D.A.V. College (Evening),B.A Program (English + Political Science),547.7629,406.2105,370.7398,332.1926,333.0552,
P.G.D.A.V. College (Evening),B.A Program (Hindi + History),499.6762,364.9183,328.9595,,258.8672,
P.G.D.A.V. College (Evening),B.A Program (Hindi + Political Science),486.3508,365.4472,335.9703,116.9167,267.1592,
P.G.D.A.V. College (Evening),B.A Program (Commerce + Economics),628.8849,456.1402,367.8919,264.9702,476.6284,
P.G.D.A.V. College (Evening),B.A Program (Economics + History),540.276,394.4958,356.7339,254.0865,383.9579,
P.G.D.A.V. College (Evening),B.A Program (Economics + Mathematics),575.098,344.6937,216.6481,,303.9358,
P.G.D.A.V. College (Evening),B.A Program (Economics + Political Science),537.6799,375.0907,324.1985,191.5238,335.9695,
P.G.D.A.V. College (Evening),B.A Program (History + Political Science),524.0215,382.3272,338.4565,288.9363,295.8326,
P.G.D.A.V. College (Evening),B.A Program (Physical Education + History),527.9989,402.79,382.3265,434.3209,343.152,392.1286
P.G.D.A.V. College (Evening),B.A Program (Physical Education + Political Science),528.9044,399.6398,378.2192,383.2705,328.0409,248.8564
Rajdhani College,B.A. (Hons.) English,632.4375,481.8339,451.8067,404.4682,469.759,
Rajdhani College,B.A. (Hons.) Hindi,295.965,109.9998,143.8425,251.8905,219.788,264.9025
Rajdhani College,B.A. (Hons.) Sanskrit,264.2687,135.7443,110.1424,,295.1587,254.7633
Rajdhani College,B.A. (Hons.) History,618.5421,504.4344,440.5328,404.3532,395.278,
Rajdhani College,B.A. (Hons.) Economics,684.2157,431.4408,352.2334,200.302,446.5106,
Rajdhani College,B.A. (Hons.) Political Science,669.1217,571.5854,560.4098,514.7597,502.6987,309.4628
Rajdhani College,B.Com (Hons.),743.7119,619.4124,522.5813,325.4087,663.604,
Rajdhani College,B.Sc (Hons.) Chemistry,318.3163,256.8401,165.069,238.2441,245.1383,
Rajdhani College,B.Sc (Hons.) Electronics,305.6504,223.3485,159.3984,,233.0747,
Rajdhani College,B.Sc (Hons.) Physics,323.3373,249.3653,161.9023,52.213,242.9631,
Rajdhani College,B.Sc (Hons.) Mathematics,514.0267,397.6408,289.384,243.8161,401.7927,
Rajdhani College,B.Sc (Prog.) Physical Science with Chemistry,242.0933,185.4624,94.1813,,168.5035,
Rajdhani College,B.Sc (Prog.) Physical Science with Computer Science/ Informatics Practices,287.4784,215.1302,145.2535,205.8735,218.1568,
Rajdhani College,B.Sc (Prog.) Physical Science with Electronics,257.8919,188.6315,105.3238,,212.7737,
Rajdhani College,B.Sc (Prog.) Applied Physical Sciences with Industrial Chemistry,244.1897,176.0862,85.3733,,177.6361,
Rajdhani College,B.A Program (English + History),620.3445,532.0104,514.5989,402.9667,429.8943,297.1012
Rajdhani College,B.A Program (English + Linguistics),611.7858,468.3859,443.1943,439.2691,433.05,
Rajdhani College,B.A Program (Hindi + History),540.0979,430.9145,423.7644,323.6489,342.9025,
Rajdhani College,B.A Program (Hindi + Political Science),541.7067,428.1411,401.8609,273.5368,336.4332,177.8069
Rajdhani College,B.A Program (Sanskrit + History),317.99,,,,,
Rajdhani College,B.A Program (Sanskrit + Political Science),383.8603,,,,351.2057,
Rajdhani College,B.A Program (Economics + History),613.0177,476.2956,421.1535,383.0092,409.0286,
Rajdhani College,B.A Program (Economics + Mathematics),631.6099,387.7844,268.2613,,368.6419,
Rajdhani College,B.A Program (Economics + Political Science),627.253,471.6376,419.8195,383.4695,415.1271,447.1223
Rajdhani College,B.A Program (History + Political Science),595.8076,471.4965,434.534,396.5259,382.1418,219.03
Rajdhani College,B.A Program (Linguistics + Political Science),569.5558,425.2555,393.2073,327.686,349.269,
Ram Lal Anand College,B.A. (Hons.) English,652.6998,517.7038,471.311,448.1596,500.494,
Ram Lal Anand College,B.A. (Hons.) Hindi,270.8204,69.6786,90.7563,,154.6203,
Ram Lal Anand College,B.A. (Hons.) Hindi Patrakarita,512.2403,422.2238,331.8794,,402.3164,
Ram Lal Anand College,B.A. (Hons.) History,655.7379,536.4328,465.0429,441.6868,492.9835,364.3223
Ram Lal Anand College,B.A. (Hons.) Political Science,708.3662,628.9322,547.3664,521.973,580.1216,
Ram Lal Anand College,B.Com,757.7446,632.2842,530.1515,337.3792,682.6039,
Ram Lal Anand College,B.Com (Hons.),777.7787,671.8045,580.5039,425.5115,711.5866,
Ram Lal Anand College,B.Sc (Hons.) Computer Science,602.1893,510.9285,406.7003,304.2184,534.4146,
Ram Lal Anand College,B.Sc (Hons.) Geology,490.8252,440.9664,346.0456,312.3189,425.2848,
Ram Lal Anand College,B.Sc (Hons.) Microbiology,564.4909,505.0338,429.4855,366.2836,489.4302,220.5143
Ram Lal Anand College,B.Sc (Hons.) Statistics,696.7783,502.8467,380.9599,226.4029,549.8571,
Ram Lal Anand College,B.Sc (Hons.) Mathematics,548.6821,421.8639,315.1818,219.5433,419.2149,335.4447
Ram Lal Anand College,Bachelor of Management Studies (BMS),456.6968,338.5429,281.4382,199.9327,362.209,
Ram Lal Anand College,B.A Program (Computer Applications + Economics),661.3486,455.8014,382.6842,177.0784,466.2088,
Ram Lal Anand College,B.A Program (Economics + Mathematics),667.4998,432.9546,262.713,,426.9825,
Ram Lal Anand College,B.A Program (History + Political Science),647.1891,535.5251,466.5615,465.0536,493.2476,
Ramanujan College,B.Com (Hons.),767.9864,640.5703,551.8529,405.883,678.4897,499.2741
Ramanujan College,B.Com,748.0072,605.2127,517.4173,356.5313,647.6192,493.3201
Ramanujan College,B.A. (Hons.) English,678.3154,515.6002,474.7915,474.5405,488.8538,
Ramanujan College,B.A. (Hons.) Hindi,307.5182,159.6445,147.5686,,284.7632,
Ramanujan College,B.A. (Hons.) Political Science,713.6185,642.5965,571.3051,506.9657,594.135,451.2794
Ramanujan College,B.Sc (Hons.) Statistics,692.7015,493.2222,376.9509,270.2308,560.2842,
Ramanujan College,B.Sc (Hons.) Mathematics,591.6467,445.4606,347.3184,241.7751,458.976,
Ramanujan College,B.Sc (Hons.) Computer Science,611.25,528.4173,430.4134,338.2969,563.7303,219.3139
Ramanujan College,B.A. (Hons.) Applied Psychology,794.6074,616.3521,582.081,533.3361,560.8983,325.3312
Ramanujan College,B.A. (Hons.) Philosophy,624.9281,448.5102,399.7432,247.7571,437.4624,
Ramanujan College,B.A. (Hons.) Economics,727.1835,486.0993,399.951,89.6937,528.7771,
Ramanujan College,Bachelor of Management Studies (BMS),473.0237,358.4308,292.9804,146.8576,403.4247,139.7262
Ramanujan College,"B.Voc. Banking, Financial Services and Insurance",712.9336,585.8912,502.168,405.2125,583.809,175.0972
Ramanujan College,B.Voc Software Development,586.0643,489.7699,428.5871,319.7022,490.6572,107.7899
Ramanujan College,B.A Program (Accounting and Finance + Economics),754.2111,630.4223,569.2596,,651.9664,
Ramanujan College,B.A Program (Economics + Entrepreneurship and Small Business (ESB)),732.9517,578.3572,537.2429,499.3632,631.5547,
Ramanujan College,B.A Program (History + Philosophy),623.7071,510.6814,425.2471,444.6657,444.0807,
Ramanujan College,B.A Program (History + Political Science),683.9374,611.9731,530.2471,553.8301,624.9579,423.9621
Ramanujan College,B.A Program (Philosophy + Political Science),660.0534,548.3357,518.9657,429.7094,480.6981,
Ramanujan College,B.A Program (Political Science + Psychology),754.3326,608.5156,568.0966,534.9107,581.0088,
Ramanujan College,B.A Program (Accounting and Finance + Mathematics),724.2194,528.485,444.8598,,544.3684,
Ramanujan College,B.Sc (Hons.) Environmental Sciences,491.7396,420.6003,340.8723,317.836,419.6715,
Ramanujan College,B.A Program (Economics + Psychology),736.1378,605.4399,556.1391,495.0669,567.2281,
Ramanujan College,B.A Program (Hindi + History),569.8018,449.8901,446.3036,376.5934,401.3506,
Ramanujan College,B.A Program (Hindi + Political Science),596.3076,470.7988,438.7148,277.7,414.513,225.2303
Ramanujan College,B.A Program (Entrepreneurship and Small Business (ESB) + Mathematics),657.6358,462.6878,389.4412,305.558,465.6103,247.855
Ramjas College,B.A. (Hons.) English,806.1359,710.4107,668.4089,646.3444,730.4456,467.6953
Ramjas College,B.A. (Hons.) Hindi,516.1699,421.2596,402.0735,197.5906,320.6619,189.3889
Ramjas College,B.A. (Hons.) Sanskrit,350.4248,390.3896,265.1741,256.933,372.709,
Ramjas College,B.A. (Hons.) Economics,822.6511,661.5459,595.2951,431.5928,719.5342,266.5439
Ramjas College,B.A. (Hons.) History,827.6987,780.4979,713.9266,731.5365,789.4201,531.8406
Ramjas College,B.A. (Hons.) Political Science,875.2569,833.1567,770.0109,785.4439,828.9546,717.2742
Ramjas College,B.Com,858.375,782.2891,711.7484,637.4584,816.4232,553.4256
Ramjas College,B.Com (Hons.),869.8206,795.3807,728.8128,655.44,830.3587,610.4393
Ramjas College,B.Sc (Prog.) Physical Science with Electronics,354.5902,291.8925,212.6527,96.8022,297.7413,
Ramjas College,B.Sc (Prog.) Physical Science with Chemistry,346.6914,291.1573,205.3221,59.1551,309.9619,
Ramjas College,B.Sc (Prog.) Life Science,566.5957,511.9781,421.9163,366.3255,535.3522,217.5952
Ramjas College,B.Sc (Hons.) Physics,456.7602,387.1377,281.3219,159.3945,399.9237,
Ramjas College,B.Sc (Hons.) Chemistry,434.4151,379.6788,275.1957,159.1395,380.6985,
Ramjas College,B.Sc (Hons.) Mathematics,730.9169,596.9497,494.0292,395.9728,596.1529,
Ramjas College,B.Sc (Hons.) Statistics,793.8498,606.8525,506.1152,358.9773,661.9057,
Ramjas College,B.Sc (Hons.) Botany,578.0025,536.891,447.9355,424.4222,537.5668,215.7752
Ramjas College,B.Sc (Hons.) Zoology,604.0379,573.1306,493.5943,444.7109,573.4336,274.1166
Ramjas College,B.A Program (Sanskrit + Any one out of these (English/Hindi/History/Pol. Science/Economics/Mathematics/Philosophy)),691.0495,579.0829,590.5654,417.2682,595.0892,
Ramjas College,B.A Program (Philosophy + Any one out of these (English/Hindi/History/Pol. Science/Economics/Mathematics/Sanskrit)),800.2914,732.0128,653.1346,648.5682,750.9242,498.6177
Ramjas College,B.A Program (Any two discipline from these (English/Hindi/History/Pol. Science/Economics/Mathematics)),824.4363,752.571,703.5973,672.523,774.2699,624.8066
Satyawati College,B.Sc (Hons.) Mathematics,521.0053,395.877,300.6634,231.8845,392.2359,
Satyawati College,B.A. (Hons.) Economics,681.3084,430.8691,327.0969,274.2057,433.7065,
Satyawati College,B.A. (Hons.) English,632.971,489.2778,443.5509,466.6307,458.4037,
Satyawati College,B.A. (Hons.) Hindi,331.987,157.821,207.3632,243.5197,231.6716,
Satyawati College,B.A. (Hons.) History,609.6112,481.6595,430.4526,398.9466,428.1705,318.8987
Satyawati College,B.A. (Hons.) Political Science,673.8523,575.9037,526.1355,488.3517,576.8706,462.6039
Satyawati College,B.A. (Hons.) Sanskrit,332.3082,75.5102,139.3228,,150.7003,
Satyawati College,B.A. (Hons.) Urdu,379.029,88.8573,161.7277,135.2691,36.597,
Satyawati College,B.Com,718.7138,562.3754,467.1087,203.6345,610.7256,201.0044
Satyawati College,B.Com (Hons.),746.8856,621.5072,521.9503,267.0169,641.7825,219.7427
Satyawati College,B.A Program (Hindi + History),533.6721,424.2272,391.1162,300.0561,389.0103,340.0462
Satyawati College,B.A Program (History + Political Science),610.8641,513.4986,464.8986,427.3139,457.5674,406.0938
Satyawati College,B.A Program (Hindi + Political Science),541.1185,417.7994,423.7382,213.8269,376.3151,347.1755
Satyawati College,B.A Program (English + History),599.4797,482.1198,447.7882,418.7352,424.4982,153.649
Satyawati College,B.A Program (English + Political Science),621.1105,503.9651,487.114,544.0353,503.0309,200.4842
Satyawati College,B.A Program (Economics + History),595.8084,469.088,428.9998,388.2641,414.3139,
Satyawati College,B.A Program (Economics + Political Science),603.0586,466.0108,441.9077,395.7628,410.4441,
Satyawati College,B.A Program (Economics + Mathematics),629.3895,416.4779,271.4221,,358.516,
Satyawati College,B.A Program (Economics + OMSP),605.4326,448.5195,353.686,357.2037,417.2863,
Satyawati College,B.A Program (Mathematics + OMSP),541.5158,358.2542,254.0403,,293.7072,
Satyawati College,B.A Program (Mathematics + Political Science),515.7858,374.7656,259.6145,148.4855,401.7501,
Satyawati College,B.A Program (History + Mathematics),508.2037,376.5687,294.2553,305.3161,330.79,
Satyawati College,B.A Program (Sanskrit + Political Science),346.8695,186.281,209.6899,,216.5528,
Satyawati College,B.A Program (Sanskrit + History),342.3924,275.8065,197.6861,,296.972,
Satyawati College,B.A Program (English + Economics),653.9899,494.5917,435.244,448.9005,496.9957,
Satyawati College (Evening),B.A. (Hons.) Economics,613.8895,351.4559,243.1987,,329.3392,
Satyawati College (Evening),B.A. (Hons.) English,580.1969,421.894,374.8775,329.7903,399.7622,
Satyawati College (Evening),B.A. (Hons.) Hindi,220.9209,171.922,135.6188,,,
Satyawati College (Evening),B.A. (Hons.) History,544.3589,409.483,378.0566,292.6875,313.8849,
Satyawati College (Evening),B.A. (Hons.) Political Science,560.6439,431.7951,397.5834,366.2126,339.8411,
Satyawati College (Evening),B.Com,645.3256,472.2964,353.2163,422.4137,506.88,
Satyawati College (Evening),B.Com (Hons.),678.2007,523.4237,404.0251,198.4714,555.9416,
Satyawati College (Evening),B.A Program (English + Economics),609.755,424.3536,361.8977,346.9502,444.3695,
Satyawati College (Evening),B.A Program (English + History),548.6946,433.0238,369.0556,342.6536,396.9228,
Satyawati College (Evening),B.A Program (English + Political Science),553.4578,441.5052,385.037,393.1563,367.1515,
Satyawati College (Evening),B.A Program (Hindi + Buddhist Studies),509.758,351.6116,315.1255,,281.3684,
Satyawati College (Evening),B.A Program (Hindi + Political Science),494.3101,373.3047,331.8033,196.344,280.1933,
Satyawati College (Evening),B.A Program (Accounting and Finance + Economics),663.4427,514.0229,445.03,385.2453,484.9368,
Satyawati College (Evening),B.A Program (Buddhist Studies + Political Science),567.1605,412.4976,362.4537,291.4696,432.5574,
Satyawati College (Evening),B.A Program (Economics + Mathematics),570.3942,340.1989,204.3193,363.8741,275.8501,
Satyawati College (Evening),B.A Program (Economics + OMSP),576.0402,402.4673,318.9691,,386.1853,
Satyawati College (Evening),B.A Program (Economics + Political Science),529.577,370.061,318.418,126.0685,325.3627,
Satyawati College (Evening),B.A Program (History + Mathematics),496.8984,335.2243,260.6884,,261.0391,
Satyawati College (Evening),B.A Program (Political Science + Mathematics),506.7026,355.257,260.9282,,398.4576,
Satyawati College (Evening),B.A Program (Economics + History),526.6518,371.8808,329.912,95.1928,337.9835,
Satyawati College (Evening),B.A Program (Hindi + History),490.1048,362.4565,326.6097,154.8759,315.1363,
Satyawati College (Evening),B.A Program (Buddhist Studies + Economics),588.0752,451.0702,378.9839,379.8669,451.6342,
Satyawati College (Evening),B.A Program (History + Political Science),522.4312,383.8714,345.3372,312.4265,299.8323,
Shaheed Bhagat Singh College,B.Com (Hons.),816.2419,734.3063,653.3701,548.7049,774.7667,145.0535
Shaheed Bhagat Singh College,B.Com,804.9764,715.4217,627.0843,530.7772,758.3892,310.8108
Shaheed Bhagat Singh College,B.A. (Hons.) Economics,774.3254,598.8675,533.402,280.8469,656.2252,
Shaheed Bhagat Singh College,B.A. (Hons.) History,744.9759,675.3644,609.8577,601.7191,695.3912,316.904
Shaheed Bhagat Singh College,B.A. (Hons.) Political Science,773.6658,720.0207,651.7777,657.5194,722.7596,378.0639
Shaheed Bhagat Singh College,B.A. (Hons.) Geography,764.8783,701.6098,630.5301,633.9549,707.087,366.375
Shaheed Bhagat Singh College,B.A. (Hons.) Hindi,342.8315,230.415,246.3523,,,
Shaheed Bhagat Singh College,B.A. (Hons.) English,727.5318,608.8246,572.7561,539.104,620.9941,388.8124
Shaheed Bhagat Singh College,B.Sc (Hons.) Mathematics,644.7663,481.7525,389.327,242.4612,517.9005,
Shaheed Bhagat Singh College,B.A Program (Economics + Mathematics),762.9196,547.8181,541.7262,234.4902,641.2158,
Shaheed Bhagat Singh College,B.A Program (Geography + Political Science),745.5996,680.7153,573.4574,621.1645,670.9108,645.1228
Shaheed Bhagat Singh College,B.A Program (History + Political Science),755.6312,674.7361,609.2771,593.9767,676.9673,416.9181
Shaheed Bhagat Singh College,B.A Program (Hindi + Geography),646.0137,556.7108,483.575,469.0421,611.2995,
Shaheed Bhagat Singh College,B.A Program (English + History),719.9486,644.6387,591.8836,539.7382,640.4346,423.5476
Shaheed Bhagat Singh College,B.A Program (English + Economics),780.7323,676.4491,578.1341,572.6213,701.6084,215.3717
Shaheed Bhagat Singh College (Evening),B.A. (Hons.) Geography,608.074,511.612,459.5507,432.6011,424.4872,
Shaheed Bhagat Singh College (Evening),B.A. (Hons.) Political Science,627.9724,517.2231,434.7219,455.4048,447.3541,
Shaheed Bhagat Singh College (Evening),B.Com,706.4652,570.0318,443.1585,172.4596,619.07,595.3692
Shaheed Bhagat Singh College (Evening),B.Com (Hons.),774.0178,672.7254,581.8738,469.2476,712.7443,
Shaheed Bhagat Singh College (Evening),B.A Program (English + Economics),651.3887,476.1379,396.5237,304.8804,509.4835,
Shaheed Bhagat Singh College (Evening),B.A Program (Economics + Geography),602.408,469.6736,405.3891,426.5315,434.6414,385.6277
Shaheed Bhagat Singh College (Evening),B.A Program (Economics + History),606.1665,459.7327,391.8013,481.5274,464.0645,
Shaheed Bhagat Singh College (Evening),B.A Program (Economics + Political Science),621.205,511.0051,407.9758,325.0181,443.4751,
Shaheed Bhagat Singh College (Evening),B.A Program (Geography + History),586.045,498.5331,470.1146,458.6947,416.675,
Shaheed Bhagat Singh College (Evening),B.A Program (Geography + Political Science),588.8285,501.3257,434.707,505.1175,448.0227,
Shaheed Bhagat Singh College (Evening),B.A Program (History + Political Science),578.4148,450.182,393.0348,338.6419,359.6858,
Shaheed Rajguru College of Applied Sciences for Women (W),B.Sc (Hons.) Electronics,291.7685,212.0654,127.1797,,216.1333,
Shaheed Rajguru College of Applied Sciences for Women (W),B.Sc (Hons.) Instrumentation,235.7255,149.5811,46.5421,,155.9133,
Shaheed Rajguru College of Applied Sciences for Women (W),B.Sc (Hons.) Food Technology,503.1969,432.2573,359.5125,305.3406,430.5714,
Shaheed Rajguru College of Applied Sciences for Women (W),B.Sc (Hons.) Computer Science,585.3754,470.4332,395.2668,263.5777,511.8572,
Shaheed Rajguru College of Applied Sciences for Women (W),B.Sc (Hons.) Biomedical Science,560.2183,467.3075,413.2445,342.5231,481.244,133.3116
Shaheed Rajguru College of Applied Sciences for Women (W),B.Sc (Hons.) Physics,310.0903,227.8532,125.9924,,227.3787,
Shaheed Rajguru College of Applied Sciences for Women (W),B.Sc (Hons.) Mathematics,521.4488,371.7249,264.7856,,376.272,
Shaheed Rajguru College of Applied Sciences for Women (W),B.Sc (Hons.) Chemistry,321.383,253.4801,159.6493,80.7962,230.1742,
Shaheed Rajguru College of Applied Sciences for Women (W),B.A. (Hons.) Psychology,767.5899,588.9059,589.0142,492.9023,556.1041,
Shaheed Rajguru College of Applied Sciences for Women (W),B.Sc (Hons.) Statistics,641.1139,434.1163,335.5359,142.9691,488.3955,
Shaheed Rajguru College of Applied Sciences for Women (W),B.Sc (Hons.) Microbiology,544.9318,463.957,387.5089,325.1875,467.3912,280.6567
Shaheed Rajguru College of Applied Sciences for Women (W),Bachelor of Business Administration (Financial Investment Analysis) (BBA(FIA)),462.1326,350.94,298.515,109.7622,363.2866,278.6116
Shaheed Rajguru College of Applied Sciences for Women (W),Bachelor of Management Studies (BMS),446.1614,328.6069,276.6986,120.591,344.4923,349.3315
Shaheed Rajguru College of Applied Sciences for Women (W),B.Sc (Hons.) Bio-Chemistry,544.8323,456.274,373.2451,314.6829,458.3105,
Shaheed Sukhdev College Business Studies,B.Sc (Hons.) Computer Science,744.4744,649.0233,554.0348,430.3715,675.7063,268.0411
Shaheed Sukhdev College Business Studies,Bachelor of Management Studies (BMS),542.7895,426.5209,370.518,258.5736,473.6335,345.6642
Shaheed Sukhdev College Business Studies,Bachelor of Business Administration (Financial Investment Analysis) (BBA(FIA)),564.5064,460.0048,401.3652,305.9714,510.5482,370.0964
Shivaji College,B.A. (Hons.) Economics,709.3662,445.8104,356.8762,156.3718,470.807,
Shivaji College,B.A. (Hons.) English,646.6702,508.5566,457.7535,451.0401,474.8513,
Shivaji College,B.A. (Hons.) Geography,680.0347,597.4324,521.4417,539.8138,502.4904,288.0059
Shivaji College,B.A. (Hons.) Hindi,292.6215,143.5888,119.6961,,243.7687,
Shivaji College,B.A. (Hons.) History,633.8618,532.5209,466.5925,452.8492,457.3955,
Shivaji College,B.A. (Hons.) Political Science,697.8082,606.5374,583.8864,558.1402,561.6983,200.9242
Shivaji College,B.A. (Hons.) Sanskrit,334.3593,97.7776,175.8537,,172.6109,
Shivaji College,B.Com,733.9157,589.6832,504.6345,320.6214,627.4736,557.5503
Shivaji College,B.Com (Hons.),755.5783,633.5407,548.6277,420.9635,655.1947,407.6816
Shivaji College,B.Sc (Prog.) Life Science,478.9003,405.6125,327.6941,265.4807,404.5091,
Shivaji College,B.Sc (Prog.) Physical Science with Computer Science/ Informatics Practices,288.6444,217.1377,144.8409,79.1827,218.1911,
Shivaji College,B.Sc (Prog.) Physical Science with Chemistry,249.6894,198.4835,119.4128,,197.1011,
Shivaji College,B.Sc (Hons.) Bio-Chemistry,562.0109,501.3448,418.971,369.0498,484.4259,105.5876
Shivaji College,B.Sc (Hons.) Botany,493.6374,430.0482,353.1633,308.0108,413.8336,
Shivaji College,B.Sc (Hons.) Chemistry,332.7194,271.5863,188.994,115.2188,294.866,
Shivaji College,B.Sc (Hons.) Mathematics,527.7777,401.725,287.8506,111.4306,412.2369,
Shivaji College,B.Sc (Hons.) Physics,332.1685,249.6975,168.3207,11.6671,249.4959,
Shivaji College,B.Sc (Hons.) Zoology,520.2536,452.5351,385.4158,334.6201,444.0317,290.1003
Shivaji College,B.A. (Hons.) Business Economics,416.3408,283.3267,196.8448,,296.482,
Shivaji College,B.A Program (History + Political Science),614.6414,499.3032,435.0667,410.9771,436.9703,167.9018
Shivaji College,B.A Program (English + Sociology),646.1912,525.1683,487.1364,530.0158,449.1507,234.6653
Shivaji College,B.A Program (Geography + History),622.8436,519.6281,480.0745,509.5452,487.5632,
Shivaji College,B.A Program (Hindi + History),550.599,429.7852,379.3798,382.273,359.5135,281.3926
Shivaji College,B.A Program (Geography + Political Science),652.419,552.7633,531.3859,523.198,505.9309,
Shivaji College,B.A Program (Hindi + Political Science),562.2086,432.7,482.0711,216.0082,343.8968,223.4678
Shivaji College,B.A Program (Economics + Political Science),638.9382,506.1652,448.0477,420.8761,538.829,
Shivaji College,B.A Program (Hindi + Geography),558.7755,483.9837,437.0601,434.6386,420.9652,
Shivaji College,B.A Program (Economics + Geography),646.129,555.6356,478.0909,484.9924,525.0837,
Shivaji College,B.A Program (English + Economics),672.285,515.1399,467.5778,401.7307,533.5811,
Shri Ram College of Commerce,B.Com (Hons.),897.2471,830.733,775.0541,731.0708,854.8909,710.8928
Shri Ram College of Commerce,B.A. (Hons.) Economics,888.9069,784.6056,706.8445,596.512,806.1693,596.8468
Shyam Lal College,B.A. (Hons.) Economics,656.4518,386.5229,299.4647,,373.8705,
Shyam Lal College,B.A. (Hons.) English,622.6109,459.6016,424.3342,379.4387,441.3847,
Shyam Lal College,B.A. (Hons.) Hindi,302.396,145.2651,125.3039,,,245.1278
Shyam Lal College,B.A. (Hons.) History,607.5079,484.98,441.2483,469.3047,379.5137,
Shyam Lal College,B.A. (Hons.) Political Science,657.6346,568.9069,507.4113,522.0922,488.9223,151.2987
Shyam Lal College,B.Com,690.927,536.387,440.452,218.4768,572.6987,
Shyam Lal College,B.Com (Hons.),722.8552,574.0892,488.5117,234.1108,595.1137,359.4318
Shyam Lal College,B.Sc (Prog.) Physical Science with Electronics,248.9426,189.0679,119.9956,109.7887,191.5168,
Shyam Lal College,B.Sc (Prog.) Physical Science with Chemistry,228.3121,167.8473,67.2869,,157.5028,
Shyam Lal College,B.Sc (Prog.) Physical Science with Computer Science/ Informatics Practices,286.7483,208.7908,150.3491,18.8348,215.4059,
Shyam Lal College,B.Sc (Hons.) Chemistry,332.5838,275.1206,177.8906,,262.493,
Shyam Lal College,B.Sc (Hons.) Mathematics,513.1956,406.6973,307.3443,173.4884,396.8804,
Shyam Lal College,B.A Program (Economics + OMSP),604.1832,433.2403,367.9745,252.3307,417.7147,
Shyam Lal College,B.A Program (English + Economics),649.7872,493.7123,433.8699,404.557,519.0963,
Shyam Lal College,B.A Program (English + Political Science),614.005,504.8414,484.6674,523.0355,473.2866,302.5843
Shyam Lal College,B.A Program (Economics + Political Science),600.5409,459.2325,420.2367,354.8444,412.772,
Shyam Lal College,B.A Program (History + Political Science),590.4973,452.0154,421.4753,433.0882,353.7566,
Shyam Lal College,B.A Program (Hindi + History),524.5455,411.2573,375.1213,345.5146,380.9469,293.2895
Shyam Lal College (Evening),B.Com,628.6323,457.5208,343.6203,,482.6544,
Shyam Lal College (Evening),B.Com (Hons.),667.3638,512.531,420.2522,131.3128,539.3963,
Shyam Lal College (Evening),B.A. (Hons.) Economics,601.2707,332.3582,203.3633,,297.7449,
Shyam Lal College (Evening),B.A. (Hons.) Hindi,210.6022,106.0289,,,,
Shyam Lal College (Evening),B.A. (Hons.) Political Science,557.2039,426.2861,380.9634,348.7257,323.1766,
Shyam Lal College (Evening),B.A Program (English + Economics),608.3774,419.3909,360.5393,378.0825,454.9423,
Shyam Lal College (Evening),B.A Program (History + Political Science),522.0422,386.5331,334.2338,308.2954,290.7907,
Shyam Lal College (Evening),B.A Program (Computer Applications + Mathematics),567.3889,454.0627,376.298,223.0164,428.4177,
Shyam Lal College (Evening),B.A Program (Economics + Mathematics),570.2776,357.0189,226.0158,,290.7661,
Shyam Lal College (Evening),B.A Program (History + Mathematics),488.9901,335.1506,235.1045,332.0268,271.9544,
Shyam Lal College (Evening),B.A Program (English + Computer Applications),564.786,444.6655,400.8049,251.8067,427.9897,
Shyam Lal College (Evening),B.A Program (English + History),538.6428,403.939,380.5487,341.0189,339.0301,
Shyam Lal College (Evening),B.A Program (Hindi + Computer Applications),488.61,340.5907,257.3836,,330.6075,
Shyam Lal College (Evening),B.A Program (Hindi + Economics),522.6281,368.0525,308.9814,249.3828,307.8012,
Shyam Lal College (Evening),B.A Program (Hindi + History),483.3465,352.7175,323.9172,,260.4444,
Shyam Lal College (Evening),B.A Program (Computer Applications + Political Science),541.979,388.5355,296.4056,100.335,360.3282,
Shyam Lal College (Evening),B.A Program (Economics + Political Science),540.1866,376.8819,330.2912,237.0651,322.066,
Shyama Prasad Mukherji College For Women (W),B.A. (Hons.) Applied Psychology,742.0529,547.6779,506.8368,454.8867,502.1862,483.5343
Shyama Prasad Mukherji College For Women (W),B.A. (Hons.) Economics,628.0755,311.6099,167.3842,,290.0401,
Shyama Prasad Mukherji College For Women (W),B.A. (Hons.) English,631.9453,467.0014,445.061,371.8959,440.437,308.8967
Shyama Prasad Mukherji College For Women (W),B.A. (Hons.) Hindi,223.5178,,187.2204,,,
Shyama Prasad Mukherji College For Women (W),B.A. (Hons.) History,599.8774,445.601,427.818,317.8345,318.5974,
Shyama Prasad Mukherji College For Women (W),B.A. (Hons.) Geography,608.5984,482.667,416.5775,417.7348,382.3651,
Shyama Prasad Mukherji College For Women (W),B.Sc (Hons.) Mathematics,476.2526,344.9002,238.2386,220.7954,342.6936,
Shyama Prasad Mukherji College For Women (W),B.A. (Hons.) Philosophy,548.1401,377.7015,312.0456,224.6644,315.4278,
Shyama Prasad Mukherji College For Women (W),B.A. (Hons.) Political Science,628.7818,499.224,437.1559,354.997,333.1331,
Shyama Prasad Mukherji College For Women (W),B.A. (Hons.) Sanskrit,157.7266,134.9303,103.2361,,,
Shyama Prasad Mukherji College For Women (W),B.Com (Hons.),695.8004,526.3214,441.2285,284.7043,555.1512,
Shyama Prasad Mukherji College For Women (W),B.Com,654.6045,476.3457,371.7713,215.3343,500.7027,
Shyama Prasad Mukherji College For Women (W),B.Sc (Hons.) Computer Science,550.8312,455.8995,375.5544,262.3595,478.439,
Shyama Prasad Mukherji College For Women (W),Bachelor of Elementary Education (B.El.Ed.),604.9809,516.3749,506.6439,379.1487,443.1687,194.5083
Shyama Prasad Mukherji College For Women (W),B.A Program (Hindi + Geography),550.6589,486.6627,414.4053,,311.4683,
Shyama Prasad Mukherji College For Women (W),B.A Program (Hindi + History),501.5095,364.6437,353.6007,,211.0654,
Shyama Prasad Mukherji College For Women (W),B.A Program (Hindi + Philosophy),521.5541,346.1415,320.8506,314.06,204.0925,
Shyama Prasad Mukherji College For Women (W),B.A Program (Hindi + Political Science),510.6323,373.6247,365.5754,,224.5195,
Shyama Prasad Mukherji College For Women (W),B.A Program (Sanskrit + History),177.228,,,,,
Shyama Prasad Mukherji College For Women (W) Shyama Prasad Mukherji College For Women (W),B.A Program (Sanskrit + Music) B.A Program (Sanskrit + Political Science),237.533,,,,,
Shyama Prasad Mukherji College For Women (W),B.A Program (Computer Applications + Economics),590.9959,355.2057,143.1484,,371.8119,
Shyama Prasad Mukherji College For Women (W),B.A Program (Computer Applications + Geography),520.6308,405.5701,261.962,,246.6169,
Shyama Prasad Mukherji College For Women (W),B.A Program (Computer Applications + Mathematics),549.7875,423.3679,306.4428,141.9631,388.5453,
Shyama Prasad Mukherji College For Women (W),B.A Program (Economics + Food Technology),573.7443,426.077,334.6896,,448.5565,
Shyama Prasad Mukherji College For Women (W),B.A Program (Economics + Geography),588.5748,473.3379,368.7832,352.3792,367.5966,
Shyama Prasad Mukherji College For Women (W),B.A Program (Economics + History),583.9097,449.7223,452.768,359.76,290.8454,
Shyama Prasad Mukherji College For Women (W),B.A Program (Economics + Mathematics),603.331,336.9044,196.9562,,268.3437,
Shyama Prasad Mukherji College For Women (W),B.A Program (Economics + Philosophy),572.1003,379.6351,298.0816,,240.3132,
Shyama Prasad Mukherji College For Women (W),B.A Program (Economics + Political Science),587.9207,414.0074,349.8785,143.5644,331.8912,
Shyama Prasad Mukherji College For Women (W),B.A Program (Economics + Sociology),584.6322,418.0062,351.1853,135.6452,324.9489,
Shyama Prasad Mukherji College For Women (W),B.A Program (Food Technology (FT) + History),509.1837,374.7945,322.9131,242.4145,290.9421,
Shyama Prasad Mukherji College For Women (W),B.A Program (Geography + History),612.9733,503.2128,417.9776,483.408,466.2263,
Shyama Prasad Mukherji College For Women (W),B.A Program (Geography + Mathematics),518.1817,361.7677,246.0757,,227.8741,
Shyama Prasad Mukherji College For Women (W),B.A Program (Geography + Political Science),620.384,514.4447,474.0809,453.8587,405.7595,
Shyama Prasad Mukherji College For Women (W),B.A Program (History + Music),462.3171,222.0584,268.1458,,167.3744,
Shyama Prasad Mukherji College For Women (W),B.A Program (History + Philosophy),562.4132,413.4584,375.6425,227.1924,221.7901,
Shyama Prasad Mukherji College For Women (W),B.A Program (History + Political Science),589.0099,431.5195,403.1297,321.0913,302.031,
Shyama Prasad Mukherji College For Women (W),B.A Program (History + Sociology),596.3959,452.1045,381.346,404.3551,258.5686,
Shyama Prasad Mukherji College For Women (W),B.A Program (Human Development and Family Empowerment (HDFE) + Political Science),512.8654,318.0697,262.8553,254.8172,,
Shyama Prasad Mukherji College For Women (W),B.A Program (Human Development and Family Empowerment (HDFE) + Sociology),533.9168,327.1382,285.6556,,430.9502,212.0836
Shyama Prasad Mukherji College For Women (W),B.A Program (Music + Political Science),460.5138,276.714,173.5515,,,
Shyama Prasad Mukherji College For Women (W),B.A Program (Philosophy + Political Science),563.8214,397.2793,399.324,353.3401,284.5737,
Shyama Prasad Mukherji College For Women (W),B.A Program (Sanskrit + Philosophy),257.2365,,,,,
Shyama Prasad Mukherji College For Women (W),B.A Program (Hindi + Sociology),551.1051,390.2188,420.6682,,,
Sri Aurobindo College (Day),B.A. (Hons.) English,645.0191,502.1661,454.2559,428.2552,489.6374,
Sri Aurobindo College (Day),B.A. (Hons.) Hindi,265.0552,150.6395,72.5926,,183.2686,
Sri Aurobindo College (Day),B.A. (Hons.) Political Science,689.3705,602.862,534.8233,536.4634,555.9398,318.5864
Sri Aurobindo College (Day),B.Com,737.4142,598.7716,491.7154,200.9848,650.6111,
Sri Aurobindo College (Day),B.Com (Hons.),770.45,659.6469,566.4517,374.1064,688.8213,
Sri Aurobindo College (Day),B.Sc (Prog.) Life Science,475.6917,401.0172,326.2572,275.1042,400.9312,
Sri Aurobindo College (Day),B.Sc (Hons.) Electronics,306.875,229.1459,172.0847,40.0402,228.9605,
Sri Aurobindo College (Day),B.Sc (Prog.) Physical Science with Chemistry,227.8322,169.8953,66.5763,,154.9478,
Sri Aurobindo College (Day),B.A Program (Sanskrit + Economics),472.3238,310.959,,,275.8472,
Sri Aurobindo College (Day),B.A Program (Sanskrit + History),285.2681,130.9433,,,,
Sri Aurobindo College (Day),B.A Program (Sanskrit + Political Science),376.4661,124.8764,284.897,,,
Sri Aurobindo College (Day),B.A Program (Commerce + Economics),691.2219,523.1638,448.2117,263.8712,553.608,
Sri Aurobindo College (Day),B.A Program (Economics + History),607.5072,452.7333,397.7513,342.3452,388.5798,
Sri Aurobindo College (Day),B.A Program (Economics + Political Science),614.2654,454.3568,418.3481,385.3715,440.7553,
Sri Aurobindo College (Day),B.A Program (History + Political Science),593.6367,472.5461,408.913,380.3504,403.5108,
Sri Aurobindo College (Evening),B.A. (Hons.) English,583.4908,417.1292,372.1134,319.8045,389.3347,
Sri Aurobindo College (Evening),B.A. (Hons.) Economics,621.6645,335.3918,227.587,,326.0297,
Sri Aurobindo College (Evening),B.Com,638.1091,464.6167,348.1655,251.8721,492.3011,
Sri Aurobindo College (Evening),B.Com (Hons.),675.9456,530.8792,424.1226,324.1024,579.2973,
Sri Aurobindo College (Evening),B.A. (Hons.) Hindi,198.457,162.0948,,,,
Sri Aurobindo College (Evening),B.A. (Hons.) Applied Psychology,714.9837,537.1965,483.721,418.0066,509.6801,
Sri Aurobindo College (Evening),B.A Program (English + History),541.7647,404.6125,363.4001,373.0885,348.9189,
Sri Aurobindo College (Evening),B.A Program (Economics + Political Science),534.9723,371.152,318.9471,218.4453,317.0532,
Sri Aurobindo College (Evening),B.A Program (Economics + History),531.2123,377.4462,327.6466,243.608,328.5094,
Sri Aurobindo College (Evening),B.A Program (Economics + Music),626.9646,467.8625,369.9646,327.8097,327.7308,
Sri Aurobindo College (Evening),B.A Program (English + Political Science),552.0392,449.5726,374.162,429.6599,377.8748,
Sri Aurobindo College (Evening),B.A Program (English + Sanskrit),474.7896,275.2566,220.5236,,231.832,
Sri Aurobindo College (Evening),B.A Program (Hindi + History),485.5609,348.7489,322.7809,,254.172,
Sri Aurobindo College (Evening),B.A Program (Hindi + Political Science),486.322,355.0108,324.9804,146.208,263.286,
Sri Aurobindo College (Evening),B.A Program (Hindi + Music),599.1445,401.1642,398.8218,223.0734,268.6099,
Sri Aurobindo College (Evening),B.A Program (Hindi + Sanskrit),425.1196,227.3218,220.0766,,222.4225,
Sri Aurobindo College (Evening),B.A Program (Hindi + Physical Education),500.439,383.1165,354.3405,,368.8107,
Sri Aurobindo College (Evening),B.A Program (History + Political Science),524.0296,385.2686,334.5307,313.6099,333.7549,
Sri Aurobindo College (Evening),B.A Program (History + Physical Education),523.789,396.9932,416.4542,412.3362,351.8518,
Sri Aurobindo College (Evening),B.A Program (History + Music),525.0347,424.2152,402.9275,308.018,291.2889,
Sri Aurobindo College (Evening),B.A Program (English + Music),629.9964,483.2961,470.6087,333.6471,416.386,
Sri Aurobindo College (Evening),B.A Program (English + Physical Education),569.457,507.8531,467.5783,423.3825,428.2191,
Sri Aurobindo College (Evening),B.A Program (Economics + Sanskrit),510.9808,287.5704,313.0241,,233.3554,
Sri Aurobindo College (Evening),B.A Program (Economics + Physical Education),587.0852,459.6509,449.4077,279.1852,408.2899,
Sri Aurobindo College (Evening),B.A Program (History + Sanskrit),395.693,173.5263,276.1904,,,
Sri Guru Gobind Singh College of Commerce,B.Com (Hons.),841.5497,,,,,441.5158
Sri Guru Gobind Singh College of Commerce,B.Com,824.2016,,,,,314.6661
Sri Guru Gobind Singh College of Commerce,B.A. (Hons.) Economics,788.6496,,,,,
Sri Guru Gobind Singh College of Commerce,B.Sc (Hons.) Computer Science,683.9432,,,,,218.5715
Sri Guru Gobind Singh College of Commerce,B.A. (Hons.) Business Economics,500.3064,,,,,191.6745
Sri Guru Gobind Singh College of Commerce,Bachelor of Management Studies (BMS),526.3949,,,,,274.6625
Sri Guru Gobind Singh College of Commerce,B.A. (Hons.) Punjabi,150.0302,,,,,
Sri Guru Nanak Dev Khalsa College,B.Com (Hons.),766.8277,,,,,
Sri Guru Nanak Dev Khalsa College,B.A. (Hons.) English,661.2775,,,,,340.1213
Sri Guru Nanak Dev Khalsa College,B.A. (Hons.) Hindi,329.2762,,,,,
Sri Guru Nanak Dev Khalsa College,B.A. (Hons.) Punjabi,419.3231,,,,,
Sri Guru Nanak Dev Khalsa College,B.A. (Hons.) History,664.6162,,,,,196.9009
Sri Guru Nanak Dev Khalsa College,B.A. (Hons.) Political Science,699.3264,,,,,
Sri Guru Nanak Dev Khalsa College,B.A. (Hons.) Hindi Patrakarita,426.2363,,,,,354.6067
Sri Guru Nanak Dev Khalsa College,B.Com,717.101,,,,,196.2075
Sri Guru Nanak Dev Khalsa College,B.A. (Hons.) Business Economics,425.9797,,,,,
Sri Guru Nanak Dev Khalsa College,B.Sc (Hons.) Mathematics,561.6275,,,,,
Sri Guru Nanak Dev Khalsa College,B.A Program (English + Economics),693.871,,,,,
Sri Guru Nanak Dev Khalsa College,B.A Program (English + Political Science),672.9691,,,,,400.2013
Sri Guru Nanak Dev Khalsa College,B.A Program (Punjabi + Economics),461.7083,,,,,
Sri Guru Nanak Dev Khalsa College,B.A Program (Punjabi + History),329.1365,,,,,
Sri Guru Nanak Dev Khalsa College,B.A Program (Economics + Political Science),651.1531,,,,,245.9499
Sri Guru Nanak Dev Khalsa College,B.A Program (History + Political Science),634.8841,,,,,343.5198
Sri Guru Nanak Dev Khalsa College,B.A Program (Punjabi + Political Science),357.362,,,,,
Sri Guru Nanak Dev Khalsa College,B.A Program (English + History),641.1538,,,,,285.649
Sri Guru Nanak Dev Khalsa College,B.A Program (Economics + History),667.4916,,,,,
Sri Guru Tegh Bahadur Khalsa College,B.A. (Hons.) English,774.9062,,,,,436.5852
Sri Guru Tegh Bahadur Khalsa College,B.A. (Hons.) Hindi,434.7252,,,,,171.2532
Sri Guru Tegh Bahadur Khalsa College,B.A. (Hons.) Punjabi,184.8741,,,,,141.5393
Sri Guru Tegh Bahadur Khalsa College,B.Sc (Hons.) Computer Science,708.3787,,,,,275.7437
Sri Guru Tegh Bahadur Khalsa College,B.A. (Hons.) Economics,805.0296,,,,,
Sri Guru Tegh Bahadur Khalsa College,B.A. (Hons.) History,788.9536,,,,,566.2652
Sri Guru Tegh Bahadur Khalsa College,B.A. (Hons.) Political Science,836.4604,,,,,634.4961
Sri Guru Tegh Bahadur Khalsa College,B.Com (Hons.),850.1198,,,,,547.101
Sri Guru Tegh Bahadur Khalsa College,B.Com,836.8625,,,,,511.5011
Sri Guru Tegh Bahadur Khalsa College,B.Sc (Hons.) Botany,546.0199,,,,,
Sri Guru Tegh Bahadur Khalsa College,B.Sc (Hons.) Chemistry,422.8545,,,,,
Sri Guru Tegh Bahadur Khalsa College,B.Sc (Hons.) Electronics,416.1345,,,,,
Sri Guru Tegh Bahadur Khalsa College,B.Sc (Hons.) Mathematics,690.2062,,,,,
Sri Guru Tegh Bahadur Khalsa College,B.Sc (Hons.) Physics,434.3994,,,,,
Sri Guru Tegh Bahadur Khalsa College,B.Sc (Hons.) Zoology,577.7783,,,,,170.4942
Sri Guru Tegh Bahadur Khalsa College,B.Sc (Prog.) Physical Science with Chemistry,334.2795,,,,,
Sri Guru Tegh Bahadur Khalsa College,B.Sc (Prog.) Physical Science with Computer Science/ Informatics Practices,417.5813,,,,,
Sri Guru Tegh Bahadur Khalsa College,B.A. (Hons.) Business Economics,491.3926,,,,,
Sri Guru Tegh Bahadur Khalsa College,B.Sc (Prog.) Life Science,543.2224,,,,,150.4264
Sri Guru Tegh Bahadur Khalsa College,B.A Program (Economics + History),789.8683,,,,,409.4582
Sri Guru Tegh Bahadur Khalsa College,B.A Program (Economics + Mathematics),808.0984,,,,,
Sri Guru Tegh Bahadur Khalsa College,B.A Program (Economics + Music),781.4936,,,,,
Sri Guru Tegh Bahadur Khalsa College,B.A Program (Economics + Political Science),797.6532,,,,,434.6739
Sri Guru Tegh Bahadur Khalsa College,B.A Program (History + Music),705.9599,,,,,
Sri Guru Tegh Bahadur Khalsa College,B.A Program (History + Political Science),794.1635,,,,,609.5099
Sri Guru Tegh Bahadur Khalsa College,B.A Program (Mathematics + Music),657.2657,,,,,
Sri Guru Tegh Bahadur Khalsa College,B.A Program (Mathematics + Political Science),764.7005,,,,,
Sri Venketeswara College,B.Com,853.5403,773.4684,701.9706,626.2388,811.2671,531.1504
Sri Venketeswara College,B.Com (Hons.),867.4793,787.6492,721.3687,645.8456,827.5291,572.5513
Sri Venketeswara College,B.A. (Hons.) English,798.3016,696.8999,648.7215,610.6065,722.5212,462.7385
Sri Venketeswara College,B.A. (Hons.) Hindi,444.9275,361.5413,351.4913,255.2975,179.439,273.0941
Sri Venketeswara College,B.A. (Hons.) Sanskrit,222.9901,325.3184,196.0832,,297.6719,
Sri Venketeswara College,B.A. (Hons.) Economics,824.2064,656.4092,592.2367,420.5678,703.9205,
Sri Venketeswara College,B.A. (Hons.) History,812.6476,757.0401,688.8548,691.7933,778.9084,531.1397
Sri Venketeswara College,B.A. (Hons.) Political Science,855.8251,817.6268,742.517,736.8102,811.8525,713.6654
Sri Venketeswara College,B.A. (Hons.) Sociology,791.1461,715.1427,621.9958,619.3798,708.704,510.4395
Sri Venketeswara College,B.Sc (Prog.) Life Science,551.1079,496.805,399.503,347.2394,512.2364,
Sri Venketeswara College,B.Sc (Hons.) Physics,449.8786,381.5206,282.3847,162.579,395.7627,
Sri Venketeswara College,B.Sc (Hons.) Chemistry,427.1065,364.8492,266.403,150.9673,368.3687,
Sri Venketeswara College,B.Sc (Hons.) Botany,566.7116,524.7481,426.1751,406.9103,530.2319,
Sri Venketeswara College,B.Sc (Hons.) Zoology,598.1731,561.6656,489.4023,424.8349,557.2559,243.4871
Sri Venketeswara College,B.Sc (Hons.) Biological Sciences,588.8827,507.6059,428.5447,411.7305,523.5055,131.6055
Sri Venketeswara College,B.Sc (Hons.) Bio-Chemistry,613.6602,574.3199,489.1563,402.6045,565.2701,410.4012
Sri Venketeswara College,B.Sc (Hons.) Electronics,418.3989,353.2681,259.2143,138.4478,353.6683,
Sri Venketeswara College,B.Sc (Hons.) Mathematics,714.7003,558.8995,461.289,326.3688,585.6869,
Sri Venketeswara College,B.Sc (Hons.) Statistics,788.9862,602.0943,515.3991,395.5978,649.2174,
Sri Venketeswara College,B.A Program (History + Political Science),813.9347,760.8743,707.0137,705.7274,756.9507,614.8461
Sri Venketeswara College,B.A Program (Tamil + Political Science/History),450.6417,390.2348,162.0353,,317.6966,
Sri Venketeswara College,B.A Program (Hindi + History/Sociology),763.0646,682.8914,648.9113,551.1156,677.1414,459.8924
Sri Venketeswara College,B.A Program (Sanskrit +Sociology/History),592.5339,481.8458,302.4197,348.7523,467.3884,
Sri Venketeswara College,B.A Program (English + Sociology/Economics),805.5793,718.711,646.4297,650.4505,753.2701,657.0806
Sri Venketeswara College,B.A Program (Economics + Mathematics/Statistics/Sociology),813.8462,683.3658,654.9112,613.1932,699.0581,
Sri Venketeswara College,B.A Program (Telegu + Political Science/History),533.3385,426.9069,235.3792,339.4867,493.491,
St. Stephen's College,B.A. (Hons.) English,906.5365,,801.712,833.7638,,723.4792
St. Stephen's College,B.A. (Hons.) Economics,884.7199,,710.2925,725.2278,,623.9141
St. Stephen's College,B.A. (Hons.) History,898.5063,,825.8268,870.9696,,835.6871
St. Stephen's College,B.A. (Hons.) Philosophy,886.7954,,770.6497,721.2022,,650.7507
St. Stephen's College,B.A. (Hons.) Sanskrit,679.1347,,654.1202,585.4726,,
St. Stephen's College,B.Sc (Hons.) Mathematics,815.7329,,637.556,691.2461,,382.4469
St. Stephen's College,B.Sc (Hons.) Physics,566.0298,,475.787,409.4326,,121.276
St. Stephen's College,B.Sc (Hons.) Chemistry,538.531,,397.2157,348.985,,148.3193
St. Stephen's College,B.Sc (Prog.) Physical Science with Chemistry,476.6466,,368.004,,,
St. Stephen's College,B.Sc (Prog.) Physical Science with Computer Science/ Informatics Practices,522.5935,,394.141,238.8124,,116.4558
St. Stephen's College,B.A. Program (Urdu + Any other discipline subject from (Economics/History/Political Science/Philosophy)),710.2165,,,574.9019,,
St. Stephen's College,B.A. Program (Any two discipline out of these (Economics/English/History/Political Science/Philosophy)),892.4979,,808.7415,,,820.7188
Swami Shardhanand College,B.Sc (Prog.) Life Science,462.2357,392.8084,318.324,256.3279,398.5507,
Swami Shardhanand College,B.A. (Hons.) English,605.3945,444.4728,405.7337,356.1042,436.0139,224.3731
Swami Shardhanand College,B.A. (Hons.) Geography,598.404,481.2934,414.5401,466.4308,403.7197,
Swami Shardhanand College,B.A. (Hons.) Hindi,247.4564,116.1827,97.7246,,,
Swami Shardhanand College,B.A. (Hons.) History,578.3055,435.8662,401.893,357.6144,357.2722,
Swami Shardhanand College,B.Com,648.8803,487.3003,388.8968,150.1272,538.4333,205.5164
Swami Shardhanand College,B.Com (Hons.),696.4207,556.3872,455.2171,156.0958,606.1305,420.0274
Swami Shardhanand College,B.Sc (Prog.) Applied Life Science,473.2051,405.1109,330.7601,260.5446,410.8597,122.8949
Swami Shardhanand College,B.Sc (Hons.) Botany,479.271,411.6426,338.1584,306.2363,412.8118,65.9116
Swami Shardhanand College,B.Sc (Hons.) Microbiology,531.7934,470.2276,399.6977,355.6501,468.0175,237.1993
Swami Shardhanand College,B.Sc (Hons.) Physics,316.5569,247.8911,160.5576,53.9738,251.8206,
Swami Shardhanand College,B.Sc (Hons.) Chemistry,314.9701,251.704,167.6643,130.3223,243.883,
Swami Shardhanand College,B.Sc (Hons.) Zoology,499.3717,437.6587,369.9314,327.5472,427.2232,
Swami Shardhanand College,B.Sc (Prog.) Physical Science with Chemistry,219.3952,159.9217,48.0276,,161.8677,
Swami Shardhanand College,B.A Program (Economics + Political Science),559.4608,406.9756,363.4626,260.1308,373.2123,
Swami Shardhanand College,B.A Program (Hindi + Political Science),511.8204,387.637,389.1126,269.4869,271.4836,
Swami Shardhanand College,B.A Program (English + Political Science),609.5111,544.8487,474.2061,457.7136,451.634,
Swami Shardhanand College,B.A Program (History + Political Science),556.3464,419.4897,386.159,328.6297,338.957,
Swami Shardhanand College,B.A Program (Economics + History),542.067,397.6301,340.9117,238.1995,344.1107,
Swami Shardhanand College,B.A Program (English + History),591.7287,458.7933,439.8306,,404.6711,
Swami Shardhanand College,B.A Program (Office Management & Secretarial Practice (OMSP) + Political Science),570.401,415.2752,461.469,320.1318,400.4651,
Swami Shardhanand College,B.A Program (History + OMSP),539.381,403.2662,357.2215,182.8489,354.4714,
Swami Shardhanand College,B.A Program (Mathematics + OMSP),537.2597,338.7958,213.0036,,291.6531,
Swami Shardhanand College,B.A Program (Sanskrit + OMSP),257.2382,,,,,
Swami Shardhanand College,B.A Program (Sanskrit + Economics),415.1516,180.6364,,,406.6598,
Swami Shardhanand College,B.A Program (Sanskrit + History),304.7343,,,,,
Swami Shardhanand College,B.A Program (Economics + Mathematics),599.2474,358.2479,237.1366,,316.5053,
Swami Shardhanand College,B.A Program (Computer Applications + Economics),626.8801,455.3943,356.7612,196.5909,452.7108,
Swami Shardhanand College,B.A Program (Computer Applications + Mathematics),596.3571,460.7247,373.9018,276.7434,450.9262,
Vivekananda College (W),B.Com,669.8472,497.6818,391.4346,220.178,519.8137,
Vivekananda College (W),B.Com (Hons.),715.7572,569.3264,456.4102,175.7451,587.0397,
Vivekananda College (W),B.A. (Hons.) Applied Psychology,741.411,543.1455,497.6343,410.052,527.3578,376.1305
Vivekananda College (W),B.A. (Hons.) English,631.4863,462.2406,441.4851,447.3183,450.7118,
Vivekananda College (W),B.A. (Hons.) Hindi,208.5868,129.2138,,,,
Vivekananda College (W),B.A. (Hons.) Sanskrit,214.7444,80.0221,,,,
Vivekananda College (W),B.A. (Hons.) History,601.3079,434.6913,399.7875,334.483,311.0922,456.3858
Vivekananda College (W),B.A. (Hons.) Political Science,646.9957,521.8053,526.7099,396.7689,415.3444,
Vivekananda College (W),B.Sc (Hons.) Mathematics,488.5697,355.162,248.3442,257.9519,363.1514,346.8163
Vivekananda College (W),B.A Program (English + Computer Applications),582.2989,453.0469,404.2125,251.84,462.9426,
Vivekananda College (W),B.A Program (English + French),573.5651,374.9553,381.7141,273.1254,365.4786,
Vivekananda College (W),B.A Program (English + Food Technology),642.297,540.2358,549.8939,474.5361,558.9908,
Vivekananda College (W),B.A Program (French + Economics),595.5901,287.556,349.4875,,432.0013,
Vivekananda College (W),B.A Program (Sanskrit + History),194.4778,,,,,
Vivekananda College (W),B.A Program (Computer Applications + Economics),616.9545,370.3241,317.6424,,476.4876,
Vivekananda College (W),B.A Program (Computer Applications + Mathematics),563.4967,405.513,395.2906,141.1844,403.5122,
Vivekananda College (W),B.A Program (Computer Applications + Political Science),541.0108,356.2398,238.4272,,269.3434,
Vivekananda College (W),B.A Program (Economics + Mathematics),626.805,372.5838,202.0423,,324.3234,
Vivekananda College (W),B.A Program (Economics + Political Science),633.4391,440.6772,405.6184,373.8933,465.2374,
Vivekananda College (W),B.A Program (Food Technology (FT) + History),525.5049,398.4096,332.6064,,387.6698,
Vivekananda College (W),B.A Program (Food Technology (FT) + Political Science),555.3721,446.7073,324.3013,169.3649,380.2959,
Vivekananda College (W),B.A Program (History + Music),461.8839,331.0213,309.7935,,,
Vivekananda College (W),B.A Program (History + Political Science),605.319,463.0169,421.6812,330.4974,408.9384,359.0749
Vivekananda College (W),B.A Program (Sanskrit + Music),248.3892,,,,,
Vivekananda College (W),B.Sc (Hons.) Home Science,387.1377,307.3929,255.9502,208.0806,297.829,
Zakir Husain Delhi College,B.A. (Hons.) Arabic,512.0279,352.0688,264.7825,,314.9108,
Zakir Husain Delhi College,B.A. (Hons.) Bengali,313.4685,292.4423,218.957,171.8665,137.8058,
Zakir Husain Delhi College,B.A. (Hons.) Economics,685.183,454.1311,324.7148,230.1457,453.9212,
Zakir Husain Delhi College,B.A. (Hons.) English,655.5919,495.0634,458.3041,497.027,482.3671,160.8491
Zakir Husain Delhi College,B.A. (Hons.) Hindi,378.5476,214.537,256.8441,,151.8898,326.9335
Zakir Husain Delhi College,B.A. (Hons.) History,674.8094,536.9349,543.9053,527.6124,480.1742,301.349
Zakir Husain Delhi College,B.A. (Hons.) Persian,479.9552,322.6041,280.7396,196.2559,243.9674,
Zakir Husain Delhi College,B.A. (Hons.) Philosophy,615.6035,441.368,389.8413,359.5357,385.8611,
Zakir Husain Delhi College,B.A. (Hons.) Political Science,677.3899,579.0997,510.5612,501.578,523.3098,331.7955
Zakir Husain Delhi College,B.A. (Hons.) Psychology,775.6225,624.7364,570.6175,594.1691,576.4697,341.9371
Zakir Husain Delhi College,B.A. (Hons.) Sanskrit,386.0621,137.1515,166.7618,,201.5375,
Zakir Husain Delhi College,B.A. (Hons.) Urdu,108.8438,192.6564,95.7799,,108.8806,
Zakir Husain Delhi College,B.Com,707.1507,559.1159,470.8288,276.2105,604.9444,518.1518
Zakir Husain Delhi College,B.Com (Hons.),731.3519,589.3008,497.5825,388.9752,630.7588,
Zakir Husain Delhi College,B.Sc (Prog.) Physical Science with Chemistry,240.5152,181.3789,102.6093,198.6639,167.0996,
Zakir Husain Delhi College,B.Sc (Prog.) Life Science,472.2496,403.6862,323.6938,283.2305,400.5355,
Zakir Husain Delhi College,B.Sc (Hons.) Botany,483.7078,415.5044,342.3263,314.8197,406.6219,
Zakir Husain Delhi College,B.Sc (Hons.) Chemistry,320.3159,257.3198,177.1347,74.6684,257.2252,
Zakir Husain Delhi College,B.Sc (Hons.) Electronics,309.3021,236.0593,171.649,75.7533,236.7295,
Zakir Husain Delhi College,B.Sc (Hons.) Mathematics,520.6903,412.3405,310.4533,123.0996,395.9671,
Zakir Husain Delhi College,B.Sc (Hons.) Zoology,520.3587,449.2212,373.9259,349.1709,423.1504,100.2093
Zakir Husain Delhi College,B.A Program (Arabic + Economics),473.9134,349.2354,257.237,,278.1961,
Zakir Husain Delhi College,B.A Program (Arabic + History),426.8391,359.6387,,,267.8678,
Zakir Husain Delhi College,B.A Program (Arabic + Political Science),391.3978,214.6846,195.6366,,,
Zakir Husain Delhi College,B.A Program (Bengali + Economics),452.1332,,139.4689,,,
Zakir Husain Delhi College,B.A Program (Bengali + History),244.8981,,,,,
Zakir Husain Delhi College,B.A Program (Bengali + Political Science),236.5903,,119.4688,,,
Zakir Husain Delhi College,B.A Program (English + Economics),678.2178,506.3622,471.3435,,520.4561,
Zakir Husain Delhi College,B.A Program (English + History),639.551,549.2423,477.1667,439.0863,455.5834,
Zakir Husain Delhi College,B.A Program (English + Mathematics),626.7275,480.7706,451.7005,,429.2324,
Zakir Husain Delhi College,B.A Program (English + Political Science),648.4614,557.9175,498.5726,553.7751,544.0421,
Zakir Husain Delhi College,B.A Program (Hindi + Economics),564.5865,434.2515,416.7024,239.0636,367.7987,
Zakir Husain Delhi College,B.A Program (Hindi + History),548.6608,436.091,406.9089,305.3062,,
Zakir Husain Delhi College,B.A Program (Hindi + Political Science),566.6552,442.2144,428.686,170.681,365.9371,
Zakir Husain Delhi College,B.A Program (Persian + Economics),352.8884,276.1778,219.7444,,,
Zakir Husain Delhi College,B.A Program (Persian + History),258.9078,,,,,
Zakir Husain Delhi College,B.A Program (Persian + Political Science),126.0343,,,,,
Zakir Husain Delhi College,B.A Program (Sanskrit + Economics),390.9488,283.2621,,,217.3901,
Zakir Husain Delhi College,B.A Program (Sanskrit + History),334.1361,304.7093,200.4422,,,
Zakir Husain Delhi College,B.A Program (Sanskrit + Political Science),314.6297,208.3984,,,,
Zakir Husain Delhi College,B.A Program (Urdu + Economics),494.3161,348.8168,,,190.357,
Zakir Husain Delhi College,B.A Program (Urdu + History),431.8455,242.4871,,283.4266,,
Zakir Husain Delhi College,B.A Program (Urdu + Political Science),487.2298,283.5883,,217.2005,,
Zakir Husain Delhi College,B.A Program (Economics + Human Resource Management (HRM)),662.8092,496.8419,447.41,385.7967,503.9118,
Zakir Husain Delhi College,B.A Program (Economics + Mathematics),659.6694,456.001,402.1988,295.5618,404.2123,
Zakir Husain Delhi College,B.A Program (Economics + Political Science),642.7421,543.1082,492.723,510.0781,461.1842,
Zakir Husain Delhi College,B.A Program (History + Philosophy),616.7969,442.3885,416.2502,383.6977,408.1699,
Zakir Husain Delhi College,B.A Program (History + Political Science),612.9117,496.5155,455.568,491.8615,475.8587,
Zakir Husain Delhi College,B.A Program (Human Resource Management (HRM) + Psychology),730.6694,542.5702,567.5598,483.5243,,
Zakir Husain Delhi College,B.A Program (Mathematics + Philosophy),578.4094,447.2769,381.4124,,417.215,
Zakir Husain Delhi College,B.A Program (Mathematics + Psychology),658.6372,479.9235,441.9815,,,
Zakir Husain Delhi College,B.A Program (Philosophy + Psychology),727.6126,562.5931,562.7169,496.1266,562.1117,
Zakir Husain Delhi College (Evening),B.A. (Hons.) English,578.4414,422.3618,368.2354,383.7016,391.777,
Zakir Husain Delhi College (Evening),B.A. (Hons.) Hindi,381.0834,254.266,270.654,,186.0292,
Zakir Husain Delhi College (Evening),B.A. (Hons.) History,541.0736,408.0528,371.8947,299.1405,306.8166,
Zakir Husain Delhi College (Evening),B.A. (Hons.) Persian,453.1005,301.297,210.4831,,229.8573,
Zakir Husain Delhi College (Evening),B.A. (Hons.) Political Science,567.2887,453.0671,388.743,402.3927,353.9772,
Zakir Husain Delhi College (Evening),B.A. (Hons.) Sanskrit,385.5793,207.9811,90.3397,,167.2462,
Zakir Husain Delhi College (Evening),B.A. (Hons.) Urdu,250.9752,258.1886,142.4909,,179.0266,498.7472
Zakir Husain Delhi College (Evening),B.Com (Hons.),668.3504,513.8213,416.1276,112.989,550.8059,284.8674
Zakir Husain Delhi College (Evening),B.Com,632.2452,473.8249,353.9959,133.7968,491.6761,322.8752
Zakir Husain Delhi College (Evening),B.A Program (Arabic + Economics),463.4872,274.3113,,,,
Zakir Husain Delhi College (Evening),B.A Program (Arabic + History),361.2931,118.6396,,,,
Zakir Husain Delhi College (Evening),B.A Program (Arabic + Political Science),426.2722,336.2054,,,333.6859,
Zakir Husain Delhi College (Evening),B.A Program (Bengali + Economics),354.9332,302.9064,,,,
Zakir Husain Delhi College (Evening),B.A Program (Bengali + History),121.9951,,,,,
Zakir Husain Delhi College (Evening),B.A Program (Bengali + Political Science),221.1089,,,,,
Zakir Husain Delhi College (Evening),B.A Program (English + Economics),622.189,457.9195,353.6132,,,
Zakir Husain Delhi College (Evening),B.A Program (English + History),572.3742,469.9585,487.9521,324.3913,,385.7432
Zakir Husain Delhi College (Evening),B.A Program (English + Political Science),611.7682,563.783,,,474.2325,
Zakir Husain Delhi College (Evening),B.A Program (Hindi + Economics),537.0103,405.4819,335.3933,,311.8592,
Zakir Husain Delhi College (Evening),B.A Program (Hindi + History),513.4289,400.0436,331.2847,,253.8972,224.5747
Zakir Husain Delhi College (Evening),B.A Program (Hindi + Political Science),516.0868,411.7965,391.608,,241.0963,
Zakir Husain Delhi College (Evening),B.A Program (Persian + Economics),325.6949,,,,,
Zakir Husain Delhi College (Evening),B.A Program (Persian + History),235.8212,,,,,
Zakir Husain Delhi College (Evening),B.A Program (Persian + Political Science),109.9006,,,,,
Zakir Husain Delhi College (Evening),B.A Program (Sanskrit + Economics),387.1912,224.5837,,,,
Zakir Husain Delhi College (Evening),B.A Program (Sanskrit + History),290.3903,,,,171.39,
Zakir Husain Delhi College (Evening),B.A Program (Sanskrit + Political Science),351.1597,166.9941,207.9698,,,
Zakir Husain Delhi College (Evening),B.A Program (Urdu + Economics),472.274,330.7163,,,,
Zakir Husain Delhi College (Evening),B.A Program (Urdu + History),384.2576,227.0862,,,,
Zakir Husain Delhi College (Evening),B.A Program (Urdu + Political Science),485.6005,367.0031,,141.7073,,
Zakir Husain Delhi College (Evening),B.A Program (Economics + History),539.4181,382.8663,345.9111,313.9925,368.8816,
Zakir Husain Delhi College (Evening),B.A Program (Economics + Human Resource Management (HRM)),623.9078,463.5008,366.8068,174.9622,491.7494,
Zakir Husain Delhi College (Evening),B.A Program (Economics + Mathematics),588.8128,370.1518,300.669,,,
Zakir Husain Delhi College (Evening),B.A Program (Economics + Philosophy),624.7238,495.5698,341.2439,299.2595,452.9952,
Zakir Husain Delhi College (Evening),B.A Program (Economics + Political Science),546.8202,375.0408,335.1487,292.4307,489.7782,209.3527
Zakir Husain Delhi College (Evening),B.A Program (History + Political Science),540.5688,433.0213,415.4325,346.4027,367.0372,174.1732
Zakir Husain Delhi College (Evening),B.A Program (Philosophy + Political Science),601.7984,386.6537,414.2788,358.5585,,
Zakir Husain Delhi College (Evening),B.A Program (English + Philosophy),684.4537,495.7767,434.9439,,412.0847,
Zakir Husain Delhi College (Evening),B.A Program (Banking and Insurance + Economics),642.8104,496.3003,471.4414,473.6773,496.754,410.5019
