College Name,Program Name,UR,OBC,SC,ST,EWS,PwBD
Acharya Narendra Dev College,B.Com (Hons.),732.8347,584.4166,503.6214,303.6907,622.2459,360.4826
Acharya Narendra Dev College,B.Sc (Hons.) Biomedical Science,584.0486,506.2052,433.2944,365.1771,487.4456,111.0584
Acharya Narendra Dev College,B.Sc (Hons.) Botany,495.6776,426.4637,352.6134,318.5966,418.6689,275.2184
Acharya Narendra Dev College,B.Sc (Hons.) Chemistry,345.2494,289.17,199.9137,55.4376,287.4456,
Acharya Narendra Dev College,B.Sc (Hons.) Computer Science,623.987,526.7918,449.2642,327.1838,542.282,170.5457
Acharya Narendra Dev College,B.Sc (Hons.) Electronics,328.8615,253.6016,174.699,45.1257,263.6665,
Acharya Narendra Dev College,B.Sc (Hons.) Physics,353.1253,287.6151,189.3544,119.4289,282.4337,
Acharya Narendra Dev College,B.Sc (Hons.) Zoology,523.1672,451.8946,389.708,336.1288,438.2617,138.1351
Acharya Narendra Dev College,B.Sc (Prog.) Life Science,496.8873,429.4628,348.3705,313.1887,413.0606,
Acharya Narendra Dev College,B.Sc (Hons.) Mathematics,554.9563,446.8995,356.7242,136.6008,466.1677,
Acharya Narendra Dev College,B.Sc (Prog.) Physical Science with Chemistry,263.8205,204.2001,120.7334,87.194,202.2845,
Acharya Narendra Dev College,B.Sc (Prog.) Physical Science with Computer Science/ Informatics Practices,311.2305,240.99,180.0957,82.0525,233.8681,
Acharya Narendra Dev College,B.Sc (Prog.) Physical Science with Electronics,267.6024,192.7838,109.2121,74.7226,196.9648,
Aditi Mahavidyalaya (W),B.A. (Hons.) Geography,599.2695,491.4293,438.2724,417.3075,379.9956,
Aditi Mahavidyalaya (W),B.A. (Hons.) Hindi Patrakarita,348.114,143.3496,205.4582,339.7256,259.0072,184.0765
Aditi Mahavidyalaya (W),B.A. (Hons.) Social Work,522.0779,366.613,250.8291,170.8995,224.1469,
Aditi Mahavidyalaya (W),B.Com (Hons.),684.6319,515.1178,437.6569,114.1443,511.96,
Aditi Mahavidyalaya (W),B.Com,653.6258,489.8393,396.78,363.1992,487.439,
Aditi Mahavidyalaya (W),Bachelor of Elementary Education (B.El.Ed.),574.8927,458.5305,460.6081,289.1541,420.3176,
Aditi Mahavidyalaya (W),B.A Program (Hindi + NHE),448.3693,271.5924,196.7363,169.288,263.5329,
Aditi Mahavidyalaya (W),B.A Program (Hindi + OMSP),435.5592,261.7775,151.18,,251.3041,
Aditi Mahavidyalaya (W),B.A Program (Hindi + Political Science),497.8531,350.5015,357.6249,,107.0957,
Aditi Mahavidyalaya (W),B.A Program (Sanskrit + History),138.7455,,,,,
Aditi Mahavidyalaya (W),B.A Program (Sanskrit + Music),275.2826,,,,,
Aditi Mahavidyalaya (W),B.A Program (Sanskrit + Political Science),160.9487,,,,,
Aditi Mahavidyalaya (W),"B.A Program (Advertising, Sales Promotion and Sales Management (ASPSM) + Economics)",621.799,455.9264,360.8118,240.8669,416.2069,
Aditi Mahavidyalaya (W),"B.A Program (Advertising, Sales Promotion and Sales Management (ASPSM) + Mathematics)",531.226,320.4027,151.2295,,183.5769,
Aditi Mahavidyalaya (W),B.A Program (Economics + Mathematics),613.9327,368.4643,139.0129,,276.3565,
Aditi Mahavidyalaya (W),B.A Program (Economics + Psychology),672.935,503.9694,486.0137,406.6686,416.5507,
Aditi Mahavidyalaya (W),B.A Program (Food Technology (FT) + Geography),540.5028,364.2623,314.7643,227.6727,315.7834,
Aditi Mahavidyalaya (W),B.A Program (Geography + History),561.2119,426.3429,385.9928,455.118,398.6441,
Aditi Mahavidyalaya (W),B.A Program (Human Development and Family Empowerment (HDFE) + Political Science),489.6298,268.4223,209.9362,261.1267,150.2598,
Aditi Mahavidyalaya (W),B.A Program (Mathematics + Psychology),522.421,313.3985,184.6497,322.3026,258.3468,
Aditi Mahavidyalaya (W),B.A Program (Music + Sociology),440.593,205.1091,186.1135,424.8783,333.9506,
Aditi Mahavidyalaya (W),B.A Program (NHE + Sociology),484.0253,264.6557,179.0094,100.2279,264.752,
Aditi Mahavidyalaya (W),B.A Program (Office Management & Secretarial Practice (OMSP) + Sociology),515.5222,328.1308,189.6587,,193.2065,
Aditi Mahavidyalaya (W),B.A Program (Political Science + Sociology),571.679,387.3845,352.4548,339.0731,273.825,
Aditi Mahavidyalaya (W),B.A Program (Economics + Food Technology),559.6814,411.4142,321.8784,317.7956,371.8252,
Aditi Mahavidyalaya (W),B.A Program (Education + Political Science),501.7138,353.1968,289.9915,98.6399,191.0264,
Aditi Mahavidyalaya (W),B.A Program (Education + Human Development and Family Empowerment (HDFE)),523.2724,371.3351,310.4618,178.953,208.636,301.3041
Aditi Mahavidyalaya (W),B.A Program (Education + Geography),523.4311,363.7066,313.6727,213.2117,163.8987,
Aryabhatta College,B.A. (Hons.) Economics,742.8739,517.8125,424.3583,156.6535,541.759,
Aryabhatta College,B.A. (Hons.) English,687.6728,550.4254,495.5274,489.9064,541.0681,250.2998
Aryabhatta College,B.A. (Hons.) Hindi,434.3661,327.5477,309.1463,,164.3973,
Aryabhatta College,B.A. (Hons.) History,698.8301,575.6319,508.9374,492.5103,564.3381,330.2875
Aryabhatta College,B.A. (Hons.) Political Science,732.7833,660.5697,578.4186,547.9907,648.6149,36.3904
Aryabhatta College,B.Sc (Hons.) Computer Science,619.191,533.7895,433.8203,350.6338,545.4297,267.3675
Aryabhatta College,B.Sc (Hons.) Mathematics,594.3184,465.7343,351.4436,234.3143,464.0814,
Aryabhatta College,B.A. (Hons.) Psychology,827.8229,663.5021,654.9658,610.9274,648.539,551.8671
Aryabhatta College,B.Com,771.0155,652.0104,558.0346,462.4842,697.9723,351.9861
Aryabhatta College,B.Com (Hons.),798.5499,693.7673,607.2463,563.9573,744.7676,
Aryabhatta College,Bachelor of Management Studies (BMS),466.3946,351.049,295.947,116.8052,379.1983,191.2099
Aryabhatta College,B.A. (Hons.) Business Economics,440.1942,296.6657,226.3754,267.1339,319.9137,398.221
Aryabhatta College,B.A Program (History + Political Science),668.8343,567.2967,521.034,500.1516,555.2293,427.0403
Aryabhatta College,B.A Program (Economics + Mathematics),683.92,454.7675,339.0815,264.4213,451.4308,
Aryabhatta College,B.A Program (English + Psychology),739.4574,579.6283,560.1491,553.4415,587.6908,272.0387
Atma Ram Sanatan Dharma College,B.Com,811.2144,717.2884,646.7931,522.8915,762.1904,186.7366
Atma Ram Sanatan Dharma College,B.Com (Hons.),836.2143,758.9567,689.3904,593.4347,804.4353,219.3916
Atma Ram Sanatan Dharma College,B.A. (Hons.) English,767.3952,667.342,606.9101,591.2014,692.5509,360.4078
Atma Ram Sanatan Dharma College,B.A. (Hons.) Hindi,438.7651,352.2055,360.3714,179.1321,171.8924,
Atma Ram Sanatan Dharma College,B.A. (Hons.) History,788.458,738.0813,669.1568,623.0415,729.0906,421.7834
Atma Ram Sanatan Dharma College,B.A. (Hons.) Political Science,813.9702,761.6084,697.2752,677.4446,772.5145,527.0392
Atma Ram Sanatan Dharma College,B.A. (Hons.) Economics,784.419,597.6591,504.1274,312.0816,642.5191,
Atma Ram Sanatan Dharma College,B.Sc (Hons.) Physics,412.6958,355.7112,232.3591,112.201,354.7316,
Atma Ram Sanatan Dharma College,B.Sc (Hons.) Chemistry,393.9125,338.4974,242.759,120.3516,333.3142,
Atma Ram Sanatan Dharma College,B.Sc (Hons.) Mathematics,658.1632,525.6807,427.1212,284.5931,518.4063,
Atma Ram Sanatan Dharma College,B.Sc (Hons.) Electronics,400.8852,333.9892,250.0705,122.6178,325.8495,
Atma Ram Sanatan Dharma College,B.Sc (Hons.) Computer Science,687.0766,619.8939,507.54,390.2957,621.6724,238.3449
Atma Ram Sanatan Dharma College,B.Sc (Prog.) Physical Science with Chemistry,303.2443,261.0506,159.1881,177.3068,268.9831,
Atma Ram Sanatan Dharma College,B.Sc (Prog.) Physical Science with Electronics,301.74,250.5881,147.4251,28.8625,243.5995,
Atma Ram Sanatan Dharma College,B.Sc (Prog.) Physical Science with Computer Science/ Informatics Practices,378.8165,312.0141,223.0306,116.9126,324.9624,
Atma Ram Sanatan Dharma College,B.Sc (Prog.) Applied Physical Sciences with Industrial Chemistry,285.5512,229.2782,131.7781,89.6898,230.4827,
Atma Ram Sanatan Dharma College,B.A Program (Sanskrit + Any other discipline subject from (English/Hindi/Sanskrit/Political Sc./Economics/Mathematics/Comp. App./History)),627.1319,469.3535,373.7592,,367.6272,
Atma Ram Sanatan Dharma College,B.A Program (Computer Applications + Any other discipline subject from (English/Hindi/Sanskrit/Political Sc./Economics/Mathematics/Comp. App./History)),769.1646,628.1377,565.002,546.044,662.1726,
Atma Ram Sanatan Dharma College,B.A Program (Mathematics + Any other discipline subject from (English/Hindi/Sanskrit/Political Sc./Economics/Mathematics/Comp. App./History)),771.4634,659.3857,464.3902,477.5079,529.12,
Atma Ram Sanatan Dharma College,B.A Program (English + Any other discipline subject from (English/Hindi/Sanskrit/Political Sc./Economics/Mathematics/Comp. App./History)),789.7924,720.5777,622.0897,586.9411,701.81,636.6833
Atma Ram Sanatan Dharma College,B.A Program (Hindi + Any other discipline subject from (English/Hindi/Sanskrit/Political Sc./Economics/Mathematics/Comp. App./History)),728.6501,655.6888,603.0451,472.5539,646.1065,311.2722
Atma Ram Sanatan Dharma College,B.A Program (Any two disciplines from (History/Political Sc./Economics)),770.9704,691.4034,625.1709,598.2537,734.222,442.8679
Bhagini Nivedita College (W),B.Com,642.426,464.4974,362.2924,,476.9038,
Bhagini Nivedita College (W),B.A. (Hons.) Hindi,303.7703,155.0186,110.3869,,212.1059,
Bhagini Nivedita College (W),B.A. (Hons.) History,566.0337,408.1801,378.7068,283.4084,285.2861,
Bhagini Nivedita College (W),B.Sc (Hons.) Physics,289.8187,210.9768,104.2576,,204.4561,
Bhagini Nivedita College (W),B.Sc (Hons.) Home Science,387.8237,309.7334,255.5949,219.3915,285.0725,
Bhagini Nivedita College (W),B.Sc (Prog.) Physical Science with Computer Science/ Informatics Practices,260.1717,191.177,92.0642,,194.773,
Bhagini Nivedita College (W),B.Sc (Prog.) Physical Science with Chemistry,226.3657,160.3822,10.5019,,155.2152,
Bhagini Nivedita College (W),B.A. (Hons.) Political Science,612.9977,463.1243,421.0116,357.4576,363.6674,
Bhagini Nivedita College (W),B.A Program (History + Political Science),550.3723,401.8044,370.5056,313.0063,336.4101,
Bhagini Nivedita College (W),B.A Program (Economics + Political Science),547.4798,369.3237,323.1649,167.9348,246.6953,
Bhagini Nivedita College (W),B.A Program (Sanskrit + Political Science),301.5306,,,,,
Bhagini Nivedita College (W),B.A Program (Food Technology (FT) + Political Science),494.6588,325.5914,254.9657,,238.3378,
Bhagini Nivedita College (W),B.A Program (Human Development and Family Empowerment (HDFE) + Political Science),483.2488,261.2711,144.7184,,228.6134,
Bhagini Nivedita College (W),B.A Program (Computer Applications + Political Science),502.3131,330.8364,191.7265,269.0387,238.1726,
Bhagini Nivedita College (W),B.A Program (Office Management & Secretarial Practice (OMSP) + Political Science),525.6384,372.5651,386.999,,211.2426,
Bhagini Nivedita College (W),B.A Program (Music + Political Science),463.5997,260.0009,106.2869,,227.2763,
Bhagini Nivedita College (W),B.A Program (Economics + History),542.3333,370.6747,299.1605,353.4786,257.9623,366.5116
Bhagini Nivedita College (W),B.A Program (Sanskrit + History),266.6229,,,,,
Bhagini Nivedita College (W),B.A Program (Food Technology (FT) + History),496.9441,329.0535,261.4178,,201.3753,
Bhagini Nivedita College (W),B.A Program (History + Music),445.2228,276.0787,158.0836,339.9289,,
Bhagini Nivedita College (W),B.A Program (Computer Applications + Economics),558.4217,349.1343,161.6926,,317.6809,
Bhagini Nivedita College (W),B.A Program (Economics + OMSP),577.0983,369.9105,311.9336,,244.7139,
Bhagini Nivedita College (W),B.A Program (Political Science + Nutrition and Health Education (NHE)),499.2005,323.7505,260.9695,327.6524,186.4751,
Bhagini Nivedita College (W),B.A Program (Political Science + Apparel Design & Construction (ADC)),497.8316,303.0547,175.8944,326.9679,284.9451,
Bhagini Nivedita College (W),B.A Program (History + Nutrition and Health Education (NHE)),479.3188,283.1274,279.3014,221.5668,318.6324,
Bhagini Nivedita College (W),B.A Program (History + Apparel Design & Construction (ADC)),483.2037,296.5812,268.6456,,128.2184,
Bhagini Nivedita College (W),B.A Program (History + Human Development and Family Empowerment (HDFE)),476.2269,273.8259,267.3576,,,
Bharati College (W),B.A. (Hons.) English,635.5926,467.3483,440.0113,417.3075,448.8675,
Bharati College (W),B.A. (Hons.) Hindi,267.5043,234.8328,170.928,,147.8641,
Bharati College (W),B.A. (Hons.) Sanskrit,225.9534,125.0603,126.7001,,140.5282,
Bharati College (W),B.A. (Hons.) History,599.2396,434.0465,406.2563,361.9526,308.733,
Bharati College (W),B.A. (Hons.) Political Science,635.9274,524.779,446.1492,400.1527,406.5416,
Bharati College (W),B.Com (Hons.),698.89,535.1653,443.2704,265.7734,558.3873,
Bharati College (W),B.Com,657.9107,476.5475,380.3017,238.7904,500.0676,
Bharati College (W),B.A. (Hons.) Journalism,664.2527,503.429,453.0932,428.5325,509.0441,
Bharati College (W),B.Sc (Hons.) Mathematics,490.1974,377.2055,274.8455,213.58,380.874,
Bharati College (W),B.A. (Hons.) Psychology,757.8068,599.4761,569.2547,516.5481,552.0167,314.2614
Bharati College (W),B.A. (Hons.) Sociology,625.83,466.6275,391.274,448.8033,370.3197,
Bharati College (W),B.A Program (History + Political Science),598.1856,495.874,414.8496,376.3759,405.0597,403.7248
Bharati College (W),B.A Program (Sanskrit + History),214.2325,,,,,
Bharati College (W),B.A Program (Music + Political Science),466.7334,264.4352,334.817,,,
Bharati College (W),B.A Program (History + Music),474.9417,244.6817,199.4481,,308.0573,
Bharati College (W),B.A Program (Human Development and Family Empowerment (HDFE) + Political Science),522.1645,342.1874,260.0152,240.3994,227.6099,
Bharati College (W),B.A Program (Economics + Political Science),605.5493,428.873,379.9192,215.9304,309.6644,
Bharati College (W),B.A Program (Punjabi + History),365.7658,,,,,
Bharati College (W),B.A Program (Economics + OMSP),603.738,397.5431,365.3768,413.2313,425.4051,
Bharati College (W),B.A Program (History + OMSP),522.7315,362.5951,279.602,,251.9954,
Bharati College (W),B.A Program (Computer Applications + Economics),601.9453,404.4367,282.1624,157.0426,376.7137,
Bharati College (W),B.A Program (Computer Applications + Political Science),509.5745,362.996,128.9077,,282.7316,
Bharati College (W),B.A Program (Sanskrit + Economics),365.91,290.5495,,,,
Bharati College (W),B.A Program (Punjabi + Economics),404.543,,258.5353,,,
Bhaskaracharya College of Applied Sciences,B.Sc (Hons.) Biomedical Science,569.0227,486.5648,413.3248,349.2506,467.8603,198.0644
Bhaskaracharya College of Applied Sciences,B.Sc (Hons.) Botany,490.6732,421.5655,351.0717,313.7545,418.6575,
Bhaskaracharya College of Applied Sciences,B.Sc (Hons.) Chemistry,330.0557,267.7793,179.8708,38.4355,265.0387,
Bhaskaracharya College of Applied Sciences,B.Sc (Hons.) Computer Science,602.3322,502.8364,421.6456,299.8128,517.387,
Bhaskaracharya College of Applied Sciences,B.Sc (Hons.) Electronics,309.5361,231.3323,155.8526,86.0702,233.784,
Bhaskaracharya College of Applied Sciences,B.Sc (Hons.) Food Technology,528.7782,454.17,361.6898,320.918,446.0362,207.9824
Bhaskaracharya College of Applied Sciences,B.Sc (Hons.) Instrumentation,263.9009,176.1764,106.5834,,177.7178,
Bhaskaracharya College of Applied Sciences,B.Sc (Hons.) Microbiology,564.7547,489.0684,433.0196,386.1313,494.2581,210.9363
Bhaskaracharya College of Applied Sciences,B.Sc (Hons.) Physics,344.78,261.8443,174.9422,191.7412,276.0514,
Bhaskaracharya College of Applied Sciences,B.Sc (Hons.) Polymer Science,255.3615,190.2892,98.4277,50.2981,179.0342,
Bhaskaracharya College of Applied Sciences,B.Sc (Hons.) Zoology,519.6565,450.0409,385.1687,332.9748,436.9493,
Cluster Innovation Centre,B.A. (Hons.) Humanities and Social Sciences,701.9821,544.8145,433.7454,441.0066,557.3505,147.947
Cluster Innovation Centre,B.Tech. Information Technology and Mathematical Innovations (IT & MI),544.1282,491.0427,427.0517,352.419,508.5963,369.5526
College of Vocational Studies,B.Com (Hons.),806.8199,708.7422,629.6152,502.0245,751.7142,
College of Vocational Studies,B.A. (Hons.) Economics,753.7126,527.3371,412.4182,,586.4994,
College of Vocational Studies,B.A. (Hons.) History,685.6489,571.7592,479.2036,470.9558,540.4917,
College of Vocational Studies,B.Sc (Hons.) Computer Science,625.2231,533.296,422.1329,319.8129,570.8252,
College of Vocational Studies,B.A. (Hons.) Hindi,340.978,233.3898,273.1135,,,
College of Vocational Studies,B.A. (Hons.) English,700.1742,577.2785,500.759,466.8495,546.8861,
College of Vocational Studies,B.A. (Hons.) Business Economics,459.1219,317.2761,251.4898,230.5381,338.6122,
College of Vocational Studies,Bachelor of Management Studies (BMS),492.8794,369.0857,318.7487,131.5557,399.2231,323.3045
College of Vocational Studies,B.A. (Vocational Studies) Office Management and Secretarial Practice,623.6842,452.6316,396.3651,171.7311,464.7708,118.5807
College of Vocational Studies,B.A. (Vocational Studies) Marketing Management and Retail Business,658.0357,493.4282,427.8156,220.0943,515.4864,361.1319
College of Vocational Studies,B.A. (Vocational Studies) Human Resource Management,672.8285,526.3196,455.2679,338.2484,545.6254,98.3606
College of Vocational Studies,B.A. (Vocational Studies) Small and Medium Enterprises,643.3022,475.7807,397.2246,145.4212,483.3703,369.963
College of Vocational Studies,B.A. (Vocational Studies) Management and Marketing of Insurance,655.0416,487.3425,432.8703,211.6507,539.0396,
College of Vocational Studies,B.A. (Vocational Studies) Material Management,623.0153,452.0989,387.8609,111.883,463.6989,
College of Vocational Studies,B.A. (Vocational Studies) Tourism Management,623.7913,476.5412,413.428,369.0659,466.5512,299.0261
Daulat Ram College (W),B.A. (Hons.) Economics,785.1478,606.5768,518.9051,279.9936,648.833,
Daulat Ram College (W),B.A. (Hons.) English,772.7406,673.3032,628.2554,605.4595,700.0223,198.6055
Daulat Ram College (W),B.A. (Hons.) Hindi,407.2101,239.3855,290.5128,256.7954,248.0607,
Daulat Ram College (W),B.A. (Hons.) History,808.3662,746.4797,654.805,677.6874,727.6561,193.3197
Daulat Ram College (W),B.A. (Hons.) Philosophy,739.5371,623.2073,564.5482,457.9378,636.891,
Daulat Ram College (W),B.A. (Hons.) Political Science,833.2116,791.0284,701.5432,715.0873,794.6734,516.4146
Daulat Ram College (W),B.A. (Hons.) Psychology,863.6691,758.5239,735.6204,741.6828,766.8753,587.9569
Daulat Ram College (W),B.A. (Hons.) Sanskrit,144.2623,137.0195,219.924,,162.1896,
Daulat Ram College (W),B.Sc (Hons.) Bio-Chemistry,600.5219,537.956,478.6168,425.1411,549.1876,387.7504
Daulat Ram College (W),B.Sc (Hons.) Botany,550.3054,497.9478,417.9186,380.8104,489.9871,
Daulat Ram College (W),B.Sc (Hons.) Chemistry,424.5794,366.448,245.9425,148.1539,358.2186,
Daulat Ram College (W),B.Sc (Hons.) Physics,416.3031,348.8481,229.5168,106.7307,358.2784,
Daulat Ram College (W),B.Sc (Hons.) Mathematics,677.1488,531.5764,448.6911,329.4107,564.6956,
Daulat Ram College (W),B.Sc (Hons.) Zoology,586.054,542.4784,457.0313,422.1692,545.216,197.6869
Daulat Ram College (W),B.Sc (Prog.) Life Science,542.0587,491.8056,396.4317,339.269,502.0534,
Daulat Ram College (W),B.Com (Hons.),854.4652,775.9354,694.1709,628.72,809.0509,188.2322
Daulat Ram College (W),B.Com,830.6743,744.9237,659.7142,537.3394,792.5354,313.0379
Daulat Ram College (W),B.A Program (Sanskrit + Music),323.8239,278.321,,,,
Daulat Ram College (W),B.A Program (Economics + Mathematics),787.6145,616.5337,475.7667,534.1977,680.952,
Daulat Ram College (W),B.A Program (History + Political Science),801.8922,738.4105,658.859,653.9112,734.1071,439.0972
Daulat Ram College (W),B.A Program (Music + Nutrition And Health Education(NHE)),644.9605,495.0625,424.0802,,494.6593,
Daulat Ram College (W),B.A Program (Philosophy + Psychology),782.2398,661.3986,596.0216,520.5891,644.79,
Daulat Ram College (W),B.A Program (Physical Education + Political Science),726.0442,597.8289,532.2555,513.9147,573.739,
Daulat Ram College (W),B.A Program (Hindi + Physical Education),586.7643,449.8434,447.1007,318.9799,365.0142,
Daulat Ram College (W),B.A Program (English + History),766.2212,713.4315,619.6187,663.5146,690.3362,276.0732
Daulat Ram College (W),B.A Program (Entrepreneurship And Small Business + Nutrition And Health Education),711.4074,585.0085,508.8658,490.5376,607.2395,369.4688
Deen Dayal Upadhyaya College,B.A. (Hons.) English,698.5716,561.2099,514.8259,504.6131,548.359,173.768
Deen Dayal Upadhyaya College,Bachelor of Management Studies (BMS),518.7398,411.1104,340.6504,205.7432,456.8272,186.9152
Deen Dayal Upadhyaya College,B.Com (Hons.),793.8481,682.3042,590.6385,457.5267,724.7993,245.7904
Deen Dayal Upadhyaya College,B.Sc (Hons.) Botany,519.8485,450.1408,380.1502,325.4461,455.9428,
Deen Dayal Upadhyaya College,B.Sc (Hons.) Chemistry,373.0867,316.4585,230.3032,59.2297,318.3152,
Deen Dayal Upadhyaya College,B.Sc (Hons.) Computer Science,667.6186,583.9016,490.6712,397.9018,606.9516,175.6351
Deen Dayal Upadhyaya College,B.Sc (Hons.) Electronics,339.9971,258.7753,168.0947,65.7898,265.3238,
Deen Dayal Upadhyaya College,B.Sc (Hons.) Mathematics,598.2197,466.8181,363.5493,157.6531,495.2494,
Deen Dayal Upadhyaya College,B.Sc (Hons.) Physics,384.4149,304.5111,211.4853,101.3231,320.177,
Deen Dayal Upadhyaya College,B.Sc (Hons.) Zoology,546.6592,499.257,414.3595,403.0625,478.2976,
Deen Dayal Upadhyaya College,B.Sc (Prog.) Life Science,518.3101,454.5518,369.2704,298.5448,459.0775,
Deen Dayal Upadhyaya College,B.Sc (Prog.) Mathematical Sciences,557.7606,404.6246,324.9851,,426.2098,
Deen Dayal Upadhyaya College,B.Sc (Prog.) Physical Science with Chemistry,281.1215,224.8939,135.6116,99.6239,226.5999,
Deen Dayal Upadhyaya College,B.Sc (Prog.) Physical Science with Computer Science/ Informatics Practices,350.3149,268.4662,193.7131,75.0921,306.5314,
Deen Dayal Upadhyaya College,B.A Program (Economics + History),658.8395,525.2378,442.371,431.6201,493.9538,504.672
Deen Dayal Upadhyaya College,B.A Program (Economics + Political Science),673.999,552.4115,488.2891,527.7587,526.8759,324.6003
Deen Dayal Upadhyaya College,B.A Program (History + Political Science),688.8851,582.711,499.014,542.8592,528.6847,282.2205
Delhi College of Arts and Commerce,B.Com,801.5967,707.1414,614.1507,510.0171,752.1182,239.5408
Delhi College of Arts and Commerce,B.Com (Hons.),823.09,739.5729,661.1781,603.3992,779.2176,351.649
Delhi College of Arts and Commerce,B.A. (Hons.) Economics,774.8924,588.129,495.6159,331.9738,627.9565,
Delhi College of Arts and Commerce,B.A. (Hons.) English,734.1261,610.8578,568.1556,553.5541,636.0368,168.6279
Delhi College of Arts and Commerce,B.A. (Hons.) History,751.1859,683.8147,598.4593,600.8411,677.5465,345.538
Delhi College of Arts and Commerce,B.A. (Hons.) Political Science,783.8359,724.9235,658.4271,666.6242,736.9917,425.7076
Delhi College of Arts and Commerce,B.A. (Hons.) Journalism,770.0124,634.6145,588.9355,543.3519,686.2549,546.4543
Delhi College of Arts and Commerce,B.A Program (Hindi + History),636.2649,554.3964,465.5062,440.4598,486.4767,344.5355
Delhi College of Arts and Commerce,B.A Program (Hindi + Political Science),653.0648,561.6135,512.5979,366.2587,573.3907,
Delhi College of Arts and Commerce,"B.A Program (Advertising, Sales Promotion and Sales Management (ASPSM) + Economics)",756.7489,662.5256,596.1981,528.9737,661.9817,386.8093
Delhi College of Arts and Commerce,B.A Program (Economics + Human Resource Management (HRM)),777.7884,651.7545,564.5285,487.3624,657.606,386.5245
Delhi College of Arts and Commerce,B.A Program (History + Political Science),756.1841,669.507,627.0201,582.6786,658.884,475.5021
Delhi College of Arts and Commerce,B.A Program (English + German),609.848,437.7893,464.2902,,418.9319,
Delhi College of Arts and Commerce,B.A Program (Hindi + Physical Education),589.1527,482.4502,462.9744,345.2745,434.3757,
Delhi College of Arts and Commerce,B.A Program (Economics + Mathematics),764.9153,584.6353,469.2289,416.3601,694.3008,
Delhi College of Arts and Commerce,B.A Program (English + Spanish),576.8962,397.9704,394.7284,162.9822,376.7023,
Delhi College of Arts and Commerce,B.A Program (Computer Applications + Mathematics),696.4731,590.1552,451.127,415.634,557.5084,101.0236
Delhi College of Arts and Commerce,B.A Program (Operational Research (OR) + Computer Applications),694.9676,514.5333,457.2501,379.4702,486.3923,269.1027
Delhi College of Arts and Commerce,B.A Program (Accounting and Finance + Computer Applications),765.0813,617.6511,595.4722,460.2876,612.8543,
Delhi School of Journalism,Five Year Integrated Program in Journalism,493.6812,397.0891,362.4327,338.8996,408.7169,207.3964
Department of Germanic and Romance Studies,B.A. (Hons.) French,665.8209,506.3633,497.2921,461.1582,541.2643,
Department of Germanic and Romance Studies,B.A. (Hons.) German,656.7121,509.5237,578.3807,352.9079,512.9012,367.1473
Department of Germanic and Romance Studies,B.A. (Hons.) Italian,610.4119,426.0207,448.5218,232.4532,450.0011,
Department of Germanic and Romance Studies,B.A. (Hons.) Spanish,631.8759,473.5042,468.4299,343.2321,489.5873,532.8122
Department of Slavonic and Finno Ugrian Studies,B.A. (Hons.) Russian,568.3705,393.3061,383.7174,115.9745,372.0155,190.2248
Deshbandhu College,B.A. (Hons.) Economics,714.235,466.9849,355.534,281.9009,498.2547,
Deshbandhu College,B.A. (Hons.) English,666.9535,526.9194,470.8978,465.4004,494.3154,
Deshbandhu College,B.A. (Hons.) Hindi,331.7953,185.9137,239.744,,301.0374,
Deshbandhu College,B.A. (Hons.) History,657.5386,528.1445,460.461,447.7758,491.1602,
Deshbandhu College,B.A. (Hons.) Political Science,709.4627,608.6569,530.4367,513.4197,532.5649,
Deshbandhu College,B.A. (Hons.) Sanskrit,107.822,227.4935,101.8232,363.7421,110.1437,
Deshbandhu College,B.Com (Hons.),776.0029,645.1453,557.7315,385.2,705.412,198.878
Deshbandhu College,B.Sc (Prog.) Life Science,489.9698,416.4507,339.5885,287.6744,413.7575,
Deshbandhu College,B.Sc (Hons.) Bio-Chemistry,576.1282,512.9982,421.1465,399.5785,508.6111,140.3732
Deshbandhu College,B.Sc (Hons.) Botany,495.4362,421.3671,351.2582,315.488,421.0772,
Deshbandhu College,B.Sc (Hons.) Chemistry,362.7906,288.5455,197.6266,133.1091,317.7746,
Deshbandhu College,B.Sc (Hons.) Mathematics,543.7096,426.7665,303.5262,133.5476,433.8406,
Deshbandhu College,B.Sc (Hons.) Physics,345.6461,275.0243,171.3883,67.5173,261.0906,
Deshbandhu College,B.Sc (Hons.) Zoology,521.0522,452.6467,384.5131,349.5052,445.4352,
Deshbandhu College,B.Sc (Prog.) Physical Science with Chemistry,245.02,181.2421,81.1389,,167.6286,
Deshbandhu College,B.Sc (Prog.) Physical Science with Computer Science/ Informatics Practices,303.1568,232.6661,171.7776,152.2297,236.5716,
Deshbandhu College,B.Sc (Prog.) Applied Physical Sciences with Industrial Chemistry,244.3071,177.3206,87.553,,172.4807,
Deshbandhu College,B.A Program (English + Economics),725.0846,616.515,582.508,515.3367,609.3477,
Deshbandhu College,B.A Program (English + History),689.1443,585.0619,546.4641,,522.158,
Deshbandhu College,B.A Program (English + Mathematics),649.0295,503.4889,423.7455,,485.9108,
Deshbandhu College,B.A Program (English + Political Science),697.0872,588.6195,538.2256,549.9581,518.2421,284.8176
Deshbandhu College,B.A Program (English + Philosophy),646.5925,522.5437,494.8619,478.8522,475.2634,
Deshbandhu College,B.A Program (Hindi + History),599.2482,511.2962,454.2566,403.3858,442.6795,233.0662
Deshbandhu College,B.A Program (Hindi + Philosophy),603.8081,452.497,422.7681,,448.9963,
Deshbandhu College,B.A Program (Hindi + Political Science),607.174,509.9053,511.4669,279.4028,480.3997,
Deshbandhu College,B.A Program (Sanskrit + History),407.5401,343.8921,272.2964,,,
Deshbandhu College,B.A Program (Sanskrit + Philosophy),461.9024,176.5942,253.2057,,,
Deshbandhu College,B.A Program (Economics + History),699.606,656.7595,551.0389,,573.0089,
Deshbandhu College,B.A Program (Economics + Mathematics),714.1629,544.047,421.3228,,465.2512,
Deshbandhu College,B.A Program (Economics + Philosophy),677.8759,534.4982,456.6604,,518.5486,
Deshbandhu College,B.A Program (Economics + Political Science),718.2522,642.4685,530.5369,442.7346,531.7053,
Deshbandhu College,B.A Program (History + Mathematics),614.539,496.1197,393.0311,,414.7249,
Deshbandhu College,B.A Program (History + Philosophy),646.3841,513.7833,457.8163,433.6208,,
Deshbandhu College,B.A Program (History + Political Science),659.1836,546.9016,473.6316,487.3288,505.416,445.6802
Deshbandhu College,B.A Program (Mathematics + Philosophy),674.2458,480.3569,285.6982,,375.9386,
Deshbandhu College,B.A Program (Mathematics + Political Science),622.8372,546.5997,371.6482,,427.1894,
Deshbandhu College,B.A Program (Philosophy + Political Science),652.172,563.4103,466.7787,453.6764,460.1689,
Deshbandhu College,B.A Program (Bengali + History),356.9858,275.2013,,,,
Deshbandhu College,B.A Program (Bengali + Political Science),223.8864,,,,,
Deshbandhu College,B.A Program (Punjabi + History),432.1447,278.119,,,,
Deshbandhu College,B.A Program (Hindi + Economics),631.9636,491.4445,449.5697,196.217,,
Deshbandhu College,B.A Program (Sanskrit + Economics),492.2715,194.3791,130.5581,,,
Deshbandhu College,B.A Program (Punjabi + Political Science),512.656,315.5533,,,,
Deshbandhu College,B.A Program (Sindhi + History),316.3928,,,,,
Deshbandhu College,B.A Program (Sanskrit + Political Science),417.49,343.8465,,,,
Dr. Bhim Rao Ambedkar College,B.A. (Hons.) Applied Psychology,753.8317,572.3418,551.7656,461.2082,515.7198,308.9444
Dr. Bhim Rao Ambedkar College,B.A. (Hons.) Geography,627.5698,527.1802,478.0843,488.0296,440.5453,
Dr. Bhim Rao Ambedkar College,B.A. (Hons.) Hindi Patrakarita,420.5741,290.1825,295.8146,237.7505,251.9963,
Dr. Bhim Rao Ambedkar College,B.A. (Hons.) History,613.1171,494.3043,451.5034,440.2735,422.9433,
Dr. Bhim Rao Ambedkar College,B.A. (Hons.) Social Work,565.5491,401.5735,368.5257,232.5379,379.8719,
Dr. Bhim Rao Ambedkar College,B.Com,689.0398,533.1281,446.2807,205.6726,565.2786,
Dr. Bhim Rao Ambedkar College,B.Com (Hons.),720.7354,569.1238,494.9202,323.1759,601.1855,
Dr. Bhim Rao Ambedkar College,B.A. (Hons.) Economics,677.8493,406.6094,341.8282,153.7209,405.0013,
Dr. Bhim Rao Ambedkar College,B.A. (Hons.) Hindi,316.4518,76.2602,228.6746,,235.0846,
Dr. Bhim Rao Ambedkar College,B.A. (Hons.) Business Economics,408.3484,271.5114,192.89,,282.3812,
Dr. Bhim Rao Ambedkar College,B.A Program (English + History),612.6312,480.5706,485.5888,444.6911,430.1761,
Dr. Bhim Rao Ambedkar College,B.A Program (English + Psychology),729.7447,577.573,556.7168,530.2086,545.2978,
Dr. Bhim Rao Ambedkar College,B.A Program (Hindi + History),525.1125,390.0579,384.4931,308.2774,317.975,267.3101
Dr. Bhim Rao Ambedkar College,B.A Program (Hindi + Political Science),525.2958,397.7282,395.807,183.5811,246.9663,
Dr. Bhim Rao Ambedkar College,B.A Program (Sanskrit + OMSP),278.9969,247.3043,113.9957,,,
Dr. Bhim Rao Ambedkar College,B.A Program (Sanskrit + Political Science),311.2267,161.2659,239.3724,,,
Dr. Bhim Rao Ambedkar College,B.A Program (Urdu + History),367.9461,123.6832,,132.2497,,
Dr. Bhim Rao Ambedkar College,B.A Program (Urdu + Political Science),394.6811,51.845,,255.5977,,
Dr. Bhim Rao Ambedkar College,B.A Program (Economics + Geography),599.9211,474.5242,493.3807,422.3477,439.2348,367.5978
Dr. Bhim Rao Ambedkar College,B.A Program (Economics + Human Resource Management (HRM)),662.8919,516.3914,432.1366,390.4822,552.6012,
Dr. Bhim Rao Ambedkar College,B.A Program (Economics + Mathematics),634.6696,390.4499,296.9679,235.4895,381.7512,
Dr. Bhim Rao Ambedkar College,B.A Program (Economics + OMSP),611.0254,446.395,377.3495,99.4902,406.0876,
Dr. Bhim Rao Ambedkar College,B.A Program (Geography + Psychology),704.1188,499.0505,486.665,474.38,508.4011,
Dr. Bhim Rao Ambedkar College,B.A Program (History + Political Science),596.8694,469.1737,448.4273,464.4361,419.8317,
Dr. Bhim Rao Ambedkar College,B.A Program (Human Resource Management (HRM) + Mathematics),620.9101,444.2425,334.3475,193.3222,440.1482,
Dr. Bhim Rao Ambedkar College,B.A Program (Human Resource Management (HRM) + Psychology),725.0439,565.3433,544.5279,429.85,640.0993,
Dr. Bhim Rao Ambedkar College,B.A Program (Office Management & Secretarial Practice (OMSP) + Political Science),591.988,431.7545,421.7159,374.3075,461.268,
Dyal Singh College,B.A. (Hons.) Hindi,328.6103,148.5672,206.174,235.8788,242.6931,
Dyal Singh College,B.A. (Hons.) Economics,749.579,515.9326,399.9683,269.8803,574.6828,
Dyal Singh College,B.A. (Hons.) History,712.6821,605.5847,538.6272,515.0875,597.8771,
Dyal Singh College,B.A. (Hons.) Political Science,749.3885,683.7872,613.5901,603.6003,687.7932,279.3246
Dyal Singh College,B.A. (Hons.) Geography,729.7331,670.7879,546.7216,570.0255,572.1235,545.395
Dyal Singh College,B.A. (Hons.) English,690.9892,560.8991,495.7179,497.7345,559.0815,
Dyal Singh College,B.Com,784.1049,671.2881,566.4087,392.0707,715.6461,
Dyal Singh College,B.Com (Hons.),800.7315,701.0234,609.5527,457.8478,745.6063,182.2529
Dyal Singh College,B.Sc (Hons.) Mathematics,564.7251,438.041,333.9565,138.5441,438.2298,
Dyal Singh College,B.Sc (Hons.) Botany,505.1995,444.8327,372.4051,321.5501,459.68,
Dyal Singh College,B.Sc (Hons.) Chemistry,362.3986,307.9793,220.205,81.8892,303.7876,
Dyal Singh College,B.Sc (Hons.) Physics,357.5797,283.2824,189.3066,51.8525,277.3781,
Dyal Singh College,B.Sc (Hons.) Zoology,536.1226,487.0329,395.4213,378.8328,488.8896,
Dyal Singh College,B.Sc (Prog.) Physical Science with Chemistry,254.2858,190.5256,95.8839,101.535,174.3062,
Dyal Singh College,B.Sc (Prog.) Physical Science with Computer Science/ Informatics Practices,314.1831,238.5993,170.0881,39.7465,259.2575,
Dyal Singh College,B.Sc (Prog.) Life Science,500.1906,430.9716,344.0416,289.7991,426.79,
Dyal Singh College,B.Sc (Hons.) Computer Science,640.9361,540.4769,462.2125,306.3763,580.3588,440.608
Dyal Singh College,B.A. (Hons.) Philosophy,644.2538,496.7576,447.2844,334.2814,452.0258,
Dyal Singh College,B.A. (Hons.) Punjabi,436.0901,268.5035,195.9119,174.5717,91.2487,
Dyal Singh College,B.A. (Hons.) Urdu,183.9648,176.6545,235.2844,235.8598,192.7876,
Dyal Singh College,B.A. (Hons.) Sanskrit,377.734,221.0044,94.7074,,223.0854,
Dyal Singh College,B.A Program (Bengali + Geography),458.9326,,210.6883,,,
Dyal Singh College,B.A Program (Bengali + History),296.7643,,231.9602,183.8829,,
Dyal Singh College,B.A Program (Bengali + Political Science),236.1467,,216.3147,,,
Dyal Singh College,B.A Program (English + Economics),744.7521,605.7677,538.7364,,614.4187,
Dyal Singh College,B.A Program (English + History),706.8587,580.6101,561.8463,,594.5519,
Dyal Singh College,B.A Program (English + Political Science),730.9323,639.3357,586.1046,591.9727,618.212,
Dyal Singh College,B.A Program (Hindi + Geography),638.1799,541.1665,530.6798,,609.3592,
Dyal Singh College,B.A Program (Hindi + History),620.4958,535.2934,451.7957,,444.1049,
Dyal Singh College,B.A Program (Hindi + Political Science),636.7563,537.8055,555.5267,336.5147,463.7526,
Dyal Singh College,B.A Program (Punjabi + Economics),559.7818,400.3789,344.9012,,,
Dyal Singh College,B.A Program (Punjabi + History),416.0545,277.8129,214.1037,,,
Dyal Singh College,B.A Program (Punjabi + Political Science),524.9631,145.8535,333.2781,,,
Dyal Singh College,B.A Program (Sanskrit + Geography),481.4533,322.5532,245.4311,,225.9757,
Dyal Singh College,B.A Program (Sanskrit + History),445.6591,359.5819,140.2364,,166.0797,
Dyal Singh College,B.A Program (Sanskrit + Political Science),463.9549,344.1575,429.0942,,,
Dyal Singh College,B.A Program (Urdu + Economics),567.3722,363.4101,,,,
Dyal Singh College,B.A Program (Urdu + History),479.7705,289.4253,,,,
Dyal Singh College,B.A Program (Urdu + Political Science),490.1432,354.5048,252.5096,,,
Dyal Singh College,B.A Program (Commerce + Economics),757.4763,636.7329,532.5117,424.5818,707.7063,224.4948
Dyal Singh College,B.A Program (Economics + Geography),717.5783,636.9683,627.6926,,,
Dyal Singh College,B.A Program (Economics + History),717.9064,637.0045,550.2289,,611.404,
Dyal Singh College,B.A Program (Economics + Mathematics),724.553,498.9529,383.8946,83.108,541.7768,
Dyal Singh College,B.A Program (Economics + Philosophy),713.4057,613.6705,500.7298,,549.3439,
Dyal Singh College,B.A Program (Economics + Political Science),727.0051,668.676,582.6064,,,
Dyal Singh College,B.A Program (Geography + History),711.5949,636.4374,608.019,612.3507,,
Dyal Singh College,B.A Program (Geography + Mathematics),597.4054,509.565,408.8438,,388.9933,
Dyal Singh College,B.A Program (Geography + Political Science),718.0154,667.4632,573.1709,,,
Dyal Singh College,B.A Program (History + Philosophy),687.2657,541.3086,488.3613,420.5887,507.344,378.8744
Dyal Singh College,B.A Program (History + Political Science),734.1933,650.8069,555.7258,554.494,,310.7165
Dyal Singh College,B.A Program (Philosophy + Political Science),683.4297,570.8646,500.0489,463.116,530.399,
Dyal Singh College (Evening),B.A. (Hons.) English,602.8235,440.5334,402.2434,346.7592,416.739,
Dyal Singh College (Evening),B.A. (Hons.) Political Science,595.8903,483.5217,417.21,392.7609,365.51,
Dyal Singh College (Evening),B.Com,696.6318,542.5003,422.8353,132.6682,586.3611,
Dyal Singh College (Evening),B.Com (Hons.),731.8289,606.2121,502.6898,160.0793,641.2462,367.0678
Dyal Singh College (Evening),B.A Program (Computer Applications + Economics),580.8263,411.9122,295.8281,121.9643,372.0934,
Dyal Singh College (Evening),B.A Program (Human Resource Management (HRM) + Economics),621.2934,440.9865,363.6501,179.0696,468.7022,
Dyal Singh College (Evening),B.A. (Hons.) History,571.0437,439.6537,407.9773,350.0005,371.106,
Dyal Singh College (Evening),B.A Program (Entrepreneurship and Small Business (ESB) + History),570.5113,408.9274,325.9371,307.6851,382.1689,
Dyal Singh College (Evening),B.A Program (Entrepreneurship and Small Business (ESB) + Political Science),567.967,431.1675,351.1284,161.2376,366.5916,
Dyal Singh College (Evening),B.A Program (Economics + Political Science),602.0416,432.2937,386.8302,265.8806,362.6716,
Dyal Singh College (Evening),B.A Program (History + Political Science),577.8715,453.9178,408.3969,442.085,366.5118,
Dyal Singh College (Evening),B.A Program (Tamil + Political Science),110.2256,,,,,
Dyal Singh College (Evening),B.A Program (Punjabi + History),230.0743,208.5036,,,,
Dyal Singh College (Evening),B.A Program (Sanskrit + History),294.8587,141.2382,,,193.3596,
Dyal Singh College (Evening),B.A Program (Urdu + History),326.8597,155.9036,,,,
Dyal Singh College (Evening),B.A Program (Economics + Mathematics),585.2343,353.1488,219.7113,,313.5713,
Gargi College (W),B.A. (Hons.) Applied Psychology,850.5985,723.5241,669.4557,648.7218,715.4145,567.5997
Gargi College (W),B.A. (Hons.) English,767.2458,654.733,598.0277,599.3785,662.4676,215.8974
Gargi College (W),B.A. (Hons.) Hindi,393.9713,239.479,270.6544,,198.2557,
Gargi College (W),B.A. (Hons.) History,766.9454,700.6712,616.6509,596.6176,685.5639,
Gargi College (W),B.A. (Hons.) Philosophy,717.4695,568.5554,458.8181,365.8792,543.2007,
Gargi College (W),B.A. (Hons.) Political Science,808.9957,733.3008,655.8275,615.548,732.0993,213.2966
Gargi College (W),B.A. (Hons.) Sanskrit,307.6891,125.3568,183.9767,,172.8677,
Gargi College (W),B.Com,797.6484,683.8164,585.3005,429.9257,729.0852,
Gargi College (W),B.Com (Hons.),828.766,736.9118,645.6283,533.4691,773.1145,460.5817
Gargi College (W),B.Sc (Hons.) Botany,535.7698,470.9622,395.8431,353.4468,476.0173,207.8424
Gargi College (W),B.Sc (Hons.) Chemistry,406.0578,337.3103,233.637,121.0704,323.632,
Gargi College (W),B.Sc (Hons.) Microbiology,601.7184,530.2351,477.5724,430.8997,550.8193,349.8572
Gargi College (W),B.Sc (Hons.) Mathematics,653.5414,494.053,396.1807,286.4026,504.5772,
Gargi College (W),B.Sc (Hons.) Physics,410.1355,326.2569,214.5705,144.3006,325.6638,
Gargi College (W),B.Sc (Hons.) Zoology,563.9865,508.0982,440.4888,383.0089,502.7939,266.5327
Gargi College (W),B.Sc (Prog.) Life Science,524.4764,458.7137,369.932,309.6136,465.7892,77.0655
Gargi College (W),B.Sc (Prog.) Physical Science with Chemistry,298.1095,222.1315,123.792,99.8405,252.2179,
Gargi College (W),B.A. (Hons.) Economics,790.177,574.8543,461.9958,175.2539,624.2011,
Gargi College (W),B.A. (Hons.) Business Economics,473.9557,330.4291,268.6109,218.4808,357.9154,
Gargi College (W),Bachelor of Elementary Education (B.El.Ed.),671.3349,554.1384,574.3577,430.6915,496.2724,118.0948
Gargi College (W),B.A Program (English + German),620.624,423.2045,430.371,196.321,322.4103,
Gargi College (W),B.A Program (English + History),758.354,665.4891,620.4236,620.3289,,
Gargi College (W),B.A Program (English + Philosophy),728.7563,622.9181,541.7163,,614.6777,
Gargi College (W),B.A Program (English + Psychology),812.8666,686.0651,670.8329,627.5319,677.443,253.1706
Gargi College (W),B.A Program (German + History),563.0903,384.9499,340.0715,,303.3183,
Gargi College (W),B.A Program (German + Political Science),616.6878,293.3565,320.5753,435.4093,430.8915,
Gargi College (W),B.A Program (Hindi + History),648.3246,575.1476,491.2275,388.694,547.4571,
Gargi College (W),B.A Program (Hindi + Political Science),665.9777,565.9855,479.2269,319.8705,575.817,422.4423
Gargi College (W),B.A Program (Computer Applications + Economics),786.8694,594.0554,585.8113,,598.1722,
Gargi College (W),B.A Program (Computer Applications + Entrepreneurship and Small Business (ESB)),704.9221,490.3671,431.1979,319.2224,480.6377,
Gargi College (W),B.A Program (Computer Applications + Mathematics),694.2463,498.1261,472.6859,,541.0894,
Gargi College (W),B.A Program (Economics + Entrepreneurship and Small Business (ESB)),767.9016,637.2795,613.8526,478.5195,666.5907,
Gargi College (W),B.A Program (Economics + Mathematics),772.6082,568.4711,,,640.2478,
Gargi College (W),B.A Program (Economics + Political Science),786.6328,712.1195,631.5454,603.088,699.088,
Gargi College (W),B.A Program (Economics + Psychology),826.8869,665.2427,616.9198,609.7226,697.3629,
Gargi College (W),B.A Program (Entrepreneurship and Small Business (ESB) + Mathematics),713.709,447.0303,396.0676,,493.5386,
Gargi College (W),B.A Program (History + Philosophy),727.0244,656.3558,558.0026,,579.8777,
Gargi College (W),B.A Program (History + Political Science),758.9793,696.7471,600.1514,580.1734,690.4397,569.6876
Gargi College (W),B.A Program (Philosophy + Political Science),728.5102,639.5931,540.8437,567.0196,640.2712,
Gargi College (W),B.A Program (Philosophy + Psychology),810.158,650.954,656.2343,,643.4881,
Hansraj College,B.A. (Hons.) Economics,854.1265,713.2404,634.9185,496.837,761.0829,465.5003
Hansraj College,B.A. (Hons.) English,840.9,761.4145,707.0372,682.3474,768.4643,588.0561
Hansraj College,B.A. (Hons.) Hindi,636.6435,538.6542,545.1125,370.9725,457.6992,348.1003
Hansraj College,B.A. (Hons.) History,864.5122,822.3449,768.2573,769.829,834.5566,613.4535
Hansraj College,B.A. (Hons.) Sanskrit,171.6997,431.4631,302.164,269.0859,429.356,
Hansraj College,B.Com (Hons.),890.8917,818.6364,754.8549,700.5787,850.4365,667.7633
Hansraj College,B.Sc (Prog.) Life Science,619.8022,556.968,493.6638,457.7315,577.5567,294.9096
Hansraj College,B.Sc (Prog.) Physical Science with Chemistry,424.8523,366.0491,285.8915,189.9933,384.8612,
Hansraj College,B.Sc (Prog.) Physical Science with Computer Science/ Informatics Practices,484.8811,413.7294,324.8666,200.6898,457.9458,110.6496
Hansraj College,B.Sc (Hons.) Anthropology,594.6014,529.5645,477.4471,436.5784,509.3907,265.0752
Hansraj College,B.Sc (Hons.) Botany,613.691,563.5361,478.0611,450.8067,574.6251,239.0505
Hansraj College,B.Sc (Hons.) Chemistry,489.4973,427.6827,347.8891,219.0251,442.4931,
Hansraj College,B.Sc (Hons.) Computer Science,774.9418,680.3999,630.621,481.4066,732.2098,477.3258
Hansraj College,B.Sc (Hons.) Electronics,499.3072,415.3557,324.155,235.0095,449.7994,
Hansraj College,B.Sc (Hons.) Geology,587.0046,508.2944,417.4753,393.1186,492.1898,153.4594
Hansraj College,B.Sc (Hons.) Mathematics,778.2675,654.4796,566.0831,477.9083,646.5851,361.0917
Hansraj College,B.Sc (Hons.) Physics,522.228,452.0984,372.5428,217.5952,467.1373,91.8036
Hansraj College,B.Sc (Hons.) Zoology,635.8991,602.5325,528.3487,480.4362,616.7313,408.1577
Hansraj College,B.A Program (Economics + History),835.1929,767.3917,709.7157,689.4401,790.0003,561.154
Hansraj College,B.A Program (Commerce + Economics),864.4626,774.2,700.8754,657.197,817.3686,631.3914
Hansraj College,B.A. (Hons.) Philosophy,817.5476,724.391,652.7531,595.8554,741.8847,471.8811
Hansraj College,B.A Program (Hindi + Physical Education),681.1645,599.467,540.7492,509.9144,599.3988,417.2705
Hansraj College,B.A Program (Philosophy + Physical Education),732.776,664.8829,616.5314,561.3056,622.9134,410.2704
Hansraj College,B.A Program (Sanskrit + Philosophy),612.6908,503.4256,339.2619,,507.163,
Hindu College,B.A. (Hons.) English,875.1337,817.6646,773.7653,775.5878,844.6775,629.9267
Hindu College,B.A. (Hons.) Economics,877.5075,766.7275,697.4961,598.7212,798.2616,579.3899
Hindu College,B.A. (Hons.) Hindi,744.5638,680.8734,654.3631,440.8657,617.6936,513.3952
Hindu College,B.A. (Hons.) History,903.409,875.1775,824.2716,860.5946,872.5445,705.8006
Hindu College,B.A. (Hons.) Political Science,939.1753,911.8283,879.0088,888.3424,909.7316,852.4062
Hindu College,B.A. (Hons.) Sanskrit,474.5578,117.374,384.4695,164.1416,541.8207,279.0996
Hindu College,B.A. (Hons.) Sociology,881.2864,833.5244,768.5089,779.5325,812.7965,615.7137
Hindu College,B.A. (Hons.) Philosophy,854.6203,780.1328,705.7054,636.6355,772.5977,523.8913
Hindu College,B.Com (Hons.),901.2722,833.0989,774.6892,726.279,861.0464,710.257
Hindu College,B.Sc (Hons.) Physics,550.5764,495.9014,386.309,263.306,521.0742,68.1851
Hindu College,B.Sc (Hons.) Chemistry,531.4508,468.9726,381.4907,259.6892,465.07,174.8586
Hindu College,B.Sc (Hons.) Botany,648.2458,616.6886,517.5945,516.1862,611.1716,410.7125
Hindu College,B.Sc (Hons.) Zoology,670.2981,634.9588,585.9845,525.2431,637.9146,480.9491
Hindu College,B.Sc (Hons.) Mathematics,808.5275,700.5066,624.1612,556.0762,702.6234,409.3795
Hindu College,B.Sc (Hons.) Statistics,838.4497,722.8851,612.6932,461.7635,721.6727,306.3253
Hindu College,B.Sc (Prog.) Physical Science with Electronics,436.6134,379.7728,292.0332,178.1338,380.778,
Hindu College,B.Sc (Prog.) Physical Science with Chemistry,443.0903,376.2363,306.142,222.2937,369.3013,
Hindu College,B.A Program (English + Economics),883.7769,827.133,779.7884,874.439,824.6305,768.6231
Hindu College,B.A Program (Hindi + Philosophy),800.7467,730.264,703.2963,547.8723,713.4381,579.6012
Hindu College,B.A Program (Sanskrit + Political Science),798.1921,737.9005,609.028,641.9498,727.9694,543.9675
Hindu College,B.A Program (History + Political Science),924.9486,888.063,845.8292,922.9594,881.008,822.9492
Indraprastha College for Women (W),B.A. (Hons.) Economics,778.7416,587.2782,485.1628,107.1772,633.2664,
Indraprastha College for Women (W),B.A. (Hons.) English,776.6266,661.1191,620.9864,588.3216,676.4416,282.8002
Indraprastha College for Women (W),B.A. (Hons.) Hindi,380.2012,184.6868,248.1282,327.5716,163.7711,126.9002
Indraprastha College for Women (W),B.A. (Hons.) History,786.2018,724.4507,625.0245,628.5672,710.1783,210.9868
Indraprastha College for Women (W),B.A. (Hons.) Philosophy,703.7436,585.0622,460.9291,419.3267,556.5809,
Indraprastha College for Women (W),B.A. (Hons.) Political Science,815.7548,752.7585,670.9673,658.3538,757.0078,429.5677
Indraprastha College for Women (W),B.A. (Hons.) Psychology,867.5271,749.909,734.0856,724.2819,781.4714,524.9503
Indraprastha College for Women (W),B.A. (Hons.) Sanskrit,319.5741,202.1069,152.6039,,120.9534,
Indraprastha College for Women (W),B.Com (Hons.),833.6273,746.8682,656.5485,559.5911,790.4202,379.5421
Indraprastha College for Women (W),B.Sc (Hons.) Computer Science,668.5055,564.8929,534.8434,352.0437,593.4098,
Indraprastha College for Women (W),B.Sc (Hons.) Mathematics,642.2573,495.5604,372.8614,236.0735,501.378,
Indraprastha College for Women (W),B.A. (Hons.) Geography,804.6527,731.8184,663.9566,652.3999,715.9419,337.1376
Indraprastha College for Women (W),B.A. (Hons.) Sociology,765.639,682.577,605.281,597.5617,649.6162,364.8628
Indraprastha College for Women (W),B.A. (Hons.) Multi Media and Mass Communication,514.4192,439.0043,389.0006,315.9925,457.3432,142.292
Indraprastha College for Women (W),B.A Program (English + History),754.3155,706.7675,607.8298,618.589,,271.6611
Indraprastha College for Women (W),B.A Program (English + Political Science),773.8505,719.1641,639.3302,585.314,,339.0202
Indraprastha College for Women (W),B.A Program (Hindi + History),697.0516,610.2824,515.7798,542.5258,618.4297,363.861
Indraprastha College for Women (W),B.A Program (Hindi + Political Science),723.4363,669.2483,497.3399,451.9942,607.1471,213.9817
Indraprastha College for Women (W),B.A Program (Sanskrit + Philosophy),465.5569,323.4482,297.6443,,,
Indraprastha College for Women (W),B.A Program (Computer Applications + Mathematics),657.7252,475.2655,423.1796,336.2832,531.2425,
Indraprastha College for Women (W),B.A Program (Economics + Mathematics),765.5827,591.7546,422.731,410.3748,621.4808,
Indraprastha College for Women (W),B.A Program (Economics + Political Science),791.2504,719.4334,627.8922,647.9415,,235.0189
Indraprastha College for Women (W),B.A Program (History + Philosophy),747.8185,685.9891,539.011,534.9997,614.4261,
Indraprastha College for Women (W),B.A Program (History + Political Science),780.8154,724.216,646.5179,645.3852,732.7305,261.631
Indraprastha College for Women (W),B.A Program (Human Development and Family Empowerment (HDFE) + Psychology),786.6448,619.8443,592.5388,541.5149,603.068,
Indraprastha College for Women (W),B.A Program (Computer Applications + Economics),740.5157,601.9611,396.3636,,602.2175,
Indraprastha College for Women (W),B.A Program (Sanskrit + History),538.0832,384.3221,265.1322,,306.4011,
Indraprastha College for Women (W),B.A Program (Philosophy + Psychology),786.3618,676.7096,604.8593,552.63,,
Indraprastha College for Women (W),B.A Program (Sanskrit + Political Science),605.7308,363.4169,167.6586,,,
Indraprastha College for Women (W),B.A Program (Human Development and Family Empowerment (HDFE) + Philosophy),681.9618,572.3553,398.6411,,387.0881,
Indraprastha College for Women (W),B.A Program (Human Development and Family Empowerment (HDFE) + Hindi),644.1849,425.8082,373.3026,,555.7866,
Indraprastha College for Women (W),B.A Program (Commerce + Economics),818.7564,714.438,623.1459,497.0692,713.3019,
Indraprastha College for Women (W),B.A Program (Geography + English),766.2329,714.6716,598.6553,612.1285,673.853,
Indraprastha College for Women (W),B.A Program (Hindi + Geography),698.7494,638.3804,483.6264,420.2751,,
Indraprastha College for Women (W),B.A Program (Geography + History),795.4682,717.4261,,609.5046,686.7333,
Indraprastha College for Women (W),B.A Program (Geography + Political Science),788.4179,730.9657,630.8203,601.3267,,
Indraprastha College for Women (W),B.A Program (Sanskrit + Geography),506.1642,445.7211,,,,
Indraprastha College for Women (W),B.A Program (Human Development and Family Empowerment (HDFE) + Sociology),691.2524,576.3141,505.6528,,615.3947,
Indraprastha College for Women (W),B.A Program (History + Sociology),764.4147,714.6711,582.7853,,649.5099,
Indraprastha College for Women (W),B.A Program (Philosophy + Sociology),729.8658,603.742,544.2317,,636.0827,
Indraprastha College for Women (W),B.A Program (Psychology + Sociology),824.6031,720.6223,627.7837,,651.8043,
Indraprastha College for Women (W),B.A Program (Commerce + Mathematics),746.2973,505.565,360.5038,242.8837,554.2276,
Indraprastha College for Women (W),B.A Program (English + Human Development and Family Empowerment (HDFE)),685.5465,582.7876,484.3535,532.2128,595.2938,73.5751
Indraprastha College for Women (W),B.A Program (Hindi + Psychology),754.3672,583.7447,500.0838,440.7305,,
Indraprastha College for Women (W),B.A Program (Commerce + Psychology),779.4266,690.5524,595.0179,505.123,,
Indraprastha College for Women (W),B.A Program (Commerce + Computer Applications),730.7229,536.9562,391.2381,516.7922,567.6502,
Institute of Home Economics (W),B.Sc (Pass) Home Science,517.4983,381.4177,316.1622,179.307,276.5377,
Institute of Home Economics (W),B.Sc (Hons.) Home Science,394.8326,312.7611,249.0267,184.2315,290.6055,
Institute of Home Economics (W),B.Sc (Hons.) Microbiology,541.6977,463.3002,372.0401,323.8065,448.6666,202.4845
Institute of Home Economics (W),B.Sc (Hons.) Bio-Chemistry,546.1379,461.842,391.2981,320.0148,450.6111,324.3213
Institute of Home Economics (W),B.A. (Hons.) Journalism,685.4104,529.8728,449.1572,390.7989,522.8696,
Institute of Home Economics (W),B.Sc (Hons.) Food Technology,504.9835,428.9172,355.769,302.477,424.7019,
Institute of Home Economics (W),Bachelor of Elementary Education (B.El.Ed.),610.7648,508.9289,501.8889,353.4883,463.2114,
Janki Devi Memorial College (W),B.Com,687.7527,513.0229,407.5946,106.9107,551.5888,
Janki Devi Memorial College (W),B.Com (Hons.),726.33,554.925,464.2336,209.6479,586.5762,
Janki Devi Memorial College (W),B.A. (Hons.) Economics,663.7716,359.0391,272.566,,367.7592,
Janki Devi Memorial College (W),B.A. (Hons.) English,645.2093,477.9908,471.534,416.5026,464.1665,269.8072
Janki Devi Memorial College (W),B.A. (Hons.) Hindi,238.2692,159.4536,73.3597,,,
Janki Devi Memorial College (W),B.A. (Hons.) History,620.2683,446.3982,406.8979,344.2009,330.2022,416.5833
Janki Devi Memorial College (W),B.Sc (Hons.) Mathematics,483.6606,346.983,237.1743,118.5384,353.8914,
Janki Devi Memorial College (W),B.A. (Hons.) Philosophy,578.1679,399.6688,343.9896,269.0254,367.9408,
Janki Devi Memorial College (W),B.A. (Hons.) Political Science,655.8242,540.0297,465.7974,391.9809,388.6669,
Janki Devi Memorial College (W),B.A. (Hons.) Sanskrit,266.9651,,,,,
Janki Devi Memorial College (W),B.A. (Hons.) Sociology,620.9154,449.8751,430.2101,440.7908,321.9501,
Janki Devi Memorial College (W),B.A Program (English + Economics),661.7559,490.9204,466.8948,358.1736,485.5069,
Janki Devi Memorial College (W),B.A Program (English + History),634.0552,490.0105,512.6406,478.0351,451.6116,
Janki Devi Memorial College (W),B.A Program (English + Philosophy),651.9864,499.9295,423.06,464.8147,437.5076,
Janki Devi Memorial College (W),B.A Program (Hindi + History),518.2152,379.7003,381.0179,,241.1991,
Janki Devi Memorial College (W),B.A Program (Hindi + Music),476.8671,374.2649,376.5225,446.0359,210.7231,
Janki Devi Memorial College (W),B.A Program (Sanskrit + History),220.4754,165.8059,145.3019,,,
Janki Devi Memorial College (W),B.A Program (Sanskrit + HDFE),335.3953,,,,,
Janki Devi Memorial College (W) Janki Devi Memorial College (W),B.A Program (Sanskrit + Music) B.A Program (Sanskrit + Philosophy),354.4662,,,,,
Janki Devi Memorial College (W),B.A Program (Sanskrit + Political Science),401.8578,,,,,
Janki Devi Memorial College (W),B.A Program (Economics + History),603.6871,454.2201,417.8849,469.8687,354.4793,
Janki Devi Memorial College (W),B.A Program (Economics + HDFE),634.8351,379.0969,330.211,195.3973,389.6218,
Janki Devi Memorial College (W),B.A Program (Economics + Mathematics),631.0643,381.1069,211.2765,,339.5731,
Janki Devi Memorial College (W),B.A Program (Economics + Political Science),637.0878,525.5513,429.5589,335.6881,405.1457,
Janki Devi Memorial College (W),B.A Program (History + Music),518.0793,379.1375,244.0712,,338.0713,
Janki Devi Memorial College (W),B.A Program (History + Philosophy),579.8496,427.2386,389.5944,203.3625,415.4039,
Janki Devi Memorial College (W),B.A Program (History + Political Science),593.6043,445.0118,404.0011,429.2918,324.2044,
Janki Devi Memorial College (W),B.A Program (Music + Political Science),559.6387,326.0699,360.3371,,,
Janki Devi Memorial College (W),B.A Program (Philosophy + Political Science),582.8571,414.4924,381.2047,85.1028,321.8373,
Janki Devi Memorial College (W),B.A Program (Human Development and Family Empowerment (HDFE) + Political Science),548.3504,367.3176,274.7574,225.0233,320.1276,
Janki Devi Memorial College (W),B.A Program (Human Development and Family Empowerment (HDFE) + Philosophy),568.5311,409.2647,328.5745,145.1363,331.7113,
Janki Devi Memorial College (W),B.A Program (Hindi + Political Science),544.7912,416.0031,378.9616,233.281,306.8014,
Janki Devi Memorial College (W),B.A Program (English + Mathematics),600.7816,442.4358,350.6985,,365.6876,
Janki Devi Memorial College (W),B.A Program (Economics + Music),602.4556,429.1372,357.3981,171.3485,326.5205,
Janki Devi Memorial College (W),B.A Program (Economics + Philosophy),614.3305,425.0829,341.1838,168.405,402.7176,
Janki Devi Memorial College (W),B.A Program (Music + Philosophy),593.3714,433.7272,312.0591,274.8001,,
Jesus & Mary College (W),B.A. (Hons.) English,758.8464,,,,,457.1352
Jesus & Mary College (W),B.A. (Hons.) Economics,809.9587,,,,,603.4082
Jesus & Mary College (W),B.A. (Hons.) Hindi,342.699,,,,,
Jesus & Mary College (W),B.A. (Hons.) History,767.0137,,,,,311.4243
Jesus & Mary College (W),B.A. (Hons.) Political Science,825.8578,,,,,549.1232
Jesus & Mary College (W),B.A. (Hons.) Psychology,888.0182,,,,,612.1224
Jesus & Mary College (W),B.A. (Hons.) Sociology,754.954,,,,,
Jesus & Mary College (W),B.Com,818.2744,,,,,
Jesus & Mary College (W),B.Com (Hons.),838.3806,,,,,279.9834
Jesus & Mary College (W),B.Sc (Hons.) Mathematics,653.8998,,,,,
Jesus & Mary College (W),Bachelor of Elementary Education (B.El.Ed.),665.7022,,,,,483.4212
Jesus & Mary College (W),B.Voc Retail Management and IT,654.511,,,,,
Jesus & Mary College (W),B.Voc Health Care Management,646.0942,,,,,
Jesus & Mary College (W),B.A Program (English + French),619.2112,,,,,
Jesus & Mary College (W),B.A Program (English + History),732.0545,,,,,
Jesus & Mary College (W),B.A Program (French + Philosophy),505.5648,,,,,
Jesus & Mary College (W),B.A Program (Spanish + History),490.4467,,,,,
Jesus & Mary College (W),"B.A Program (Spanish + Advertising, Sales Promotion and Sales Management (ASPSM))",485.0667,,,,,
Jesus & Mary College (W),B.A Program (Computer Applications + Mathematics),664.7255,,,,,
Jesus & Mary College (W),B.A Program (Economics + Mathematics),769.3433,,,,,
Jesus & Mary College (W),B.A Program (History + Political Science),761.0849,,,,,668.9144
Jesus & Mary College (W),B.A Program (Philosophy + Psychology),792.8027,,,,,
Jesus & Mary College (W),B.A Program (Psychology + Sociology),828.8428,,,,,457.9008
Jesus & Mary College (W),B.A Program (Political Science + Sociology),746.7357,,,,,372.0695
Jesus & Mary College (W),"B.A Program (Advertising, Sales Promotion and Sales Management (ASPSM) + Economics)",751.3666,,,,,627.0038
Jesus & Mary College (W),B.A Program (Computer Applications + Economics),734.2272,,,,,
Jesus & Mary College (W),B.A Program (Economics + Human Resource Management (HRM)),771.4276,,,,,
Jesus & Mary College (W),B.A Program (English + Sociology),713.3174,,,,,468.7886
Jesus & Mary College (W),B.A Program (English + Philosophy),711.9631,,,,,
Jesus & Mary College (W),B.A Program (Human Resource Management (HRM) + Psychology),812.3522,,,,,385.7957
Kalindi College (W),B.Sc (Hons.) Botany,499.5641,433.0781,353.2853,315.4643,428.2525,215.9852
Kalindi College (W),B.Sc (Hons.) Zoology,522.7488,461.7389,388.2261,339.6857,440.5277,
Kalindi College (W),B.Com,692.6865,520.5444,406.8208,246.9863,564.1564,368.0566
Kalindi College (W),B.Com (Hons.),757.9389,608.1153,510.7075,397.0193,626.3494,
Kalindi College (W),B.A. (Hons.) Economics,662.7415,381.289,268.6646,,396.2932,
Kalindi College (W),B.A. (Hons.) English,647.6227,495.7451,446.4513,379.9226,463.3597,
Kalindi College (W),B.A. (Hons.) Hindi,222.3702,205.8711,157.7747,,,
Kalindi College (W),B.A. (Hons.) History,623.0598,490.6678,439.17,357.2504,362.6975,
Kalindi College (W),B.A. (Hons.) Journalism,685.6217,522.241,479.8724,429.5941,513.8502,
Kalindi College (W),B.A. (Hons.) Political Science,653.691,546.1948,464.6127,395.1573,431.1074,
Kalindi College (W),B.A. (Hons.) Sanskrit,214.967,134.6692,,,,
Kalindi College (W),B.Sc (Prog.) Life Science,482.3967,408.0915,329.5819,267.3537,409.5057,
Kalindi College (W),B.Sc (Prog.) Physical Science with Computer Science/ Informatics Practices,283.8005,202.2935,104.1207,,224.9713,
Kalindi College (W),B.Sc (Hons.) Computer Science,585.7296,475.6493,395.5069,242.3478,509.5494,
Kalindi College (W),B.Sc (Hons.) Mathematics,539.2073,397.6525,292.5942,,414.2862,
Kalindi College (W),B.Sc (Hons.) Physics,322.7707,248.2583,145.8988,88.0523,237.6376,
Kalindi College (W),B.A. (Hons.) Geography,661.7489,574.4753,468.0134,493.1819,460.3042,
Kalindi College (W),B.Sc (Hons.) Chemistry,335.2969,265.035,168.7854,79.6585,260.7962,
Kalindi College (W),B.A Program (Sanskrit + Buddhist Studies),254.5371,,,,,
Kalindi College (W),B.A Program (Sanskrit + History),143.1446,,,,,
Kalindi College (W),B.A Program (Sanskrit + Music),462.0341,,,,,
Kalindi College (W),B.A Program (Sanskrit + Political Science),254.167,,,,,
Kalindi College (W),B.A Program (Buddhist Studies + Music),560.4725,383.7894,392.1604,,,
Kalindi College (W),B.A Program (Buddhist Studies + History),598.7534,424.3952,472.1932,,338.6836,
Kalindi College (W),B.A Program (Buddhist Studies + Political Science),565.0017,441.631,355.6376,359.7116,304.0384,
Kalindi College (W),B.A Program (Computer Applications + Economics),634.6976,425.8499,283.4388,,430.4164,
Kalindi College (W),B.A Program (Computer Applications + Entrepreneurship and Small Business (ESB)),583.0612,450.5906,388.2741,322.1637,363.2939,
Kalindi College (W),B.A Program (Computer Applications + Geography),551.5873,433.2223,367.1842,356.7162,354.1866,
Kalindi College (W),B.A Program (Computer Applications + Mathematics),601.2189,427.2654,310.9807,,456.2632,
Kalindi College (W),B.A Program (Economics + Entrepreneurship and Small Business (ESB)),692.6131,485.7708,454.9983,278.2854,554.648,
Kalindi College (W),B.A Program (Economics + Geography),608.3904,484.8661,385.5667,473.3825,397.8595,
Kalindi College (W),B.A Program (Economics + History),611.777,441.7363,378.8875,275.9468,309.2309,
Kalindi College (W),B.A Program (Economics + Mathematics),653.4637,419.3213,265.073,,365.5216,
Kalindi College (W),B.A Program (Economics + Political Science),611.3334,475.2794,391.0885,379.0554,395.9207,
Kalindi College (W),B.A Program (Entrepreneurship and Small Business (ESB) + History),593.6323,399.6749,327.8392,,,
Kalindi College (W),B.A Program (Entrepreneurship and Small Business (ESB) + Geography),593.7436,451.303,335.9323,,405.4928,
Kalindi College (W),B.A Program (Entrepreneurship and Small Business (ESB) + Mathematics),593.0641,366.6466,233.5039,,287.2529,
Kalindi College (W),B.A Program (Entrepreneurship and Small Business (ESB) + Political Science),611.2558,462.9461,342.7465,275.89,363.3023,
Kalindi College (W),B.A Program (Geography + History),680.2592,570.8782,445.57,529.456,490.9245,
Kalindi College (W),B.A Program (Geography + Mathematics),563.5462,415.3734,409.8071,198.3285,303.1265,
Kalindi College (W),B.A Program (Geography + Political Science),665.1709,565.2222,450.9885,451.6593,541.2799,
Kalindi College (W),B.A Program (History + Music),526.4324,325.3467,264.4392,,,
Kalindi College (W),B.A Program (History + Political Science),645.2693,544.7403,439.1855,535.3852,426.2121,
Kalindi College (W),B.A Program (Music + Political Science),521.8459,339.9259,287.942,328.04,361.7301,
Kamala Nehru College (W),B.Com,773.5789,647.4267,530.1366,170.1111,691.064,
Kamala Nehru College (W),B.Com (Hons.),806.3809,705.0203,604.9693,509.2894,739.8574,
Kamala Nehru College (W),B.A. (Hons.) Journalism,745.3459,597.2714,515.7349,497.973,607.4064,
Kamala Nehru College (W),B.A. (Hons.) English,733.7655,607.0812,539.4995,534.2372,619.4232,
Kamala Nehru College (W),B.A. (Hons.) Hindi,252.9592,224.4398,163.4308,248.8459,,
Kamala Nehru College (W),B.A. (Hons.) History,736.8954,638.377,563.3914,567.258,642.6675,
Kamala Nehru College (W),B.A. (Hons.) Economics,752.8103,501.7188,370.0674,,556.3923,
Kamala Nehru College (W),B.A. (Hons.) Political Science,758.0464,686.383,594.7966,586.0023,669.1286,
Kamala Nehru College (W),B.A. (Hons.) Philosophy,672.2856,474.6292,396.4375,332.2162,446.665,
Kamala Nehru College (W),B.A. (Hons.) Psychology,848.8923,709.9732,693.2058,685.9901,694.0407,485.69
Kamala Nehru College (W),B.A. (Hons.) Geography,745.0587,657.6905,559.8685,580.0142,644.4944,
Kamala Nehru College (W),B.Sc (Hons.) Mathematics,588.5134,446.0254,323.0972,182.9808,450.6804,
Kamala Nehru College (W),B.A. (Hons.) Sanskrit,214.0228,199.6456,194.0536,,155.4509,
Kamala Nehru College (W),B.A. (Hons.) Sociology,719.6279,591.5192,522.8715,528.1095,570.7973,217.8916
Kamala Nehru College (W),"B.A Program (English + Advertising, Sales Promotion and Sales Management (ASPSM))",696.2474,553.2182,482.748,399.8497,540.0384,
Kamala Nehru College (W),B.A Program (English + Psychology),788.5021,640.9377,617.1438,625.6658,627.327,
Kamala Nehru College (W),B.A Program (Hindi + Sanskrit),448.5829,270.7614,218.8962,,,
Kamala Nehru College (W),B.A Program (Sanskrit + Physical Education),286.3642,,,,,
Kamala Nehru College (W),"B.A Program (Advertising, Sales Promotion and Sales Management (ASPSM) + Economics)",733.8799,603.0011,501.7234,416.3009,525.7317,
Kamala Nehru College (W),B.A Program (Economics + Mathematics),735.9789,550.2697,325.0447,,491.2062,
Kamala Nehru College (W),B.A Program (Economics + Sociology),738.6026,591.5728,519.7605,579.5521,530.4693,
Kamala Nehru College (W),B.A Program (Geography + History),723.0381,627.3021,542.1232,,624.3382,
Kamala Nehru College (W),B.A Program (Geography + Political Science),738.5269,657.7734,554.2448,603.0965,628.9061,
Kamala Nehru College (W),B.A Program (History + Physical Education),682.4473,550.1019,453.4866,,523.5922,
Kamala Nehru College (W),B.A Program (History + Political Science),751.1011,632.171,568.8628,550.6705,677.5101,
Kamala Nehru College (W),B.A Program (Human Resource Management (HRM) + Physical Education),636.2797,479.978,411.6263,343.7251,471.0455,200.3693
Kamala Nehru College (W),B.A Program (Mathematics + Philosophy),624.6203,359.9285,307.8376,,335.85,
Kamala Nehru College (W),B.A Program (Philosophy + Sociology),682.9195,547.2945,518.3469,441.2565,515.2907,
Kamala Nehru College (W),B.A Program (Psychology + Sociology),821.4769,686.2333,615.5777,560.7992,599.453,
Kamala Nehru College (W),"B.A Program (Advertising, Sales Promotion and Sales Management (ASPSM) + Psychology)",774.479,609.5777,575.5672,412.4432,589.5978,
Kamala Nehru College (W),B.A Program (Human Resource Management (HRM) + English),734.829,620.824,488.9469,,,
Kamala Nehru College (W),B.A Program (Entrepreneurship and Small Business (ESB) + Political Science),682.199,560.9208,519.7208,,,
Kamala Nehru College (W),B.A Program (Hindi + Entrepreneurship and Small Business (ESB)),575.5819,416.9394,410.587,406.9164,384.5973,
Keshav Mahavidyalaya,B.A. (Hons.) Psychology,804.4404,629.2298,609.7802,555.8724,635.4444,418.7967
Keshav Mahavidyalaya,B.Com (Hons.),769.8513,620.411,521.7797,192.1818,659.9608,346.4172
Keshav Mahavidyalaya,B.Sc (Prog.) Mathematical Sciences,498.5869,363.6067,249.4525,,349.7808,
Keshav Mahavidyalaya,B.Sc (Hons.) Computer Science,618.1368,503.9803,409.7221,286.5638,525.0441,273.2079
Keshav Mahavidyalaya,B.Sc (Hons.) Electronics,316.4131,227.5229,151.901,,239.7236,
Keshav Mahavidyalaya,B.Sc (Hons.) Mathematics,565.5467,418.1992,312.1884,111.5014,429.1458,
Keshav Mahavidyalaya,B.Sc (Hons.) Physics,339.5685,257.5284,178.6738,77.9279,271.4241,
Keshav Mahavidyalaya,B.Sc (Prog.) Physical Science with Computer Science/ Informatics Practices,303.4151,221.4266,157.7228,128.368,224.2365,
Keshav Mahavidyalaya,Bachelor of Management Studies (BMS),507.5334,389.5721,333.4318,160.6975,433.5284,225.2664
Kirori Mal College,B.A. (Hons.) Economics,839.9607,682.3937,619.8148,450.1794,746.6746,300.0199
Kirori Mal College,B.A. (Hons.) English,830.698,738.0058,685.9351,696.7939,754.5772,525.9637
Kirori Mal College,B.A. (Hons.) Geography,858.0321,816.8146,754.8356,756.8584,819.3459,653.0744
Kirori Mal College,B.A. (Hons.) Hindi,589.6916,482.0576,472.9795,248.3117,413.2081,254.6313
Kirori Mal College,B.A. (Hons.) History,844.225,798.5804,755.4631,744.5157,820.8493,594.8719
Kirori Mal College,B.A. (Hons.) Political Science,898.7749,856.3361,803.6603,826.5612,875.1535,763.6843
Kirori Mal College,B.A. (Hons.) Sanskrit,199.3315,416.972,349.9744,,390.6282,
Kirori Mal College,B.A. (Hons.) Urdu,442.1918,246.0869,230.8297,321.9983,305.3711,
Kirori Mal College,B.Com (Hons.),886.4068,811.6821,749.2562,692.956,846.0865,630.9683
Kirori Mal College,B.Com,873.3909,798.2381,730.918,652.3224,832.3626,611.2012
Kirori Mal College,B.Sc Applied Physical Sciences with Analytical Methods in Chemistry & Biochemistry,345.8054,299.3889,212.788,104.5177,314.4289,
Kirori Mal College,B.Sc (Hons.) Botany,595.5576,548.2201,463.0067,442.0573,558.4475,143.356
Kirori Mal College,B.Sc (Hons.) Chemistry,452.4714,397.1044,282.426,165.7786,397.5515,258.0456
Kirori Mal College,B.Sc (Prog.) Life Science,610.6681,548.0182,471.3336,426.0015,572.3622,268.1476
Kirori Mal College,B.Sc (Hons.) Mathematics,754.8462,619.3026,518.8967,414.6511,623.0259,234.6613
Kirori Mal College,B.Sc (Prog.) Physical Science with Computer Science/ Informatics Practices,445.6672,383.2186,283.8841,182.9679,407.9521,
Kirori Mal College,B.Sc (Prog.) Physical Science with Chemistry,368.956,320.9159,231.6672,97.1097,321.7795,
Kirori Mal College,B.Sc (Hons.) Physics,477.7753,410.0574,299.1951,170.9246,417.5307,
Kirori Mal College,B.Sc (Hons.) Statistics,812.8858,639.7585,561.0259,418.1577,706.0428,444.2345
Kirori Mal College,B.Sc (Hons.) Zoology,627.3776,590.6107,517.4196,453.8975,590.1205,306.7182
Kirori Mal College,B.A Program (Bengali + History),604.2627,516.0623,,,323.9689,
Kirori Mal College,B.A Program (Bengali + Political Science),641.6357,409.9415,440.0758,,413.0245,
Kirori Mal College,B.A Program (English + Political Science),848.2098,804.487,737.3711,732.5195,795.3516,670.5205
Kirori Mal College,B.A Program (Hindi + Political Science),819.1779,778.7383,707.9253,680.1745,783.1056,741.6592
Kirori Mal College,B.A Program (Economics + History),831.8218,800.113,692.0111,687.8779,782.6008,524.5133
Kirori Mal College,B.A Program (Economics + Philosophy),830.3234,760.3539,678.0907,636.3625,798.0342,
Kirori Mal College,B.A Program (Economics + Political Science),848.825,806.0822,709.0475,770.6414,818.7837,578.8819
Kirori Mal College,B.A Program (History + Philosophy),813.1386,755.1365,690.7048,703.4354,776.763,
Kirori Mal College,B.A Program (History + Political Science),862.8257,832.8937,775.1733,750.6224,817.5831,705.7098
Kirori Mal College,B.A Program (Philosophy + Political Science),835.0719,783.8214,704.0387,660.497,771.2424,
Lady Irwin College (W),B.Sc (Hons.) Home Science,428.0677,352.062,278.6747,243.4845,321.7937,
Lady Irwin College (W),B.Sc (Pass) Home Science,557.6977,407.8502,342.3912,270.3699,335.5731,195.849
Lady Irwin College (W),B.Sc (Hons.) Food Technology,540.3956,464.1061,416.9763,329.7751,473.3534,254.4477
Lady Shri Ram College for Women (W),B.Com (Hons.),895.4981,821.8396,755.6207,698.8043,851.4783,692.4803
Lady Shri Ram College for Women (W),B.A. (Hons.) Economics,863.8999,703.9806,623.3129,505.0439,750.975,470.8111
Lady Shri Ram College for Women (W),B.A. (Hons.) English,846.3042,718.2308,669.4098,671.0561,752.2953,393.5612
Lady Shri Ram College for Women (W),B.A. (Hons.) Hindi,572.0971,429.5242,371.2466,298.7057,219.3157,
Lady Shri Ram College for Women (W),B.A. (Hons.) History,857.3774,799.5337,716.3246,729.1325,791.7601,372.1512
Lady Shri Ram College for Women (W),B.A. (Hons.) Philosophy,784.2543,662.1154,602.1605,560.1549,693.2177,
Lady Shri Ram College for Women (W),B.A. (Hons.) Political Science,904.7103,848.956,784.4286,798.0986,839.7375,677.5826
Lady Shri Ram College for Women (W),B.A. (Hons.) Psychology,915.4143,823.8091,821.5285,771.6069,844.8325,742.7933
Lady Shri Ram College for Women (W),B.A. (Hons.) Sanskrit,278.0561,157.1779,193.1378,,310.2693,
Lady Shri Ram College for Women (W),B.A. (Hons.) Sociology,839.7612,749.1554,659.3858,663.8209,728.8865,556.8292
Lady Shri Ram College for Women (W),B.A. (Hons.) Journalism,866.2657,742.4247,710.5677,642.2494,763.5223,749.9728
Lady Shri Ram College for Women (W),B.Sc (Hons.) Mathematics,769.8917,571.5468,480.265,403.098,606.5941,143.2712
Lady Shri Ram College for Women (W),B.Sc (Hons.) Statistics,817.7875,652.1808,562.5836,366.3192,666.1489,189.664
Lady Shri Ram College for Women (W),Bachelor of Elementary Education (B.El.Ed.),724.5981,614.6896,610.9733,529.0133,597.838,484.5599
Lady Shri Ram College for Women (W),B.A Program (Computer Applications + Economics),853.2788,670.4326,624.2903,660.2423,790.8006,
Lady Shri Ram College for Women (W),B.A Program (Computer Applications + Mathematics),820.4878,646.3326,624.0656,432.6147,715.5214,
Lady Shri Ram College for Women (W),B.A Program (Economics + History),872.5701,759.2796,723.5247,832.7805,789.2273,
Lady Shri Ram College for Women (W),B.A Program (Economics + Mathematics),879.6514,736.9532,621.1606,568.3893,834.0172,
Lady Shri Ram College for Women (W),B.A Program (Economics + Political Science),886.4302,816.0954,781.1686,668.0751,830.3757,733.1509
Lady Shri Ram College for Women (W),B.A Program (History + Political Science),877.5952,842.2521,779.5306,722.4925,803.538,720.8413
Lady Shri Ram College for Women (W),B.A Program (History + Sociology),836.5951,768.3087,661.9532,684.6434,752.7185,652.365
Lady Shri Ram College for Women (W),B.A Program (Political Science + Psychology),875.5542,809.4154,745.414,691.9353,861.7391,
Lady Shri Ram College for Women (W),B.A Program (Psychology + Sociology),864.3241,735.4929,731.7186,723.5032,842.5265,618.1982
Lakshmibai College (W),B.A. (Hons.) Economics,669.4352,378.5346,276.2326,274.7382,385.0576,
Lakshmibai College (W),B.A. (Hons.) English,641.917,479.1106,468.6526,423.3024,456.9745,
Lakshmibai College (W),B.A. (Hons.) Hindi,224.5289,178.9388,187.6335,,,
Lakshmibai College (W),B.A. (Hons.) History,620.9262,478.3403,422.4437,348.0455,330.2736,
Lakshmibai College (W),B.Sc (Hons.) Mathematics,503.3737,375.0449,249.1695,94.1676,379.5939,
Lakshmibai College (W),B.A. (Hons.) Philosophy,565.8074,386.491,340.7447,206.4408,350.1526,
Lakshmibai College (W),B.A. (Hons.) Political Science,660.8263,529.573,498.2783,419.4865,427.8564,460.3406
Lakshmibai College (W),B.A. (Hons.) Sanskrit,176.2999,,,,,
Lakshmibai College (W),B.Com,694.2983,516.1645,397.8345,395.8535,575.5229,
Lakshmibai College (W),B.A. (Hons.) Business Economics,404.1039,260.3334,180.0668,,277.2538,
Lakshmibai College (W),B.Com (Hons.),742.8485,586.9447,500.6968,183.4036,616.6615,
Lakshmibai College (W),B.A Program (English + Economics),636.267,455.8513,411.2219,352.5532,467.9205,
Lakshmibai College (W),B.A Program (Hindi + History),509.3992,372.9602,357.9511,204.4973,202.5963,233.9005
Lakshmibai College (W),B.A Program (Punjabi + Political Science),179.4302,,,,,
Lakshmibai College (W),"B.A Program (Advertising, Sales Promotion and Sales Management (ASPSM) + Economics)",641.1783,449.8329,372.2187,268.6622,439.6334,
Lakshmibai College (W),B.A Program (Food Technology (FT) + Political Science),542.3109,379.5682,331.8382,359.6544,442.2594,
Lakshmibai College (W),B.A Program (History + Music),454.9306,234.7454,217.0904,281.9362,,
Lakshmibai College (W),B.A Program (History + Political Science),586.5502,439.8038,403.6077,343.5895,332.248,
Lakshmibai College (W),B.A Program (Philosophy + Political Science),556.1045,374.3421,323.2063,218.7358,190.0952,
Lakshmibai College (W),B.A Program (Philosophy + Sociology),572.7643,412.9855,347.6197,150.8744,248.3198,
Lakshmibai College (W),B.A Program (Computer Applications + Economics),602.05,348.1727,258.8262,,368.5434,
Lakshmibai College (W),"B.A Program (Advertising, Sales Promotion and Sales Management (ASPSM) + Psychology)",711.4033,518.1799,443.8919,417.6271,533.6589,
Lakshmibai College (W),B.A Program (Physical Education + Psychology),671.9,491.2815,477.5296,413.3123,485.88,595.6207
Lakshmibai College (W),B.A. (Hons.) Sociology,620.4268,460.1304,392.34,395.8922,377.6379,
Lakshmibai College (W),B.A. (Hons.) Psychology,780.097,600.4788,577.0636,506.4159,550.4948,372.6874
Lakshmibai College (W),B.Sc (Hons.) Home Science,400.9546,321.3917,248.4744,205.7901,305.5503,
Lakshmibai College (W),B.A Program (Computer Applications + Mathematics),559.5246,393.6158,321.6348,,421.7425,
Lakshmibai College (W),B.A Program (Apparel Design & Construction + Philosophy),578.2345,393.6206,378.0831,324.4095,410.5067,373.1979
Lakshmibai College (W),B.A Program (Sanskrit + Sociology),180.7838,,,,,
Maharaja Agrasen College,B.A. (Hons.) English,669.4245,527.0862,477.2497,433.0002,499.9993,
Maharaja Agrasen College,B.A. (Hons.) Hindi,352.0399,115.2347,168.703,,,
Maharaja Agrasen College,B.A. (Hons.) Journalism,710.0247,570.7352,520.5651,439.6489,595.7326,309.2732
Maharaja Agrasen College,B.A. (Hons.) Political Science,707.3846,599.1179,547.5409,503.0655,592.2528,281.4637
Maharaja Agrasen College,B.Com (Hons.),758.4498,615.1919,526.5209,278.1788,656.2056,243.617
Maharaja Agrasen College,B.Sc (Prog.) Mathematical Sciences,494.2439,353.3843,266.9784,,347.2801,
Maharaja Agrasen College,B.Sc (Hons.) Electronics,316.8478,228.8478,150.364,55.0782,253.4772,
Maharaja Agrasen College,B.Sc (Prog.) Physical Science with Computer Science/ Informatics Practices,330.7541,238.9998,154.5212,144.8352,243.6562,
Maharaja Agrasen College,B.Sc (Prog.) Physical Science with Chemistry,279.2385,221.9614,128.9873,86.9559,207.7784,
Maharaja Agrasen College,B.A. (Hons.) Business Economics,431.2185,289.9205,219.4956,211.5677,307.3059,
Maharaja Agrasen College,B.A Program (English + Economics),692.2638,582.4405,529.0483,534.5703,529.0639,
Maharaja Agrasen College,B.A Program (English + History),653.9834,554.0191,533.8951,506.2694,508.2209,235.9014
Maharaja Agrasen College,B.A Program (English + Mathematics),637.1665,481.0375,391.7778,219.4769,555.3716,
Maharaja Agrasen College,B.A Program (Hindi + Economics),579.1922,455.3748,413.1638,211.2748,377.6887,465.0163
Maharaja Agrasen College,B.A Program (Hindi + History),554.9939,444.7921,393.0733,257.175,472.8999,
Maharaja Agrasen College,B.A Program (Hindi + Mathematics),517.364,409.2252,341.2436,,347.152,
Maharaja Agrasen College,B.A Program (Hindi + Political Science),565.9347,452.548,494.7234,241.2519,419.2848,
Maharaja Agrasen College,B.A Program (Economics + OMSP),655.1735,471.2487,416.2456,200.0612,461.7552,
Maharaja Agrasen College,B.A Program (History + OMSP),582.8769,432.9677,409.5107,297.6914,452.1774,
Maharaja Agrasen College,B.A Program (Mathematics + OMSP),602.4355,393.661,281.231,,323.9638,
Maharaja Agrasen College,B.A Program (Office Management & Secretarial Practice (OMSP) + Political Science),608.9916,513.515,414.3668,247.4851,428.2287,
Maharaja Agrasen College,B.A Program (English + Political Science),682.7154,610.4008,571.1653,486.5284,518.1513,253.4293
Maharaja Agrasen College,B.A Program (Computer Applications + Economics),686.7012,503.9139,428.5886,396.3476,494.3181,
Maharaja Agrasen College,B.A Program (Computer Applications + History),581.6119,467.6231,355.2586,248.3373,386.0873,
Maharaja Agrasen College,B.A Program (Computer Applications + Mathematics),663.8502,482.5437,467.1355,243.9154,473.4535,
Maharaja Agrasen College,B.A Program (Computer Applications + Political Science),598.0148,465.2488,381.2012,405.2381,450.6108,
Maitreyi College (W),B.A. (Hons.) Economics,757.9914,528.9951,407.1413,,572.5051,
Maitreyi College (W),B.A. (Hons.) English,738.5157,613.6976,562.4551,558.5892,592.4128,446.3479
Maitreyi College (W),B.A. (Hons.) Hindi,294.1272,155.7952,165.0854,,,
Maitreyi College (W),B.A. (Hons.) History,743.4043,651.2623,581.4753,557.1247,669.2647,317.5547
Maitreyi College (W),B.A. (Hons.) Political Science,763.9741,687.4682,599.3388,573.0508,698.5673,335.3771
Maitreyi College (W),B.A. (Hons.) Sanskrit,291.1619,150.96,195.4582,,,
Maitreyi College (W),B.A. (Hons.) Sociology,717.8345,598.2635,519.3925,549.0492,567.2666,390.2615
Maitreyi College (W),B.Com,777.6083,653.593,546.5634,351.4748,705.7929,
Maitreyi College (W),B.Com (Hons.),813.7607,709.053,603.1664,502.1165,735.4812,
Maitreyi College (W),B.Sc (Prog.) Life Science,507.6693,423.6522,345.8991,295.6741,440.8545,
Maitreyi College (W),B.Sc (Prog.) Physical Science with Computer Science/ Informatics Practices,335.679,263.2268,173.9302,,281.8177,
Maitreyi College (W),B.Sc (Prog.) Physical Science with Chemistry,289.8911,219.4876,122.9465,,235.6103,
Maitreyi College (W),B.Sc (Hons.) Botany,520.9813,446.4287,377.7846,329.2736,463.3421,
Maitreyi College (W),B.Sc (Hons.) Chemistry,379.1455,307.4058,203.2261,86.7592,322.3379,
Maitreyi College (W),B.Sc (Hons.) Mathematics,616.5174,468.1204,347.4773,110.9379,472.7954,
Maitreyi College (W),B.Sc (Hons.) Physics,368.4835,286.4086,194.5132,63.1949,319.394,
Maitreyi College (W),B.Sc (Hons.) Zoology,551.9303,491.1381,423.2649,384.5246,493.4526,
Maitreyi College (W),B.A Program (English + Economics),757.1892,628.42,539.1927,552.2953,651.4432,
Maitreyi College (W),B.A Program (English + Sociology),702.5706,583.7745,511.0556,537.404,572.4592,
Maitreyi College (W),B.A Program (Hindi + History),630.0017,509.9203,448.9467,377.201,501.6582,
Maitreyi College (W),B.A Program (Hindi + Political Science),624.52,497.3949,463.8305,357.3782,468.4562,
Maitreyi College (W),B.A Program (Punjabi + History),332.0125,,,,,
Maitreyi College (W),B.A Program (Punjabi + Political Science),441.3225,337.21,,,,
Maitreyi College (W),B.A Program (Sanskrit + History),484.5836,284.9841,89.9786,,,
Maitreyi College (W),B.A Program (Sanskrit + Political Science),455.6292,262.1784,210.1733,,170.3942,
Maitreyi College (W),B.A Program (Computer Applications + Economics),716.2636,490.731,393.4646,222.1619,469.3716,
Maitreyi College (W),B.A Program (Computer Applications + Mathematics),640.9162,458.6317,377.92,474.7346,496.7761,
Maitreyi College (W),B.A Program (Economics + Mathematics),740.7513,567.8678,368.7432,292.7156,591.1691,
Maitreyi College (W),B.A Program (History + Political Science),736.0744,649.0144,560.8915,561.8149,676.7962,
Maitreyi College (W),B.A Program (Political Science + Sociology),716.6231,619.415,537.9832,552.4626,581.4651,
Mata Sundri College for Women (W),B.A. (Hons.) English,650.5045,,,,,361.6274
Mata Sundri College for Women (W),B.A. (Hons.) Hindi,64.6052,,,,,
Mata Sundri College for Women (W),B.A. (Hons.) History,611.909,,,,,
Mata Sundri College for Women (W),B.A. (Hons.) Philosophy,563.6398,,,,,
Mata Sundri College for Women (W),B.A. (Hons.) Political Science,643.3115,,,,,
Mata Sundri College for Women (W),B.A. (Hons.) Psychology,761.3848,,,,,501.5129
Mata Sundri College for Women (W),B.A. (Hons.) Punjabi,386.5196,,,,,
Mata Sundri College for Women (W),B.A. (Hons.) Sanskrit,202.4581,,,,,
Mata Sundri College for Women (W),B.Com,662.8162,,,,,
Mata Sundri College for Women (W),B.Com (Hons.),699.6604,,,,,
Mata Sundri College for Women (W),B.Sc (Hons.) Mathematics,482.8001,,,,,
Mata Sundri College for Women (W),B.Sc (Hons.) Computer Science,567.1719,,,,,
Mata Sundri College for Women (W),B.Sc (Hons.) Statistics,622.9735,,,,,
Mata Sundri College for Women (W),Bachelor of Elementary Education (B.El.Ed.),614.6815,,,,,223.9136
Mata Sundri College for Women (W),B.A Program (Punjabi + Political Science),218.9882,,,,,
Mata Sundri College for Women (W),B.A Program (Economics + History),590.731,,,,,439.3612
Mata Sundri College for Women (W),B.A Program (Economics + Mathematics),606.1642,,,,,
Mata Sundri College for Women (W),B.A Program (Economics + Political Science),597.4972,,,,,
Mata Sundri College for Women (W),B.A Program (Economics + Psychology),719.0771,,,,,
Mata Sundri College for Women (W),B.A Program (History + Political Science),593.1976,,,,,
Mata Sundri College for Women (W),B.A Program (Music + Political Science),480.4965,,,,,
Mata Sundri College for Women (W),B.A Program (Philosophy + Political Science),580.7092,,,,,
Mata Sundri College for Women (W),B.A Program (Philosophy + Psychology),731.4342,,,,,351.8164
Mata Sundri College for Women (W),B.A Program (Computer Applications + Mathematics),568.5388,,,,,
Mata Sundri College for Women (W),B.A Program (Office Management & Secretarial Practice (OMSP) + English),604.0853,,,,,
Mata Sundri College for Women (W),B.A Program (Economics + Entrepreneurship and Small Business (ESB)),632.0495,,,,,
Mata Sundri College for Women (W),B.A Program (Computer Applications + Entrepreneurship and Small Business (ESB)),586.2274,,,,,
Mata Sundri College for Women (W),B.A Program (English + History),617.5976,,,,,
Mata Sundri College for Women (W),B.A Program (English + Political Science),650.589,,,,,261.5323
Miranda House (W),B.A. (Hons.) English,852.6687,756.4753,709.7979,673.3999,771.7431,441.9487
Miranda House (W),B.A. (Hons.) Hindi,594.7755,458.0504,394.2251,164.1216,395.6642,200.8692
Miranda House (W),B.A. (Hons.) Economics,840.1038,693.4199,608.4759,461.6312,726.0745,
Miranda House (W),B.A. (Hons.) History,883.9004,839.0972,770.7395,787.0928,829.0746,683.8084
Miranda House (W),B.A. (Hons.) Philosophy,788.5812,679.5754,595.0607,572.135,678.9653,
Miranda House (W),B.A. (Hons.) Sanskrit,256.5367,193.7397,171.579,,365.3348,
Miranda House (W),B.A. (Hons.) Geography,878.3935,829.4809,761.6399,766.7861,834.9944,417.8676
Miranda House (W),B.A. (Hons.) Sociology,831.4024,762.9698,658.6376,674.0537,738.6392,418.6468
Miranda House (W),B.A. (Hons.) Political Science,914.868,878.4728,828.2014,828.0152,867.7746,776.8073
Miranda House (W),B.A. (Hons.) Bengali,427.6744,294.209,247.6734,,255.5563,
Miranda House (W),B.Sc (Prog.) Life Science,632.035,579.6084,519.7963,461.0176,587.8524,467.2683
Miranda House (W),B.Sc (Prog.) Physical Science with Computer Science/ Informatics Practices,445.961,365.9557,272.4541,175.1256,416.5542,217.6739
Miranda House (W),B.Sc (Hons.) Physics,497.6211,402.1968,280.7312,174.3362,414.5766,153.0157
Miranda House (W),B.Sc (Hons.) Chemistry,489.3678,416.5432,311.2407,183.1983,441.8343,
Miranda House (W),B.Sc (Hons.) Botany,626.5544,580.0487,502.122,486.1564,588.3388,220.0213
Miranda House (W),B.Sc (Hons.) Zoology,652.7227,609.8318,549.5847,486.2238,604.5907,342.8787
Miranda House (W),B.Sc (Hons.) Mathematics,749.042,611.8738,501.7751,478.37,615.7704,199.0435
Miranda House (W),Bachelor of Elementary Education (B.El.Ed.),729.4235,617.4183,630.0711,477.9555,605.9655,583.9966
Miranda House (W),B.A Program (Bengali + Political Science),580.3018,333.141,,,,
Miranda House (W),B.A Program (English + Economics),858.7599,763.7716,698.5895,,828.4682,
Miranda House (W),B.A Program (English + History),844.8219,758.8441,773.6796,,716.6975,
Miranda House (W),B.A Program (English + Political Science),873.3117,769.3423,715.0984,,795.3761,
Miranda House (W),B.A Program (Hindi + History),797.3636,698.4325,695.0373,,710.0611,
Miranda House (W),B.A Program (Hindi + Political Science),839.4179,725.6132,701.9997,,715.6835,
Miranda House (W),B.A Program (Sanskrit + Geography),681.758,616.2121,,,,
Miranda House (W),B.A Program (Sanskrit + History),720.6515,552.4467,,,,
Miranda House (W),B.A Program (Sanskrit + Political Science),750.5517,572.0915,419.4253,274.3972,594.8232,
Miranda House (W),B.A Program (Economics + Geography),835.3849,800.8494,800.2343,665.2821,718.7978,
Miranda House (W),B.A Program (Economics + History),850.7317,780.122,743.1118,675.3762,777.5642,
Miranda House (W),B.A Program (Economics + Mathematics),845.6738,675.4637,575.5224,563.2147,738.7167,258.0828
Miranda House (W),B.A Program (Economics + Political Science),874.909,799.4086,768.4315,660.4306,798.2091,559.6487
Miranda House (W),B.A Program (Geography + History),841.7077,804.2568,742.7496,723.1182,790.3507,
Miranda House (W),B.A Program (Geography + Mathematics),784.6588,653.3279,,,,
Miranda House (W),B.A Program (Geography + Political Science),897.0398,829.7049,778.5282,789.6372,804.8703,337.4573
Miranda House (W),B.A Program (History + Philosophy),820.2852,754.5613,656.6547,,809.7826,
Miranda House (W),B.A Program (History + Physical Education),759.3243,690.3371,651.1745,553.9271,659.1879,
Miranda House (W),B.A Program (History + Political Science),881.0172,822.0725,806.016,742.8072,815.5751,714.6094
Miranda House (W),B.A Program (History + Sociology),829.8687,796.5999,718.843,,724.6072,
Miranda House (W),B.A Program (Philosophy + Political Science),846.3388,789.4925,667.5865,690.901,723.7997,294.2328
Miranda House (W),B.A Program (Physical Education + Political Science),781.4928,723.2563,653.2592,720.1181,670.0008,
Miranda House (W),B.A Program (Political Science + Sociology),869.6825,830.835,724.7387,,788.3085,
Miranda House (W),B.A Program (Tamil + Political Science),657.8529,531.3875,480.0101,,,
Miranda House (W),B.A Program (Punjabi + History),698.2108,558.1855,610.6029,,396.4659,
Miranda House (W),B.A Program (Bengali + Geography),578.7536,,,,,
Miranda House (W),B.A Program (English + Philosophy),802.9736,763.1997,664.3288,,,
Miranda House (W),B.A Program (Geography + English),831.0132,771.363,,,,
Miranda House (W),B.A Program (Geography + Sociology),829.7951,785.45,708.9469,,753.3663,
Motilal Nehru College,B.Com,769.5067,652.381,541.0719,382.904,695.4309,598.7575
Motilal Nehru College,B.Com (Hons.),793.918,694.3395,600.6053,456.8518,730.4139,
Motilal Nehru College,B.Sc (Prog.) Physical Science with Chemistry,270.4095,212.8649,120.1083,,196.5965,
Motilal Nehru College,B.Sc (Prog.) Physical Science with Computer Science/ Informatics Practices,329.8633,255.9962,177.5352,96.4313,242.4916,
Motilal Nehru College,B.Sc (Hons.) Physics,366.3889,302.2815,206.4935,153.6696,281.7149,
Motilal Nehru College,B.Sc (Hons.) Mathematics,562.9728,445.3545,341.9088,113.2729,442.0562,
Motilal Nehru College,B.A. (Hons.) English,701.8406,595.4663,541.0555,511.1344,538.0846,231.275
Motilal Nehru College,B.A. (Hons.) Hindi,354.3317,284.7192,269.4852,,273.1803,
Motilal Nehru College,B.A. (Hons.) Economics,746.6529,538.1163,450.0709,153.4898,560.2017,
Motilal Nehru College,B.A. (Hons.) Political Science,758.0283,695.6974,630.2103,613.6771,672.1347,301.0864
Motilal Nehru College,B.A. (Hons.) History,734.2872,627.9285,562.8278,511.3445,595.9337,171.9537
Motilal Nehru College,B.A. (Hons.) Sanskrit,336.707,218.7274,161.3165,,157.3507,
Motilal Nehru College,B.Sc (Hons.) Chemistry,370.0158,312.5706,226.5555,28.2702,308.3526,
Motilal Nehru College,B.A Program (English + Political Science),702.3577,612.1188,599.2304,555.3416,553.3609,230.7852
Motilal Nehru College,B.A Program (English + History),679.1397,574.3378,529.8716,477.4207,557.9957,
Motilal Nehru College,B.A Program (English + Mathematics),667.4894,490.0313,354.5353,336.3323,481.6948,
Motilal Nehru College,B.A Program (History + Political Science),670.1714,569.5048,481.7657,514.7213,536.7882,180.789
Motilal Nehru College,B.A Program (Economics + Political Science),688.9678,568.695,478.1175,487.9364,581.0355,
Motilal Nehru College,B.A Program (Economics + History),667.1822,538.4562,475.7459,445.0625,522.559,118.1028
Motilal Nehru College,B.A Program (Economics + Mathematics),699.7405,469.5158,305.5987,217.1426,562.2929,
Motilal Nehru College,B.A Program (English + Economics),732.8867,589.533,510.2743,505.2284,622.1734,
Motilal Nehru College,B.A Program (Hindi + Political Science),599.2509,507.2838,436.6774,308.9684,446.4294,222.7973
Motilal Nehru College,B.A Program (Hindi + History),580.1823,491.5088,423.3945,269.2643,434.4828,
Motilal Nehru College,B.A Program (Sanskrit + Political Science),440.9038,242.0265,206.4385,,267.2752,
Motilal Nehru College,B.A Program (Sanskrit + History),389.3375,144.1721,132.7877,,,
Motilal Nehru College (Evening),B.A. (Hons.) English,600.8246,453.8911,420.4252,401.4742,424.0581,
Motilal Nehru College (Evening),B.A. (Hons.) Hindi,291.8504,149.2842,113.3615,180.9443,,
Motilal Nehru College (Evening),B.A. (Hons.) History,563.8346,428.1475,389.2756,336.9251,344.2743,
Motilal Nehru College (Evening),B.A. (Hons.) Political Science,604.2965,484.5934,435.4039,440.5504,381.7706,299.0809
Motilal Nehru College (Evening),B.Com,678.3952,527.7196,429.7103,172.5552,558.0565,
Motilal Nehru College (Evening),B.Com (Hons.),708.6548,570.1752,468.5567,101.7535,618.0288,
Motilal Nehru College (Evening),B.A Program (English + Economics),616.454,436.8382,344.665,283.5241,441.561,
Motilal Nehru College (Evening),B.A Program (English + History),567.8873,443.1936,392.601,399.3754,337.3861,
Motilal Nehru College (Evening),B.A Program (English + Mathematics),566.9528,413.7089,304.1251,213.855,381.8676,
Motilal Nehru College (Evening),B.A Program (English + Political Science),553.9013,404.8761,368.7674,358.852,330.0668,
Motilal Nehru College (Evening),B.A Program (Hindi + History),513.7704,383.7001,372.5031,161.6193,320.0826,
Motilal Nehru College (Evening),B.A Program (Hindi + Physical Education),513.3627,394.6658,374.4345,242.3702,254.5388,306.6088
Motilal Nehru College (Evening),B.A Program (Hindi + Political Science),515.0128,380.8293,360.9504,508.1502,309.3413,
Motilal Nehru College (Evening),B.A Program (Economics + Mathematics),600.8963,385.2937,221.2823,,329.5534,
Motilal Nehru College (Evening),B.A Program (Economics + Political Science),562.3737,394.376,339.504,253.7288,342.1011,
Motilal Nehru College (Evening),B.A Program (History + Political Science),539.985,395.7684,350.694,324.4794,304.2262,228.3978
Motilal Nehru College (Evening),B.A Program (Physical Education + Political Science),555.1267,418.3698,423.7002,,346.353,
Motilal Nehru College (Evening),B.A Program (Sanskrit + Political Science),290.94,153.549,183.4725,,,
Motilal Nehru College (Evening),B.A Program (Sanskrit + History),279.4726,111.6697,,,,
Motilal Nehru College (Evening),B.A Program (Economics + History),566.1497,429.5992,375.5272,372.8339,437.0217,
P.G.D.A.V. College,B.A. (Hons.) Economics,701.7115,442.0584,333.4047,,452.8167,
P.G.D.A.V. College,B.A. (Hons.) English,638.9189,476.9172,448.0668,417.4108,452.2324,275.1163
P.G.D.A.V. College,B.A. (Hons.) Hindi,291.9361,85.9761,101.1883,,245.8125,258.3405
P.G.D.A.V. College,B.A. (Hons.) History,628.7012,497.8211,448.8483,437.6005,449.4528,306.448
P.G.D.A.V. College,B.A. (Hons.) Political Science,667.7285,573.6916,506.1142,487.4423,502.205,245.3182
P.G.D.A.V. College,B.A. (Hons.) Sanskrit,364.1652,199.2833,284.9159,,175.6013,
P.G.D.A.V. College,B.Com,705.1656,547.7104,463.1622,192.8408,586.0762,
P.G.D.A.V. College,B.Com (Hons.),747.9103,608.0839,517.6774,256.1181,645.8879,569.3
P.G.D.A.V. College,B.Sc (Hons.) Computer Science,597.732,496.6312,405.1528,290.5986,519.0292,
P.G.D.A.V. College,B.Sc (Hons.) Mathematics,543.1361,424.8114,301.0815,299.3885,430.4386,
P.G.D.A.V. College,B.Sc (Hons.) Statistics,679.8951,477.0009,373.9972,174.846,511.5551,
P.G.D.A.V. College,B.Sc (Prog.) Mathematical Sciences,485.9791,354.2126,255.681,318.8323,330.251,
P.G.D.A.V. College,B.A Program (English + History),627.173,507.1947,510.6667,464.9005,449.2552,
P.G.D.A.V. College,B.A Program (English + Political Science),637.8109,523.0788,507.8114,482.926,534.7867,151.9568
P.G.D.A.V. College,B.A Program (Hindi + History),564.762,438.491,402.68,233.1669,395.0284,
P.G.D.A.V. College,B.A Program (Hindi + Political Science),568.7739,425.7531,426.2465,294.9386,355.48,296.236
P.G.D.A.V. College,B.A Program (Sanskrit + History),429.7464,99.6913,150.1198,,,
P.G.D.A.V. College,B.A Program (Sanskrit + Political Science),323.9443,254.5151,256.6926,,,
P.G.D.A.V. College,B.A Program (Accounting and Finance + Economics),725.4763,599.508,584.4348,559.589,561.1813,205.7576
P.G.D.A.V. College,B.A Program (Computer Applications + Economics),658.8234,500.6355,406.0201,,467.32,
P.G.D.A.V. College,B.A Program (Computer Applications + Mathematics),623.2884,510.6394,400.5173,,475.7867,
P.G.D.A.V. College,B.A Program (Economics + Entrepreneurship and Small Business (ESB)),675.1731,525.3853,535.3116,407.5698,560.2754,
P.G.D.A.V. College,B.A Program (Economics + Mathematics),650.8311,446.7681,282.9538,,434.4444,
P.G.D.A.V. College,B.A Program (Economics + Political Science),641.5447,493.6837,436.7868,401.6052,410.8842,
P.G.D.A.V. College,B.A Program (History + Political Science),602.0117,463.4301,436.5203,402.4755,409.7779,157.2937
P.G.D.A.V. College,B.A Program (Physical Education + Political Science),611.3371,487.7988,466.6258,460.2864,487.5904,189.5722
P.G.D.A.V. College (Evening),B.Com,640.7083,472.1568,356.2391,318.9776,494.0375,
P.G.D.A.V. College (Evening),B.Com (Hons.),677.3409,524.8092,431.1927,487.6386,565.4385,375.0785
P.G.D.A.V. College (Evening),B.A. (Hons.) Hindi,254.6481,171.6206,76.4465,,,
P.G.D.A.V. College (Evening),B.A. (Hons.) Political Science,567.1413,440.6371,392.7644,371.9961,327.9136,
P.G.D.A.V. College (Evening),B.Sc (Hons.) Mathematics,511.6686,393.0416,283.7918,,398.7376,
P.G.D.A.V. College (Evening),B.A. (Hons.) Sanskrit,327.5636,169.608,155.7014,,,
P.G.D.A.V. College (Evening),B.A Program (English + Economics),621.6184,430.1028,380.9996,381.1542,443.4237,
P.G.D.A.V. College (Evening),B.A Program (English + History),548.9943,410.6698,366.9546,371.1171,336.1546,
P.G.D.A.V. College (Evening),B.A Program (English + Mathematics),561.9066,452.482,303.2185,,401.9335,
P.G.D.A.V. College (Evening),B.A Program (English + Political Science),553.3638,410.364,374.5305,335.5892,336.4606,
P.G.D.A.V. College (Evening),B.A Program (Hindi + History),504.7854,368.6496,332.3231,,261.5141,
P.G.D.A.V. College (Evening),B.A Program (Hindi + Political Science),491.3237,369.1839,339.4056,118.1121,269.8909,
P.G.D.A.V. College (Evening),B.A Program (Commerce + Economics),635.3152,460.8042,371.6536,267.6795,481.5019,
P.G.D.A.V. College (Evening),B.A Program (Economics + History),545.8002,398.5295,360.3815,256.6845,387.8839,
P.G.D.A.V. College (Evening),B.A Program (Economics + Mathematics),580.9784,348.2181,218.8633,,307.0435,
P.G.D.A.V. College (Evening),B.A Program (Economics + Political Science),543.1777,378.926,327.5134,193.4821,339.4048,
P.G.D.A.V. College (Evening),B.A Program (History + Political Science),529.3796,386.2365,341.9172,291.8907,298.8575,
P.G.D.A.V. College (Evening),B.A Program (Physical Education + History),533.3977,406.9085,386.2358,438.7618,346.6607,396.1381
P.G.D.A.V. College (Evening),B.A Program (Physical Education + Political Science),534.3124,403.7261,382.0865,387.1894,331.3951,251.4009
Rajdhani College,B.A. (Hons.) English,638.9041,486.7606,456.4264,408.6039,474.5623,
Rajdhani College,B.A. (Hons.) Hindi,298.9912,111.1245,145.3133,254.466,222.0353,267.6112
Rajdhani College,B.A. (Hons.) Sanskrit,266.9708,137.1323,111.2686,,298.1767,257.3683
Rajdhani College,B.A. (Hons.) History,624.8666,509.5922,445.0372,408.4877,399.3197,
Rajdhani College,B.A. (Hons.) Economics,691.2118,435.8522,355.835,202.3501,451.0761,
Rajdhani College,B.A. (Hons.) Political Science,675.9634,577.4298,566.14,520.0231,507.8388,312.627
Rajdhani College,B.Com (Hons.),751.3163,625.7458,527.9247,328.736,670.3893,
Rajdhani College,B.Sc (Hons.) Chemistry,321.5711,259.4663,166.7568,240.6802,247.6449,
Rajdhani College,B.Sc (Hons.) Electronics,308.7757,225.6322,161.0282,,235.4579,
Rajdhani College,B.Sc (Hons.) Physics,326.6434,251.915,163.5578,52.7469,245.4474,
Rajdhani College,B.Sc (Hons.) Mathematics,519.2826,401.7067,292.343,246.3091,405.901,
Rajdhani College,B.Sc (Prog.) Physical Science with Chemistry,244.5687,187.3588,95.1443,,170.2265,
Rajdhani College,B.Sc (Prog.) Physical Science with Computer Science/ Informatics Practices,290.4179,217.3299,146.7387,207.9785,220.3874,
Rajdhani College,B.Sc (Prog.) Physical Science with Electronics,260.5288,190.5602,106.4007,,214.9493,
Rajdhani College,B.Sc (Prog.) Applied Physical Sciences with Industrial Chemistry,246.6865,177.8866,86.2463,,179.4524,
Rajdhani College,B.A Program (English + History),626.6875,537.4502,519.8606,407.087,434.2899,300.1391
Rajdhani College,B.A Program (English + Linguistics),618.0413,473.1751,447.7259,443.7606,437.4779,
Rajdhani College,B.A Program (Hindi + History),545.6203,435.3206,428.0973,326.9581,346.4087,
Rajdhani College,B.A Program (Hindi + Political Science),547.2456,432.5188,405.9699,276.3337,339.8732,179.6249
Rajdhani College,B.A Program (Sanskrit + History),321.2415,,,,,
Rajdhani College,B.A Program (Sanskrit + Political Science),387.7853,,,,354.7967,
Rajdhani College,B.A Program (Economics + History),619.2858,481.1657,425.4598,386.9254,413.2109,
Rajdhani College,B.A Program (Economics + Mathematics),638.0681,391.7495,271.0043,,372.4113,
Rajdhani College,B.A Program (Economics + Political Science),633.6666,476.46,424.1121,387.3905,419.3717,451.6941
Rajdhani College,B.A Program (History + Political Science),601.8997,476.3176,438.9771,400.5804,386.0491,221.2696
Rajdhani College,B.A Program (Linguistics + Political Science),575.3795,429.6037,397.2279,331.0366,352.8403,
Ram Lal Anand College,B.A. (Hons.) English,659.3736,522.9973,476.1301,452.742,505.6116,
Ram Lal Anand College,B.A. (Hons.) Hindi,273.5896,70.391,91.6843,,156.2013,
Ram Lal Anand College,B.A. (Hons.) Hindi Patrakarita,517.4779,426.541,335.2729,,406.4301,
Ram Lal Anand College,B.A. (Hons.) History,662.4428,541.9178,469.798,446.203,498.0242,368.0475
Ram Lal Anand College,B.A. (Hons.) Political Science,715.6092,635.363,552.9631,527.3101,586.0533,
Ram Lal Anand College,B.Com,765.4925,638.7493,535.5723,340.8289,689.5835,
Ram Lal Anand College,B.Com (Hons.),785.7314,678.6737,586.4396,429.8623,718.8626,
Ram Lal Anand College,B.Sc (Hons.) Computer Science,608.3467,516.1527,410.8588,307.3291,539.879,
Ram Lal Anand College,B.Sc (Hons.) Geology,495.8439,445.4753,349.5839,315.5124,429.6333,
Ram Lal Anand College,B.Sc (Hons.) Microbiology,570.2628,510.1978,433.8769,370.0288,494.4346,222.769
Ram Lal Anand College,B.Sc (Hons.) Statistics,703.9028,507.9883,384.8551,228.7179,555.4794,
Ram Lal Anand College,B.Sc (Hons.) Mathematics,554.2923,426.1775,318.4045,221.7881,423.5014,338.8746
Ram Lal Anand College,Bachelor of Management Studies (BMS),461.3665,342.0045,284.3159,201.977,365.9126,
Ram Lal Anand College,B.A Program (Computer Applications + Economics),668.1109,460.4619,386.5971,178.8891,470.9757,
Ram Lal Anand College,B.A Program (Economics + Mathematics),674.3249,437.3816,265.3992,,431.3484,
Ram Lal Anand College,B.A Program (History + Political Science),653.8065,541.0008,471.332,469.8087,498.2911,
Ramanujan College,B.Com (Hons.),775.8391,647.1201,557.4956,410.0331,685.4273,504.3791
Ramanujan College,B.Com,755.6555,611.401,522.7078,360.1768,654.2411,498.3643
Ramanujan College,B.A. (Hons.) English,685.2511,520.8722,479.6462,479.3926,493.8523,
Ramanujan College,B.A. (Hons.) Hindi,310.6626,161.2769,149.0774,,287.6749,
Ramanujan College,B.A. (Hons.) Political Science,720.9152,649.167,577.1466,512.1494,600.21,455.8937
Ramanujan College,B.Sc (Hons.) Statistics,699.7843,498.2654,380.8052,272.9939,566.013,
Ramanujan College,B.Sc (Hons.) Mathematics,597.6962,450.0154,350.8697,244.2472,463.669,
Ramanujan College,B.Sc (Hons.) Computer Science,617.5,533.8204,434.8144,341.756,569.4945,221.5563
Ramanujan College,B.A. (Hons.) Applied Psychology,802.7322,622.6543,588.0327,538.7894,566.6334,328.6577
Ramanujan College,B.A. (Hons.) Philosophy,631.318,453.0962,403.8306,250.2904,441.9355,
Ramanujan College,B.A. (Hons.) Economics,734.6189,491.0697,404.0405,90.6109,534.1838,
Ramanujan College,Bachelor of Management Studies (BMS),477.8603,362.0958,295.9761,148.3592,407.5497,141.1549
Ramanujan College,"B.Voc. Banking, Financial Services and Insurance",720.2233,591.882,507.3026,409.3558,589.7784,176.8876
Ramanujan College,B.Voc Software Development,592.0568,494.7778,432.9694,322.9712,495.6742,108.892
Ramanujan College,B.A Program (Accounting and Finance + Economics),761.9229,636.8684,575.0802,,658.6327,
Ramanujan College,B.A Program (Economics + Entrepreneurship and Small Business (ESB)),740.4461,584.2709,542.7362,504.4691,638.0124,
Ramanujan College,B.A Program (History + Philosophy),630.0845,515.9031,429.5952,449.2124,448.6214,
Ramanujan College,B.A Program (History + Political Science),690.9306,618.2305,535.6689,559.4929,631.3481,428.2971
Ramanujan College,B.A Program (Philosophy + Political Science),666.8024,553.9425,524.2721,434.1032,485.6132,
Ramanujan College,B.A Program (Political Science + Psychology),762.0456,614.7377,573.9054,540.3802,586.9496,
Ramanujan College,B.A Program (Accounting and Finance + Mathematics),731.6245,533.8887,449.4085,,549.9345,
Ramanujan College,B.Sc (Hons.) Environmental Sciences,496.7676,424.901,344.3577,321.0859,423.9627,
Ramanujan College,B.A Program (Economics + Psychology),743.6647,611.6305,561.8256,500.129,573.0279,
Ramanujan College,B.A Program (Hindi + History),575.628,454.4902,450.8671,380.444,405.4544,
Ramanujan College,B.A Program (Hindi + Political Science),602.4048,475.6127,443.2006,280.5394,418.7514,227.5332
Ramanujan College,B.A Program (Entrepreneurship and Small Business (ESB) + Mathematics),664.36,467.4187,393.4232,308.6823,470.3712,250.3893
Ramjas College,B.A. (Hons.) English,814.3786,717.6746,675.2434,652.9532,737.9144,472.4775
Ramjas College,B.A. (Hons.) Hindi,521.4477,425.567,406.1847,199.611,323.9407,191.3254
Ramjas College,B.A. (Hons.) Sanskrit,354.0079,394.3813,267.8855,259.5601,376.5199,
Ramjas College,B.A. (Hons.) Economics,831.0626,668.3102,601.382,436.0058,726.8914,269.2693
Ramjas College,B.A. (Hons.) History,836.1619,788.4784,721.2265,739.0164,797.4919,537.2786
Ramjas College,B.A. (Hons.) Political Science,884.2064,841.6757,777.8842,793.4751,837.4306,724.6083
Ramjas College,B.Com,867.1518,790.288,719.026,643.9764,824.771,559.0843
Ramjas College,B.Com (Hons.),878.7145,803.5134,736.2649,662.1419,838.8491,616.681
Ramjas College,B.Sc (Prog.) Physical Science with Electronics,358.2159,294.8771,214.8271,97.792,300.7857,
Ramjas College,B.Sc (Prog.) Physical Science with Chemistry,350.2363,294.1343,207.4215,59.76,313.1313,
Ramjas College,B.Sc (Prog.) Life Science,572.3891,517.2131,426.2304,370.0712,540.8262,219.8201
Ramjas College,B.Sc (Hons.) Physics,461.4306,391.0961,284.1984,161.0243,404.0129,
Ramjas College,B.Sc (Hons.) Chemistry,438.857,383.561,278.0096,160.7667,384.5912,
Ramjas College,B.Sc (Hons.) Mathematics,738.3905,603.0535,499.0806,400.0216,602.2485,
Ramjas College,B.Sc (Hons.) Statistics,801.9669,613.0576,511.2902,362.6479,668.6737,
Ramjas College,B.Sc (Hons.) Botany,583.9125,542.3807,452.5157,428.7619,543.0634,217.9815
Ramjas College,B.Sc (Hons.) Zoology,610.2142,578.9908,498.6412,449.258,579.2969,276.9194
Ramjas College,B.A Program (Sanskrit + Any one out of these (English/Hindi/History/Pol. Science/Economics/Mathematics/Philosophy)),698.1155,585.004,596.6039,421.5347,601.174,
Ramjas College,B.A Program (Philosophy + Any one out of these (English/Hindi/History/Pol. Science/Economics/Mathematics/Sanskrit)),808.4744,739.4975,659.8129,655.1998,758.6024,503.7161
Ramjas College,B.A Program (Any two discipline from these (English/Hindi/History/Pol. Science/Economics/Mathematics)),832.8661,760.266,710.7915,679.3995,782.1868,631.1953
Satyawati College,B.Sc (Hons.) Mathematics,526.3326,399.9248,303.7377,234.2555,396.2465,
Satyawati College,B.A. (Hons.) Economics,688.2748,435.2748,330.4414,277.0094,438.1411,
Satyawati College,B.A. (Hons.) English,639.4431,494.2807,448.0862,471.402,463.0908,
Satyawati College,B.A. (Hons.) Hindi,335.3815,159.4347,209.4835,246.0096,234.0404,
Satyawati College,B.A. (Hons.) History,615.8444,486.5845,434.854,403.0258,432.5485,322.1594
Satyawati College,B.A. (Hons.) Political Science,680.7424,581.7923,531.5152,493.3451,582.769,467.334
Satyawati College,B.A. (Hons.) Sanskrit,335.706,76.2823,140.7474,,152.2412,
Satyawati College,B.A. (Hons.) Urdu,382.9045,89.7658,163.3813,136.6523,36.9712,
Satyawati College,B.Com,726.0626,568.1257,471.8849,205.7166,616.9702,203.0597
Satyawati College,B.Com (Hons.),754.5225,627.862,527.2872,269.7471,648.3447,221.9896
Satyawati College,B.A Program (Hindi + History),539.1289,428.5649,395.1153,303.1241,392.9879,343.5232
Satyawati College,B.A Program (History + Political Science),617.1101,518.7491,469.6521,431.6832,462.246,410.2461
Satyawati College,B.A Program (Hindi + Political Science),546.6514,422.0714,428.0709,216.0133,380.1629,350.7254
Satyawati College,B.A Program (English + History),605.6093,487.0494,452.3668,423.0167,428.8386,155.22
Satyawati College,B.A Program (English + Political Science),627.4613,509.1181,492.0947,549.598,508.1743,202.5342
Satyawati College,B.A Program (Economics + History),601.9005,473.8844,433.3863,392.2341,418.5502,
Satyawati College,B.A Program (Economics + Political Science),609.2248,470.7758,446.4262,399.8094,414.6409,
Satyawati College,B.A Program (Economics + Mathematics),635.8249,420.7363,274.1974,,362.1818,
Satyawati College,B.A Program (Economics + OMSP),611.6231,453.1056,357.3024,360.8561,421.553,
Satyawati College,B.A Program (Mathematics + OMSP),547.0527,361.9173,256.6378,,296.7103,
Satyawati College,B.A Program (Mathematics + Political Science),521.0596,378.5975,262.269,150.0038,405.858,
Satyawati College,B.A Program (History + Mathematics),513.4001,380.4191,297.264,308.438,334.1723,
Satyawati College,B.A Program (Sanskrit + Political Science),350.4162,188.1857,211.8339,,218.767,
Satyawati College,B.A Program (Sanskrit + History),345.8934,278.6266,199.7074,,300.0086,
Satyawati College,B.A Program (English + Economics),660.6769,499.6489,439.6944,453.4905,502.0775,
Satyawati College (Evening),B.A. (Hons.) Economics,620.1665,355.0496,245.6854,,332.7066,
Satyawati College (Evening),B.A. (Hons.) English,586.1294,426.2079,378.7106,333.1624,403.8497,
Satyawati College (Evening),B.A. (Hons.) Hindi,223.1798,173.6799,137.0055,,,
Satyawati College (Evening),B.A. (Hons.) History,549.9249,413.67,381.9222,295.6802,317.0944,
Satyawati College (Evening),B.A. (Hons.) Political Science,566.3764,436.2102,401.6487,369.9571,343.316,
Satyawati College (Evening),B.Com,651.924,477.1257,356.828,426.7328,512.0628,
Satyawati College (Evening),B.Com (Hons.),685.1352,528.7757,408.1562,200.5008,561.626,
Satyawati College (Evening),B.A Program (English + Economics),615.9897,428.6926,365.598,350.4977,448.9131,
Satyawati College (Evening),B.A Program (English + History),554.305,437.4514,372.8292,346.1573,400.9813,
Satyawati College (Evening),B.A Program (English + Political Science),559.1169,446.0196,388.974,397.1763,370.9056,
Satyawati College (Evening),B.A Program (Hindi + Buddhist Studies),514.9702,355.2068,318.3476,,284.2453,
Satyawati College (Evening),B.A Program (Hindi + Political Science),499.3644,377.1217,335.196,198.3516,283.0582,
Satyawati College (Evening),B.A Program (Accounting and Finance + Economics),670.2264,519.2788,449.5804,389.1845,489.8953,
Satyawati College (Evening),B.A Program (Buddhist Studies + Political Science),572.9597,416.7154,366.1598,294.4499,436.9802,
Satyawati College (Evening),B.A Program (Economics + Mathematics),576.2265,343.6774,206.4084,367.5947,278.6706,
Satyawati College (Evening),B.A Program (Economics + OMSP),581.9302,406.5826,322.2306,,390.134,
Satyawati College (Evening),B.A Program (Economics + Political Science),534.9919,373.8449,321.6738,127.3575,328.6895,
Satyawati College (Evening),B.A Program (History + Mathematics),501.9792,338.6519,263.354,,263.7082,
Satyawati College (Evening),B.A Program (Political Science + Mathematics),511.8836,358.8895,263.5962,,402.5318,
Satyawati College (Evening),B.A Program (Economics + History),532.0368,375.6832,333.2853,96.1662,341.4394,
Satyawati College (Evening),B.A Program (Hindi + History),495.1161,366.1626,329.9492,156.4595,318.3586,
Satyawati College (Evening),B.A Program (Buddhist Studies + Economics),594.0883,455.6824,382.859,383.7511,456.2522,
Satyawati College (Evening),B.A Program (History + Political Science),527.773,387.7964,348.8682,315.621,302.8981,
Shaheed Bhagat Singh College,B.Com (Hons.),824.588,741.8145,660.0508,554.3154,782.6887,146.5367
Shaheed Bhagat Singh College,B.Com,813.2073,722.7368,633.4962,536.2044,766.1437,313.9889
Shaheed Bhagat Singh College,B.A. (Hons.) Economics,782.2429,604.9909,538.856,283.7185,662.9351,
Shaheed Bhagat Singh College,B.A. (Hons.) History,752.5932,682.2699,616.0935,607.8716,702.5015,320.1443
Shaheed Bhagat Singh College,B.A. (Hons.) Political Science,781.5765,727.3829,658.4421,664.2425,730.1498,381.9296
Shaheed Bhagat Singh College,B.A. (Hons.) Geography,772.6992,708.7837,636.9772,640.437,714.3169,370.1212
Shaheed Bhagat Singh College,B.A. (Hons.) Hindi,346.337,232.771,248.8713,,,
Shaheed Bhagat Singh College,B.A. (Hons.) English,734.9707,615.0498,578.6125,544.6163,627.3437,392.788
Shaheed Bhagat Singh College,B.Sc (Hons.) Mathematics,651.359,486.6784,393.3079,244.9403,523.196,
Shaheed Bhagat Singh College,B.A Program (Economics + Mathematics),770.7204,553.4195,547.2654,236.8878,647.7722,
Shaheed Bhagat Singh College,B.A Program (Geography + Political Science),753.2233,687.6756,579.321,627.5159,677.7709,651.7192
Shaheed Bhagat Singh College,B.A Program (History + Political Science),763.3575,681.6352,615.5069,600.05,683.8893,421.181
Shaheed Bhagat Singh College,B.A Program (Hindi + Geography),652.6192,562.4031,488.5196,473.838,617.55,
Shaheed Bhagat Singh College,B.A Program (English + History),727.3101,651.2301,597.9356,545.2569,646.983,427.8784
Shaheed Bhagat Singh College,B.A Program (English + Economics),788.7153,683.3657,584.0455,578.4764,708.7823,217.5739
Shaheed Bhagat Singh College (Evening),B.A. (Hons.) Geography,614.2916,516.8433,464.2495,437.0244,428.8276,
Shaheed Bhagat Singh College (Evening),B.A. (Hons.) Political Science,634.3934,522.5117,439.1669,460.0613,451.9283,
Shaheed Bhagat Singh College (Evening),B.Com,713.6888,575.8603,447.6898,174.223,625.3999,601.4569
Shaheed Bhagat Singh College (Evening),B.Com (Hons.),781.932,679.604,587.8234,474.0457,720.0321,
Shaheed Bhagat Singh College (Evening),B.A Program (English + Economics),658.0491,481.0064,400.5782,307.9978,514.693,
Shaheed Bhagat Singh College (Evening),B.A Program (Economics + Geography),608.5676,474.476,409.5342,430.8928,439.0856,389.5708
Shaheed Bhagat Singh College (Evening),B.A Program (Economics + History),612.3645,464.4334,395.8074,486.451,468.8096,
Shaheed Bhagat Singh College (Evening),B.A Program (Economics + Political Science),627.5568,516.2301,412.1474,328.3413,448.0096,
Shaheed Bhagat Singh College (Evening),B.A Program (Geography + History),592.0373,503.6305,474.9215,463.3848,420.9355,
Shaheed Bhagat Singh College (Evening),B.A Program (Geography + Political Science),594.8492,506.4518,439.1519,510.2823,452.6037,
Shaheed Bhagat Singh College (Evening),B.A Program (History + Political Science),584.3291,454.7851,397.0536,342.1045,363.3636,
Shaheed Rajguru College of Applied Sciences for Women (W),B.Sc (Hons.) Electronics,294.7518,214.2338,128.4801,,218.3433,
Shaheed Rajguru College of Applied Sciences for Women (W),B.Sc (Hons.) Instrumentation,238.1358,151.1105,47.018,,157.5076,
Shaheed Rajguru College of Applied Sciences for Women (W),B.Sc (Hons.) Food Technology,508.3421,436.6771,363.1885,308.4627,434.974,
Shaheed Rajguru College of Applied Sciences for Women (W),B.Sc (Hons.) Computer Science,591.3609,475.2433,399.3084,266.2728,517.0909,
Shaheed Rajguru College of Applied Sciences for Women (W),B.Sc (Hons.) Biomedical Science,565.9465,472.0857,417.4699,346.0254,486.1647,134.6747
Shaheed Rajguru College of Applied Sciences for Women (W),B.Sc (Hons.) Physics,313.2609,230.183,127.2807,,229.7037,
Shaheed Rajguru College of Applied Sciences for Women (W),B.Sc (Hons.) Mathematics,526.7806,375.5258,267.493,,380.1194,
Shaheed Rajguru College of Applied Sciences for Women (W),B.Sc (Hons.) Chemistry,324.6692,256.0719,161.2817,81.6223,232.5277,
Shaheed Rajguru College of Applied Sciences for Women (W),B.A. (Hons.) Psychology,775.4384,594.9275,595.0368,497.9422,561.7902,
Shaheed Rajguru College of Applied Sciences for Women (W),B.Sc (Hons.) Statistics,647.6693,438.5551,338.9667,144.431,493.3893,
Shaheed Rajguru College of Applied Sciences for Women (W),B.Sc (Hons.) Microbiology,550.5037,468.701,391.4712,328.5126,472.1702,283.5264
Shaheed Rajguru College of Applied Sciences for Women (W),Bachelor of Business Administration (Financial Investment Analysis) (BBA(FIA)),466.8579,354.5284,301.5673,110.8845,367.0012,281.4604
Shaheed Rajguru College of Applied Sciences for Women (W),Bachelor of Management Studies (BMS),450.7234,331.9669,279.5278,121.8241,348.0147,352.9034
Shaheed Rajguru College of Applied Sciences for Women (W),B.Sc (Hons.) Bio-Chemistry,550.4031,460.9393,377.0615,317.9006,462.9967,
Shaheed Sukhdev College Business Studies,B.Sc (Hons.) Computer Science,752.0866,655.6595,559.6998,434.7721,682.6153,270.7819
Shaheed Sukhdev College Business Studies,Bachelor of Management Studies (BMS),548.3395,430.882,374.3066,261.2175,478.4763,349.1986
Shaheed Sukhdev College Business Studies,Bachelor of Business Administration (Financial Investment Analysis) (BBA(FIA)),570.2784,464.7084,405.4692,309.0999,515.7685,373.8806
Shivaji College,B.A. (Hons.) Economics,716.6194,450.3688,360.5253,157.9707,475.6209,
Shivaji College,B.A. (Hons.) English,653.2824,513.7565,462.434,455.652,479.7066,
Shivaji College,B.A. (Hons.) Geography,686.988,603.5411,526.7734,545.3334,507.6284,290.9508
Shivaji College,B.A. (Hons.) Hindi,295.6136,145.057,120.9199,,246.2612,
Shivaji College,B.A. (Hons.) History,640.343,537.9659,471.3633,457.4796,462.0724,
Shivaji College,B.A. (Hons.) Political Science,704.9432,612.7392,589.8566,563.8472,567.4416,202.9787
Shivaji College,B.A. (Hons.) Sanskrit,337.7781,98.7774,177.6518,,174.3759,
Shivaji College,B.Com,741.42,595.7127,509.7944,323.8997,633.8894,563.2512
Shivaji College,B.Com (Hons.),763.304,640.0186,554.2374,425.2678,661.894,411.8502
Shivaji College,B.Sc (Prog.) Life Science,483.797,409.7599,331.0447,268.1953,408.6452,
Shivaji College,B.Sc (Prog.) Physical Science with Computer Science/ Informatics Practices,291.5958,219.3579,146.3219,79.9923,220.4221,
Shivaji College,B.Sc (Prog.) Physical Science with Chemistry,252.2424,200.513,120.6338,,199.1165,
Shivaji College,B.Sc (Hons.) Bio-Chemistry,567.7575,506.471,423.255,372.8233,489.3791,106.6672
Shivaji College,B.Sc (Hons.) Botany,498.6848,434.4454,356.7744,311.1602,418.065,
Shivaji College,B.Sc (Hons.) Chemistry,336.1215,274.3633,190.9265,116.3969,297.881,
Shivaji College,B.Sc (Hons.) Mathematics,533.1742,405.8327,290.7939,112.57,416.452,
Shivaji College,B.Sc (Hons.) Physics,335.5649,252.2506,170.0418,11.7864,252.047,
Shivaji College,B.Sc (Hons.) Zoology,525.5731,457.1622,389.3567,338.0415,448.5719,293.0666
Shivaji College,B.A. (Hons.) Business Economics,420.5978,286.2237,198.8575,,299.5135,
Shivaji College,B.A Program (History + Political Science),620.9261,504.4086,439.5153,415.1793,441.4383,169.6186
Shivaji College,B.A Program (English + Sociology),652.7985,530.5381,492.1174,535.4351,453.7432,237.0648
Shivaji College,B.A Program (Geography + History),629.2121,524.9413,484.9832,514.7553,492.5485,
Shivaji College,B.A Program (Hindi + History),556.2289,434.1798,383.2589,386.1817,363.1895,284.2698
Shivaji College,B.A Program (Geography + Political Science),659.09,558.4152,536.8193,528.5477,511.1041,
Shivaji College,B.A Program (Hindi + Political Science),567.9571,437.1243,487.0002,218.2169,347.4131,225.7528
Shivaji College,B.A Program (Economics + Political Science),645.4713,511.3407,452.629,425.1796,544.3385,
Shivaji College,B.A Program (Hindi + Geography),564.489,488.9324,441.529,439.0827,425.2696,
Shivaji College,B.A Program (Economics + Geography),652.7356,561.317,482.9794,489.9514,530.4527,
Shivaji College,B.A Program (English + Economics),679.1591,520.4072,472.3587,405.8384,539.0369,
Shri Ram College of Commerce,B.Com (Hons.),906.4214,839.2272,782.979,738.546,863.6321,718.1617
Shri Ram College of Commerce,B.A. (Hons.) Economics,897.996,792.6281,714.072,602.6113,814.4124,602.9495
Shyam Lal College,B.A. (Hons.) Economics,663.164,390.4751,302.5267,,377.6933,
Shyam Lal College,B.A. (Hons.) English,628.9771,464.301,428.673,383.3184,445.8978,
Shyam Lal College,B.A. (Hons.) Hindi,305.488,146.7504,126.5851,,,247.6342
Shyam Lal College,B.A. (Hons.) History,613.7196,489.9389,445.76,474.1034,383.3942,
Shyam Lal College,B.A. (Hons.) Political Science,664.3589,574.7239,512.5996,527.4306,493.9216,152.8457
Shyam Lal College,B.Com,697.9917,541.8716,444.9556,220.7107,578.5545,
Shyam Lal College,B.Com (Hons.),730.2463,579.9593,493.5067,236.5046,601.1987,363.107
Shyam Lal College,B.Sc (Prog.) Physical Science with Electronics,251.488,191.0011,121.2226,110.9113,193.4751,
Shyam Lal College,B.Sc (Prog.) Physical Science with Chemistry,230.6466,169.5635,67.9749,,159.1133,
Shyam Lal College,B.Sc (Prog.) Physical Science with Computer Science/ Informatics Practices,289.6803,210.9257,151.8864,19.0274,217.6084,
Shyam Lal College,B.Sc (Hons.) Chemistry,335.9844,277.9337,179.7095,,265.1769,
Shyam Lal College,B.Sc (Hons.) Mathematics,518.443,410.8557,310.4869,175.2623,400.9385,
Shyam Lal College,B.A Program (Economics + OMSP),610.3609,437.6702,371.737,254.9107,421.9858,
Shyam Lal College,B.A Program (English + Economics),656.4313,498.7605,438.3062,408.6936,524.404,
Shyam Lal College,B.A Program (English + Political Science),620.2832,510.0033,489.6231,528.3835,478.1259,305.6782
Shyam Lal College,B.A Program (Economics + Political Science),606.6814,463.9281,424.5336,358.4727,416.9926,
Shyam Lal College,B.A Program (History + Political Science),596.5351,456.6372,425.7848,437.5165,357.3737,
Shyam Lal College,B.A Program (Hindi + History),529.909,415.4624,378.9569,349.0475,384.8421,296.2884
Shyam Lal College (Evening),B.Com,635.06,462.1989,347.1338,,487.5896,
Shyam Lal College (Evening),B.Com (Hons.),674.1876,517.7716,424.5492,132.6555,544.9116,
Shyam Lal College (Evening),B.A. (Hons.) Economics,607.4186,335.7566,205.4426,,300.7893,
Shyam Lal College (Evening),B.A. (Hons.) Hindi,212.7556,107.113,,,,
Shyam Lal College (Evening),B.A. (Hons.) Political Science,562.9012,430.6449,384.8587,352.2914,326.481,
Shyam Lal College (Evening),B.A Program (English + Economics),614.598,423.6791,364.2258,381.9484,459.5941,
Shyam Lal College (Evening),B.A Program (History + Political Science),527.3801,390.4854,337.6514,311.4477,293.764,
Shyam Lal College (Evening),B.A Program (Computer Applications + Mathematics),573.1905,458.7055,380.1456,225.2967,432.7982,
Shyam Lal College (Evening),B.A Program (Economics + Mathematics),576.1086,360.6694,228.3268,,293.7391,
Shyam Lal College (Evening),B.A Program (History + Mathematics),493.99,338.5775,237.5084,335.4218,274.7351,
Shyam Lal College (Evening),B.A Program (English + Computer Applications),570.5609,449.2122,404.9031,254.3814,432.3659,
Shyam Lal College (Evening),B.A Program (English + History),544.1504,408.0693,384.4398,344.5058,342.4966,
Shyam Lal College (Evening),B.A Program (Hindi + Computer Applications),493.606,344.0732,260.0153,,333.988,
Shyam Lal College (Evening),B.A Program (Hindi + Economics),527.972,371.8158,312.1407,251.9327,310.9485,
Shyam Lal College (Evening),B.A Program (Hindi + History),488.2887,356.324,327.2293,,263.1075,
Shyam Lal College (Evening),B.A Program (Computer Applications + Political Science),547.5208,392.5083,299.4363,101.3609,364.0125,
Shyam Lal College (Evening),B.A Program (Economics + Political Science),545.7099,380.7355,333.6684,239.4891,325.3591,
Shyama Prasad Mukherji College For Women (W),B.A. (Hons.) Applied Psychology,749.6404,553.2779,512.0191,459.5379,507.321,488.4785
Shyama Prasad Mukherji College For Women (W),B.A. (Hons.) Economics,634.4976,314.7961,169.0957,,293.0057,
Shyama Prasad Mukherji College For Women (W),B.A. (Hons.) English,638.4069,471.7764,449.6117,375.6986,444.9405,312.0552
Shyama Prasad Mukherji College For Women (W),B.A. (Hons.) Hindi,225.8033,,189.1347,,,
Shyama Prasad Mukherji College For Women (W),B.A. (Hons.) History,606.0111,450.1572,432.1924,321.0844,321.855,
Shyama Prasad Mukherji College For Women (W),B.A. (Hons.) Geography,614.8213,487.6022,420.837,422.0061,386.2748,
Shyama Prasad Mukherji College For Women (W),B.Sc (Hons.) Mathematics,481.1222,348.4268,240.6745,223.0531,346.1977,
Shyama Prasad Mukherji College For Women (W),B.A. (Hons.) Philosophy,553.7448,381.5635,315.2362,226.9616,318.653,
Shyama Prasad Mukherji College For Women (W),B.A. (Hons.) Political Science,635.2111,504.3286,441.6258,358.6268,336.5394,
Shyama Prasad Mukherji College For Women (W),B.A. (Hons.) Sanskrit,159.3393,136.3099,104.2917,,,
Shyama Prasad Mukherji College For Women (W),B.Com (Hons.),702.915,531.703,445.7401,287.6154,560.8276,
Shyama Prasad Mukherji College For Women (W),B.Com,661.2978,481.2163,375.5727,217.5361,505.8224,
Shyama Prasad Mukherji College For Women (W),B.Sc (Hons.) Computer Science,556.4634,460.561,379.3945,265.0421,483.331,
Shyama Prasad Mukherji College For Women (W),Bachelor of Elementary Education (B.El.Ed.),611.1668,521.6548,511.8243,383.0255,447.7,196.4971
Shyama Prasad Mukherji College For Women (W),B.A Program (Hindi + Geography),556.2893,491.6388,418.6426,,314.653,
Shyama Prasad Mukherji College For Women (W),B.A Program (Hindi + History),506.6374,368.3721,357.2162,,213.2235,
Shyama Prasad Mukherji College For Women (W),B.A Program (Hindi + Philosophy),526.887,349.6808,324.1313,317.2712,206.1793,
Shyama Prasad Mukherji College For Women (W),B.A Program (Hindi + Political Science),515.8535,377.4449,369.3134,,226.8152,
Shyama Prasad Mukherji College For Women (W),B.A Program (Sanskrit + History),179.0401,,,,,
Shyama Prasad Mukherji College For Women (W) Shyama Prasad Mukherji College For Women (W),B.A Program (Sanskrit + Music) B.A Program (Sanskrit + Political Science),239.9618,,,,,
Shyama Prasad Mukherji College For Women (W),B.A Program (Computer Applications + Economics),597.0388,358.8376,144.6121,,375.6137,
Shyama Prasad Mukherji College For Women (W),B.A Program (Computer Applications + Geography),525.9542,409.7171,264.6405,,249.1385,
Shyama Prasad Mukherji College For Women (W),B.A Program (Computer Applications + Mathematics),555.409,427.6968,309.5762,143.4146,392.5182,
Shyama Prasad Mukherji College For Women (W),B.A Program (Economics + Food Technology),579.6108,430.4337,338.1118,,453.1429,
Shyama Prasad Mukherji College For Women (W),B.A Program (Economics + Geography),594.5929,478.1778,372.554,355.9822,371.3552,
Shyama Prasad Mukherji College For Women (W),B.A Program (Economics + History),589.8802,454.3207,457.3976,363.4386,293.8192,
Shyama Prasad Mukherji College For Women (W),B.A Program (Economics + Mathematics),609.5001,340.3492,198.9701,,271.0875,
Shyama Prasad Mukherji College For Women (W),B.A Program (Economics + Philosophy),577.95,383.5168,301.1295,,242.7704,
Shyama Prasad Mukherji College For Women (W),B.A Program (Economics + Political Science),593.9321,418.2407,353.456,145.0324,335.2848,
Shyama Prasad Mukherji College For Women (W),B.A Program (Economics + Sociology),590.61,422.2803,354.7762,137.0321,328.2715,
Shyama Prasad Mukherji College For Women (W),B.A Program (Food Technology (FT) + History),514.39,378.6268,326.2149,244.8932,293.917,
Shyama Prasad Mukherji College For Women (W),B.A Program (Geography + History),619.241,508.3581,422.2514,488.3508,470.9934,
Shyama Prasad Mukherji College For Women (W),B.A Program (Geography + Mathematics),523.48,365.4667,248.5918,,230.2041,
Shyama Prasad Mukherji College For Women (W),B.A Program (Geography + Political Science),626.7274,519.7049,478.9284,458.4994,409.9084,
Shyama Prasad Mukherji College For Women (W),B.A Program (History + Music),467.0443,224.329,270.8876,,169.0858,
Shyama Prasad Mukherji College For Women (W),B.A Program (History + Philosophy),568.1638,417.686,379.4834,229.5155,224.0578,
Shyama Prasad Mukherji College For Women (W),B.A Program (History + Political Science),595.0325,435.9318,407.2517,324.3744,305.1193,
Shyama Prasad Mukherji College For Women (W),B.A Program (History + Sociology),602.4941,456.7272,385.2452,408.4896,261.2125,
Shyama Prasad Mukherji College For Women (W),B.A Program (Human Development and Family Empowerment (HDFE) + Political Science),518.1094,321.3219,265.543,257.4227,,
Shyama Prasad Mukherji College For Women (W),B.A Program (Human Development and Family Empowerment (HDFE) + Sociology),539.3761,330.4831,288.5764,,435.3567,214.2521
Shyama Prasad Mukherji College For Women (W),B.A Program (Music + Political Science),465.2225,279.5433,175.326,,,
Shyama Prasad Mukherji College For Women (W),B.A Program (Philosophy + Political Science),569.5864,401.3415,403.407,356.9529,287.4835,
Shyama Prasad Mukherji College For Women (W),B.A Program (Sanskrit + Philosophy),259.8667,,,,,
Shyama Prasad Mukherji College For Women (W),B.A Program (Hindi + Sociology),556.7401,394.2087,424.9695,,,
Sri Aurobindo College (Day),B.A. (Hons.) English,651.6144,507.3008,458.9006,432.6341,494.6439,
Sri Aurobindo College (Day),B.A. (Hons.) Hindi,267.7654,152.1798,73.3349,,185.1425,
Sri Aurobindo College (Day),B.A. (Hons.) Political Science,696.4193,609.0262,540.2919,541.9487,561.6243,321.844
Sri Aurobindo College (Day),B.Com,744.9543,604.894,496.7432,203.0398,657.2635,
Sri Aurobindo College (Day),B.Com (Hons.),778.3278,666.3918,572.2437,377.9316,695.8645,
Sri Aurobindo College (Day),B.Sc (Prog.) Life Science,480.5556,405.1175,329.5931,277.9171,405.0307,
Sri Aurobindo College (Day),B.Sc (Hons.) Electronics,310.0128,231.4889,173.8442,40.4496,231.3016,
Sri Aurobindo College (Day),B.Sc (Prog.) Physical Science with Chemistry,230.1618,171.6325,67.257,,156.5321,
Sri Aurobindo College (Day),B.A Program (Sanskrit + Economics),477.1533,314.1386,,,278.6678,
Sri Aurobindo College (Day),B.A Program (Sanskrit + History),288.185,132.2822,,,,
Sri Aurobindo College (Day),B.A Program (Sanskrit + Political Science),380.3155,126.1533,287.81,,,
Sri Aurobindo College (Day),B.A Program (Commerce + Economics),698.2896,528.5131,452.7947,266.5693,559.2686,
Sri Aurobindo College (Day),B.A Program (Economics + History),613.7189,457.3625,401.8183,345.8456,392.553,
Sri Aurobindo College (Day),B.A Program (Economics + Political Science),620.5462,459.0026,422.6257,389.3119,445.262,
Sri Aurobindo College (Day),B.A Program (History + Political Science),599.7066,477.3779,413.0942,384.2394,407.6366,
Sri Aurobindo College (Evening),B.A. (Hons.) English,589.457,421.3943,375.9182,323.0745,393.3156,
Sri Aurobindo College (Evening),B.A. (Hons.) Economics,628.021,338.8212,229.914,,329.3633,
Sri Aurobindo College (Evening),B.Com,644.6337,469.3674,351.7254,254.4474,497.3349,
Sri Aurobindo College (Evening),B.Com (Hons.),682.8571,536.3074,428.4592,327.4163,585.2206,
Sri Aurobindo College (Evening),B.A. (Hons.) Hindi,200.4862,163.7522,,,,
Sri Aurobindo College (Evening),B.A. (Hons.) Applied Psychology,722.2944,542.6893,488.6671,422.2807,514.8916,
Sri Aurobindo College (Evening),B.A Program (English + History),547.3042,408.7496,367.1158,376.9033,352.4866,
Sri Aurobindo College (Evening),B.A Program (Economics + Political Science),540.4423,374.947,322.2083,220.6789,320.2951,
Sri Aurobindo College (Evening),B.A Program (Economics + History),536.644,381.3056,330.9968,246.0988,331.8684,
Sri Aurobindo College (Evening),B.A Program (Economics + Music),633.3753,472.6464,373.7475,331.1615,331.0819,
Sri Aurobindo College (Evening),B.A Program (English + Political Science),557.6838,454.1695,377.9878,434.0532,381.7385,
Sri Aurobindo College (Evening),B.A Program (English + Sanskrit),479.6443,278.0711,222.7785,,234.2024,
Sri Aurobindo College (Evening),B.A Program (Hindi + History),490.5257,352.3149,326.0813,,256.7709,
Sri Aurobindo College (Evening),B.A Program (Hindi + Political Science),491.2947,358.6407,328.3033,147.7029,265.9781,
Sri Aurobindo College (Evening),B.A Program (Hindi + Music),605.2707,405.266,402.8998,225.3543,271.3565,
Sri Aurobindo College (Evening),B.A Program (Hindi + Sanskrit),429.4664,229.6462,222.3269,,224.6968,
Sri Aurobindo College (Evening),B.A Program (Hindi + Physical Education),505.5559,387.0339,357.9636,,372.5818,
Sri Aurobindo College (Evening),B.A Program (History + Political Science),529.3878,389.208,337.9512,316.8165,337.1675,
Sri Aurobindo College (Evening),B.A Program (History + Physical Education),529.1447,401.0524,420.7124,416.5524,355.4495,
Sri Aurobindo College (Evening),B.A Program (History + Music),530.4032,428.5528,407.0474,311.1674,294.2673,
Sri Aurobindo College (Evening),B.A Program (English + Music),636.4381,488.2378,475.4207,337.0587,420.6436,
Sri Aurobindo College (Evening),B.A Program (English + Physical Education),575.2797,513.0459,472.3592,427.7115,432.5976,
Sri Aurobindo College (Evening),B.A Program (Economics + Sanskrit),516.2056,290.5108,316.2247,,235.7414,
Sri Aurobindo College (Evening),B.A Program (Economics + Physical Education),593.0881,464.3508,454.0029,282.0398,412.4646,
Sri Aurobindo College (Evening),B.A Program (History + Sanskrit),399.739,175.3006,279.0145,,,
Sri Guru Gobind Singh College of Commerce,B.Com (Hons.),850.1545,,,,,446.0302
Sri Guru Gobind Singh College of Commerce,B.Com,832.629,,,,,317.8836
Sri Guru Gobind Singh College of Commerce,B.A. (Hons.) Economics,796.7135,,,,,
Sri Guru Gobind Singh College of Commerce,B.Sc (Hons.) Computer Science,690.9365,,,,,220.8063
Sri Guru Gobind Singh College of Commerce,B.A. (Hons.) Business Economics,505.422,,,,,193.6344
Sri Guru Gobind Singh College of Commerce,Bachelor of Management Studies (BMS),531.7773,,,,,277.4709
Sri Guru Gobind Singh College of Commerce,B.A. (Hons.) Punjabi,151.5642,,,,,
Sri Guru Nanak Dev Khalsa College,B.Com (Hons.),774.6685,,,,,
Sri Guru Nanak Dev Khalsa College,B.A. (Hons.) English,668.0391,,,,,343.599
Sri Guru Nanak Dev Khalsa College,B.A. (Hons.) Hindi,332.643,,,,,
Sri Guru Nanak Dev Khalsa College,B.A. (Hons.) Punjabi,423.6106,,,,,
Sri Guru Nanak Dev Khalsa College,B.A. (Hons.) History,671.4119,,,,,198.9142
Sri Guru Nanak Dev Khalsa College,B.A. (Hons.) Political Science,706.477,,,,,
Sri Guru Nanak Dev Khalsa College,B.A. (Hons.) Hindi Patrakarita,430.5945,,,,,358.2325
Sri Guru Nanak Dev Khalsa College,B.Com,724.4333,,,,,198.2137
Sri Guru Nanak Dev Khalsa College,B.A. (Hons.) Business Economics,430.3354,,,,,
Sri Guru Nanak Dev Khalsa College,B.Sc (Hons.) Mathematics,567.3701,,,,,
Sri Guru Nanak Dev Khalsa College,B.A Program (English + Economics),700.9657,,,,,
Sri Guru Nanak Dev Khalsa College,B.A Program (English + Political Science),679.8502,,,,,404.2934
Sri Guru Nanak Dev Khalsa College,B.A Program (Punjabi + Economics),466.4293,,,,,
Sri Guru Nanak Dev Khalsa College,B.A Program (Punjabi + History),332.5019,,,,,
Sri Guru Nanak Dev Khalsa College,B.A Program (Economics + Political Science),657.8111,,,,,248.4647
Sri Guru Nanak Dev Khalsa College,B.A Program (History + Political Science),641.3757,,,,,347.0322
Sri Guru Nanak Dev Khalsa College,B.A Program (Punjabi + Political Science),361.016,,,,,
Sri Guru Nanak Dev Khalsa College,B.A Program (English + History),647.7096,,,,,288.5697
Sri Guru Nanak Dev Khalsa College,B.A Program (Economics + History),674.3166,,,,,
Sri Guru Tegh Bahadur Khalsa College,B.A. (Hons.) English,782.8295,,,,,441.0492
Sri Guru Tegh Bahadur Khalsa College,B.A. (Hons.) Hindi,439.1702,,,,,173.0042
Sri Guru Tegh Bahadur Khalsa College,B.A. (Hons.) Punjabi,186.7644,,,,,142.9865
Sri Guru Tegh Bahadur Khalsa College,B.Sc (Hons.) Computer Science,715.6218,,,,,278.5631
Sri Guru Tegh Bahadur Khalsa College,B.A. (Hons.) Economics,813.2609,,,,,
Sri Guru Tegh Bahadur Khalsa College,B.A. (Hons.) History,797.0206,,,,,572.0553
Sri Guru Tegh Bahadur Khalsa College,B.A. (Hons.) Political Science,845.0132,,,,,640.9838
Sri Guru Tegh Bahadur Khalsa College,B.Com (Hons.),858.8122,,,,,552.6951
Sri Guru Tegh Bahadur Khalsa College,B.Com,845.4193,,,,,516.7312
Sri Guru Tegh Bahadur Khalsa College,B.Sc (Hons.) Botany,551.603,,,,,
Sri Guru Tegh Bahadur Khalsa College,B.Sc (Hons.) Chemistry,427.1782,,,,,
Sri Guru Tegh Bahadur Khalsa College,B.Sc (Hons.) Electronics,420.3895,,,,,
Sri Guru Tegh Bahadur Khalsa College,B.Sc (Hons.) Mathematics,697.2635,,,,,
Sri Guru Tegh Bahadur Khalsa College,B.Sc (Hons.) Physics,438.8411,,,,,
Sri Guru Tegh Bahadur Khalsa College,B.Sc (Hons.) Zoology,583.6861,,,,,172.2374
Sri Guru Tegh Bahadur Khalsa College,B.Sc (Prog.) Physical Science with Chemistry,337.6975,,,,,
Sri Guru Tegh Bahadur Khalsa College,B.Sc (Prog.) Physical Science with Computer Science/ Informatics Practices,421.851,,,,,
Sri Guru Tegh Bahadur Khalsa College,B.A. (Hons.) Business Economics,496.417,,,,,
Sri Guru Tegh Bahadur Khalsa College,B.Sc (Prog.) Life Science,548.7768,,,,,151.9645
Sri Guru Tegh Bahadur Khalsa College,B.A Program (Economics + History),797.9447,,,,,413.6449
Sri Guru Tegh Bahadur Khalsa College,B.A Program (Economics + Mathematics),816.3612,,,,,
Sri Guru Tegh Bahadur Khalsa College,B.A Program (Economics + Music),789.4843,,,,,
Sri Guru Tegh Bahadur Khalsa College,B.A Program (Economics + Political Science),805.8091,,,,,439.1184
Sri Guru Tegh Bahadur Khalsa College,B.A Program (History + Music),713.1783,,,,,
Sri Guru Tegh Bahadur Khalsa College,B.A Program (History + Political Science),802.2838,,,,,615.7422
Sri Guru Tegh Bahadur Khalsa College,B.A Program (Mathematics + Music),663.9862,,,,,
Sri Guru Tegh Bahadur Khalsa College,B.A Program (Mathematics + Political Science),772.5196,,,,,
Sri Venketeswara College,B.Com,862.2677,781.3771,709.1482,632.6421,819.5623,536.5814
Sri Venketeswara College,B.Com (Hons.),876.3493,795.7029,728.7447,652.4493,835.9906,578.4056
Sri Venketeswara College,B.A. (Hons.) English,806.4642,704.0257,655.3546,616.8499,729.9089,467.4699
Sri Venketeswara College,B.A. (Hons.) Hindi,449.4769,365.238,355.0853,257.9079,181.2738,275.8865
Sri Venketeswara College,B.A. (Hons.) Sanskrit,225.2701,328.6448,198.0882,,300.7156,
Sri Venketeswara College,B.A. (Hons.) Economics,832.6338,663.121,598.2923,424.8681,711.118,
Sri Venketeswara College,B.A. (Hons.) History,820.9569,764.7808,695.8983,698.8668,786.8727,536.5705
Sri Venketeswara College,B.A. (Hons.) Political Science,864.5759,825.987,750.1092,744.3441,820.1536,720.9626
Sri Venketeswara College,B.A. (Hons.) Sociology,799.2355,722.455,628.3556,625.7129,715.9504,515.6587
Sri Venketeswara College,B.Sc (Prog.) Life Science,556.7429,501.8848,403.5879,350.7899,517.474,
Sri Venketeswara College,B.Sc (Hons.) Physics,454.4786,385.4217,285.2721,164.2414,399.8093,
Sri Venketeswara College,B.Sc (Hons.) Chemistry,431.4736,368.5797,269.127,152.5109,372.1352,
Sri Venketeswara College,B.Sc (Hons.) Botany,572.5062,530.1136,430.5328,411.0709,535.6535,
Sri Venketeswara College,B.Sc (Hons.) Zoology,604.2894,567.4086,494.4065,429.1788,562.9538,245.9767
Sri Venketeswara College,B.Sc (Hons.) Biological Sciences,594.904,512.7961,432.9266,415.9404,528.8583,132.9511
Sri Venketeswara College,B.Sc (Hons.) Bio-Chemistry,619.9348,580.1923,494.1579,406.7211,571.05,414.5975
Sri Venketeswara College,B.Sc (Hons.) Electronics,422.677,356.8802,261.8648,139.8635,357.2845,
Sri Venketeswara College,B.Sc (Hons.) Mathematics,722.0081,564.6142,466.0056,329.7059,591.6756,
Sri Venketeswara College,B.Sc (Hons.) Statistics,797.0536,608.2506,520.669,399.6427,655.8556,
Sri Venketeswara College,B.A Program (History + Political Science),822.2572,768.6542,714.2429,712.9435,764.6905,621.1329
Sri Venketeswara College,B.A Program (Tamil + Political Science/History),455.2495,394.2249,163.6921,,320.9451,
Sri Venketeswara College,B.A Program (Hindi + History/Sociology),770.8669,689.874,655.5464,556.7507,684.0651,464.5947
Sri Venketeswara College,B.A Program (Sanskrit +Sociology/History),598.5925,486.7727,305.5119,352.3182,472.1674,
Sri Venketeswara College,B.A Program (English + Sociology/Economics),813.8163,726.0598,653.0394,657.1013,760.9722,663.7993
Sri Venketeswara College,B.A Program (Economics + Mathematics/Statistics/Sociology),822.1678,690.3531,661.6077,619.4631,706.2059,
Sri Venketeswara College,B.A Program (Telegu + Political Science/History),538.7919,431.272,237.7859,342.9579,498.5369,
St. Stephen's College,B.A. (Hons.) English,915.8058,,809.9094,842.289,,730.8768
St. Stephen's College,B.A. (Hons.) Economics,893.7661,,717.5552,732.6432,,630.2936
St. Stephen's College,B.A. (Hons.) History,907.6935,,834.2709,879.8753,,844.232
St. Stephen's College,B.A. (Hons.) Philosophy,895.8629,,778.5296,728.5765,,657.4046
St. Stephen's College,B.A. (Hons.) Sanskrit,686.0789,,660.8086,591.459,,
St. Stephen's College,B.Sc (Hons.) Mathematics,824.0737,,644.075,698.3141,,386.3574
St. Stephen's College,B.Sc (Hons.) Physics,571.8174,,480.6519,413.619,,122.5161
St. Stephen's College,B.Sc (Hons.) Chemistry,544.0375,,401.2772,352.5534,,149.8358
St. Stephen's College,B.Sc (Prog.) Physical Science with Chemistry,481.5203,,371.7668,,,
St. Stephen's College,B.Sc (Prog.) Physical Science with Computer Science/ Informatics Practices,527.937,,398.1711,241.2543,,117.6466
St. Stephen's College,B.A. Program (Urdu + Any other discipline subject from (Economics/History/Political Science/Philosophy)),717.4784,,,580.7803,,
St. Stephen's College,B.A. Program (Any two discipline out of these (Economics/English/History/Political Science/Philosophy)),901.6236,,817.0109,,,829.1106
Swami Shardhanand College,B.Sc (Prog.) Life Science,466.962,396.8249,321.5789,258.9489,402.6259,
Swami Shardhanand College,B.A. (Hons.) English,611.5846,449.0175,409.8823,359.7453,440.4721,226.6673
Swami Shardhanand College,B.A. (Hons.) Geography,604.5226,486.2146,418.7787,471.2,407.8477,
Swami Shardhanand College,B.A. (Hons.) Hindi,249.9866,117.3706,98.7238,,,
Swami Shardhanand College,B.A. (Hons.) History,584.2186,440.3229,406.0023,361.271,360.9253,
Swami Shardhanand College,B.Com,655.5151,492.283,392.8733,151.6622,543.9388,207.6178
Swami Shardhanand College,B.Com (Hons.),703.5416,562.0763,459.8717,157.6919,612.3281,424.3222
Swami Shardhanand College,B.Sc (Prog.) Applied Life Science,478.0436,409.2531,334.1421,263.2086,415.0607,124.1515
Swami Shardhanand College,B.Sc (Hons.) Botany,484.1715,415.8517,341.616,309.3676,417.0328,66.5856
Swami Shardhanand College,B.Sc (Hons.) Microbiology,537.2309,475.0356,403.7846,359.2866,472.803,239.6247
Swami Shardhanand College,B.Sc (Hons.) Physics,319.7937,250.4258,162.1993,54.5256,254.3955,
Swami Shardhanand College,B.Sc (Hons.) Chemistry,318.1906,254.2777,169.3787,131.6549,246.3767,
Swami Shardhanand College,B.Sc (Hons.) Zoology,504.4777,442.1338,373.714,330.8963,431.5915,
Swami Shardhanand College,B.Sc (Prog.) Physical Science with Chemistry,221.6385,161.5569,48.5187,,163.5228,
Swami Shardhanand College,B.A Program (Economics + Political Science),565.1813,411.1369,367.1789,262.7906,377.0284,
Swami Shardhanand College,B.A Program (Hindi + Political Science),517.0537,391.6005,393.0912,272.2424,274.2595,
Swami Shardhanand College,B.A Program (English + Political Science),615.7433,550.4197,479.0548,462.3937,456.252,
Swami Shardhanand College,B.A Program (History + Political Science),562.0351,423.779,390.1075,331.9899,342.4228,
Swami Shardhanand College,B.A Program (Economics + History),547.6096,401.6958,344.3975,240.6351,347.6292,
Swami Shardhanand College,B.A Program (English + History),597.7791,463.4844,444.3278,,408.8088,
Swami Shardhanand College,B.A Program (Office Management & Secretarial Practice (OMSP) + Political Science),576.2333,419.5214,466.1875,323.4051,404.5598,
Swami Shardhanand College,B.A Program (History + OMSP),544.8961,407.3895,360.8741,184.7186,358.0959,
Swami Shardhanand College,B.A Program (Mathematics + OMSP),542.7532,342.26,215.1816,,294.6352,
Swami Shardhanand College,B.A Program (Sanskrit + OMSP),259.8684,,,,,
Swami Shardhanand College,B.A Program (Sanskrit + Economics),419.3965,182.4834,,,410.8179,
Swami Shardhanand College,B.A Program (Sanskrit + History),307.8502,,,,,
Swami Shardhanand College,B.A Program (Economics + Mathematics),605.3747,361.9109,239.5613,,319.7416,
Swami Shardhanand College,B.A Program (Computer Applications + Economics),633.2899,460.0506,360.4091,198.601,457.3398,
Swami Shardhanand College,B.A Program (Computer Applications + Mathematics),602.4548,465.4355,377.7249,279.5731,455.5369,
Vivekananda College (W),B.Com,676.6963,502.7706,395.437,222.4293,525.1287,
Vivekananda College (W),B.Com (Hons.),723.0758,575.1477,461.077,177.5421,593.0422,
Vivekananda College (W),B.A. (Hons.) Applied Psychology,748.9919,548.6991,502.7226,414.2448,532.7501,379.9764
Vivekananda College (W),B.A. (Hons.) English,637.9432,466.9669,445.9993,451.8921,455.3203,
Vivekananda College (W),B.A. (Hons.) Hindi,210.7196,130.5351,,,,
Vivekananda College (W),B.A. (Hons.) Sanskrit,216.9402,80.8403,,,,
Vivekananda College (W),B.A. (Hons.) History,607.4563,439.136,403.8753,337.9031,314.2731,461.0523
Vivekananda College (W),B.A. (Hons.) Political Science,653.6112,527.1408,532.0955,400.8259,419.5913,
Vivekananda College (W),B.Sc (Hons.) Mathematics,493.5653,358.7935,250.8835,260.5894,366.8646,350.3625
Vivekananda College (W),B.A Program (English + Computer Applications),588.2528,457.6792,408.3455,254.415,467.6761,
Vivekananda College (W),B.A Program (English + French),579.4298,378.7892,385.6171,275.9181,369.2156,
Vivekananda College (W),B.A Program (English + Food Technology),648.8645,545.7596,555.5165,479.3882,564.7064,
Vivekananda College (W),B.A Program (French + Economics),601.6799,290.4962,353.061,,436.4185,
Vivekananda College (W),B.A Program (Sanskrit + History),196.4664,,,,,
Vivekananda College (W),B.A Program (Computer Applications + Economics),623.2628,374.1106,320.8902,,481.3596,
Vivekananda College (W),B.A Program (Computer Applications + Mathematics),569.2584,409.6594,399.3324,142.628,407.6381,
Vivekananda College (W),B.A Program (Computer Applications + Political Science),546.5426,359.8824,240.8651,,272.0975,
Vivekananda College (W),B.A Program (Economics + Mathematics),633.214,376.3934,204.1082,,327.6396,
Vivekananda College (W),B.A Program (Economics + Political Science),639.9159,445.1831,409.7658,377.7164,469.9945,
Vivekananda College (W),B.A Program (Food Technology (FT) + History),530.8782,402.4833,336.0072,,391.6337,
Vivekananda College (W),B.A Program (Food Technology (FT) + Political Science),561.0507,451.2748,327.6172,171.0966,384.1844,
Vivekananda College (W),B.A Program (History + Music),466.6066,334.406,312.9612,,,
Vivekananda College (W),B.A Program (History + Political Science),611.5084,467.7512,425.9929,333.8767,413.1198,362.7464
Vivekananda College (W),B.A Program (Sanskrit + Music),250.929,,,,,
Vivekananda College (W),B.Sc (Hons.) Home Science,391.0961,310.536,258.5673,210.2083,300.8743,
Zakir Husain Delhi College,B.A. (Hons.) Arabic,517.2633,355.6686,267.4899,,318.1308,
Zakir Husain Delhi College,B.A. (Hons.) Bengali,316.6737,295.4326,221.1958,173.6238,139.2148,
Zakir Husain Delhi College,B.A. (Hons.) Economics,692.1889,458.7745,328.035,232.4989,458.5625,
Zakir Husain Delhi College,B.A. (Hons.) English,662.2953,500.1254,462.9902,502.1091,487.2993,162.4938
Zakir Husain Delhi College,B.A. (Hons.) Hindi,382.4182,216.7306,259.4703,,153.4428,330.2763
Zakir Husain Delhi College,B.A. (Hons.) History,681.7093,542.425,549.4667,533.0072,485.084,304.4303
Zakir Husain Delhi College,B.A. (Hons.) Persian,484.8627,325.9027,283.6101,198.2627,246.4619,
Zakir Husain Delhi College,B.A. (Hons.) Philosophy,621.898,445.8809,393.8274,363.2119,389.8065,
Zakir Husain Delhi College,B.A. (Hons.) Political Science,684.3162,585.021,515.7816,506.7066,528.6606,335.1881
Zakir Husain Delhi College,B.A. (Hons.) Psychology,783.5532,631.1243,576.4521,600.2445,582.3641,345.4334
Zakir Husain Delhi College,B.A. (Hons.) Sanskrit,390.0095,138.5539,168.4669,,203.5982,
Zakir Husain Delhi College,B.A. (Hons.) Urdu,109.9567,194.6263,96.7593,,109.9939,
Zakir Husain Delhi College,B.Com,714.3813,564.8329,475.643,279.0347,611.13,523.4499
Zakir Husain Delhi College,B.Com (Hons.),738.83,595.3264,502.6703,392.9525,637.2082,
Zakir Husain Delhi College,B.Sc (Prog.) Physical Science with Chemistry,242.9745,183.2335,103.6585,200.6952,168.8082,
Zakir Husain Delhi College,B.Sc (Prog.) Life Science,477.0783,407.8139,327.0036,286.1265,404.631,
Zakir Husain Delhi College,B.Sc (Hons.) Botany,488.6537,419.7529,345.8266,318.0387,410.7796,
Zakir Husain Delhi College,B.Sc (Hons.) Chemistry,323.5911,259.9509,178.9459,75.4319,259.8554,
Zakir Husain Delhi College,B.Sc (Hons.) Electronics,312.4647,238.473,173.4041,76.5279,239.15,
Zakir Husain Delhi College,B.Sc (Hons.) Mathematics,526.0144,416.5567,313.6277,124.3583,400.0158,
Zakir Husain Delhi College,B.Sc (Hons.) Zoology,525.6793,453.8145,377.7493,352.7412,427.4771,101.2339
Zakir Husain Delhi College,B.A Program (Arabic + Economics),478.7591,352.8063,259.8672,,281.0407,
Zakir Husain Delhi College,B.A Program (Arabic + History),431.2035,363.316,,,270.6068,
Zakir Husain Delhi College,B.A Program (Arabic + Political Science),395.3998,216.8797,197.637,,,
Zakir Husain Delhi College,B.A Program (Bengali + Economics),456.7563,,140.8949,,,
Zakir Husain Delhi College,B.A Program (Bengali + History),247.4022,,,,,
Zakir Husain Delhi College,B.A Program (Bengali + Political Science),239.0095,,120.6903,,,
Zakir Husain Delhi College,B.A Program (English + Economics),685.1525,511.5398,476.1629,,525.7777,
Zakir Husain Delhi College,B.A Program (English + History),646.0903,554.8582,482.0457,443.5759,460.2417,
Zakir Husain Delhi College,B.A Program (English + Mathematics),633.1358,485.6865,456.3192,,433.6212,
Zakir Husain Delhi College,B.A Program (English + Political Science),655.0919,563.6222,503.6704,559.4374,549.6049,
Zakir Husain Delhi College,B.A Program (Hindi + Economics),570.3594,438.6917,420.9632,241.508,371.5594,
Zakir Husain Delhi College,B.A Program (Hindi + History),554.2709,440.55,411.0696,308.4279,,
Zakir Husain Delhi College,B.A Program (Hindi + Political Science),572.4492,446.7361,433.0692,172.4263,369.6788,
Zakir Husain Delhi College,B.A Program (Persian + Economics),356.4967,279.0017,221.9913,,,
Zakir Husain Delhi College,B.A Program (Persian + History),261.5551,,,,,
Zakir Husain Delhi College,B.A Program (Persian + Political Science),127.323,,,,,
Zakir Husain Delhi College,B.A Program (Sanskrit + Economics),394.9462,286.1585,,,219.6129,
Zakir Husain Delhi College,B.A Program (Sanskrit + History),337.5527,307.8249,202.4917,,,
Zakir Husain Delhi College,B.A Program (Sanskrit + Political Science),317.8468,210.5293,,,,
Zakir Husain Delhi College,B.A Program (Urdu + Economics),499.3705,352.3834,,,192.3034,
Zakir Husain Delhi College,B.A Program (Urdu + History),436.2611,244.9665,,286.3247,,
Zakir Husain Delhi College,B.A Program (Urdu + Political Science),492.2117,286.488,,219.4214,,
Zakir Husain Delhi College,B.A Program (Economics + Human Resource Management (HRM)),669.5864,501.9221,451.9847,389.7415,509.0642,
Zakir Husain Delhi College,B.A Program (Economics + Mathematics),666.4145,460.6636,406.3112,298.5839,408.3453,
Zakir Husain Delhi College,B.A Program (Economics + Political Science),649.3141,548.6615,497.761,515.2937,465.8998,
Zakir Husain Delhi College,B.A Program (History + Philosophy),623.1036,446.9119,420.5063,387.621,412.3434,
Zakir Husain Delhi College,B.A Program (History + Political Science),619.1787,501.5924,460.2262,496.8908,480.7243,
Zakir Husain Delhi College,B.A Program (Human Resource Management (HRM) + Psychology),738.1404,548.118,573.3631,488.4683,,
Zakir Husain Delhi College,B.A Program (Mathematics + Philosophy),584.3237,451.8502,385.3123,,421.481,
Zakir Husain Delhi College,B.A Program (Mathematics + Psychology),665.3718,484.8307,446.5007,,,
Zakir Husain Delhi College,B.A Program (Philosophy + Psychology),735.0524,568.3456,568.4707,501.1995,567.8592,
Zakir Husain Delhi College (Evening),B.A. (Hons.) English,584.356,426.6804,372.0006,387.6249,395.7829,
Zakir Husain Delhi College (Evening),B.A. (Hons.) Hindi,384.9799,256.8659,273.4214,,187.9313,
Zakir Husain Delhi College (Evening),B.A. (Hons.) History,546.6061,412.2251,375.6973,302.1992,309.9538,
Zakir Husain Delhi College (Evening),B.A. (Hons.) Persian,457.7334,304.3777,212.6353,,232.2076,
Zakir Husain Delhi College (Evening),B.A. (Hons.) Political Science,573.0892,457.6997,392.7178,406.5072,357.5966,
Zakir Husain Delhi College (Evening),B.A. (Hons.) Sanskrit,389.5219,210.1077,91.2634,,168.9563,
Zakir Husain Delhi College (Evening),B.A. (Hons.) Urdu,253.5414,260.8285,143.9478,,180.8572,503.8469
Zakir Husain Delhi College (Evening),B.Com (Hons.),675.1843,519.0751,420.3824,114.1443,556.4378,287.7802
Zakir Husain Delhi College (Evening),B.Com,638.7099,478.6697,357.6155,135.1648,496.7035,326.1765
Zakir Husain Delhi College (Evening),B.A Program (Arabic + Economics),468.2263,277.1161,,,,
Zakir Husain Delhi College (Evening),B.A Program (Arabic + History),364.9873,119.8527,,,,
Zakir Husain Delhi College (Evening),B.A Program (Arabic + Political Science),430.6308,339.6431,,,337.0978,
Zakir Husain Delhi College (Evening),B.A Program (Bengali + Economics),358.5624,306.0036,,,,
Zakir Husain Delhi College (Evening),B.A Program (Bengali + History),123.2425,,,,,
Zakir Husain Delhi College (Evening),B.A Program (Bengali + Political Science),223.3697,,,,,
Zakir Husain Delhi College (Evening),B.A Program (English + Economics),628.5509,462.6017,357.2289,,,
Zakir Husain Delhi College (Evening),B.A Program (English + History),578.2267,474.7638,492.9414,327.7081,,389.6874
Zakir Husain Delhi College (Evening),B.A Program (English + Political Science),618.0235,569.5476,,,479.0815,
Zakir Husain Delhi College (Evening),B.A Program (Hindi + Economics),542.5012,409.628,338.8226,,315.0479,
Zakir Husain Delhi College (Evening),B.A Program (Hindi + History),518.6787,404.134,334.6721,,256.4933,226.871
Zakir Husain Delhi College (Evening),B.A Program (Hindi + Political Science),521.3637,416.0071,395.6122,,243.5615,
Zakir Husain Delhi College (Evening),B.A Program (Persian + Economics),329.0251,,,,,
Zakir Husain Delhi College (Evening),B.A Program (Persian + History),238.2325,,,,,
Zakir Husain Delhi College (Evening),B.A Program (Persian + Political Science),111.0243,,,,,
Zakir Husain Delhi College (Evening),B.A Program (Sanskrit + Economics),391.1502,226.8801,,,,
Zakir Husain Delhi College (Evening),B.A Program (Sanskrit + History),293.3595,,,,173.1425,
Zakir Husain Delhi College (Evening),B.A Program (Sanskrit + Political Science),354.7503,168.7016,210.0963,,,
Zakir Husain Delhi College (Evening),B.A Program (Urdu + Economics),477.103,334.0978,,,,
Zakir Husain Delhi College (Evening),B.A Program (Urdu + History),388.1866,229.4082,,,,
Zakir Husain Delhi College (Evening),B.A Program (Urdu + Political Science),490.5657,370.7557,,143.1563,,
Zakir Husain Delhi College (Evening),B.A Program (Economics + History),544.9336,386.7811,349.448,317.203,372.6533,
Zakir Husain Delhi College (Evening),B.A Program (Economics + Human Resource Management (HRM)),630.2872,468.2401,370.5574,176.7512,496.7775,
Zakir Husain Delhi College (Evening),B.A Program (Economics + Mathematics),594.8334,373.9366,303.7433,,,
Zakir Husain Delhi College (Evening),B.A Program (Economics + Philosophy),631.1116,500.637,344.7331,302.3194,457.6271,
Zakir Husain Delhi College (Evening),B.A Program (Economics + Political Science),552.4114,378.8756,338.5755,295.4208,494.7862,211.4934
Zakir Husain Delhi College (Evening),B.A Program (History + Political Science),546.0961,437.449,419.6803,349.9447,370.7902,175.9541
Zakir Husain Delhi College (Evening),B.A Program (Philosophy + Political Science),607.9518,390.6072,418.5148,362.2247,,
Zakir Husain Delhi College (Evening),B.A Program (English + Philosophy),691.4522,500.846,439.3912,,416.2982,
Zakir Husain Delhi College (Evening),B.A Program (Banking and Insurance + Economics),649.3831,501.3749,476.2618,478.5206,501.8333,414.6993
