College Name,Program Name,UR,OBC,SC,ST,EWS,PwBD
Acharya Narendra Dev College,B.Com (Hons.),741.7355,591.5148,509.7383,307.3793,629.8035,364.8609
Acharya Narendra Dev College,B.Sc (Hons.) Biomedical Science,591.1423,512.3534,438.5571,369.6124,493.366,112.4073
Acharya Narendra Dev College,B.Sc (Hons.) Botany,501.698,431.6434,356.8962,322.4662,423.7539,278.5611
Acharya Narendra Dev College,B.Sc (Hons.) Chemistry,349.4427,292.6822,202.3418,56.1109,290.9368,
Acharya Narendra Dev College,B.Sc (Hons.) Computer Science,631.5658,533.1901,454.7208,331.1577,548.8684,172.6171
Acharya Narendra Dev College,B.Sc (Hons.) Electronics,332.8558,256.6818,176.8209,45.6738,266.8689,
Acharya Narendra Dev College,B.Sc (Hons.) Physics,357.4143,291.1084,191.6543,120.8795,285.8641,
Acharya Narendra Dev College,B.Sc (Hons.) Zoology,529.5215,457.3832,394.4413,340.2113,443.5847,139.8129
Acharya Narendra Dev College,B.Sc (Prog.) Life Science,502.9224,434.6789,352.6017,316.9926,418.0775,
Acharya Narendra Dev College,B.Sc (Hons.) Mathematics,561.6967,452.3274,361.0569,138.2599,471.8297,
Acharya Narendra Dev College,B.Sc (Prog.) Physical Science with Chemistry,267.0248,206.6803,122.1998,88.253,204.7414,
Acharya Narendra Dev College,B.Sc (Prog.) Physical Science with Computer Science/ Informatics Practices,315.0106,243.917,182.2831,83.0491,236.7086,
Acharya Narendra Dev College,B.Sc (Prog.) Physical Science with Electronics,270.8526,195.1253,110.5386,75.6302,199.3571,
Aditi Mahavidyalaya (W),B.A. (Hons.) Geography,606.5481,497.3981,443.5955,422.376,384.6109,
Aditi Mahavidyalaya (W),B.A. (Hons.) Hindi Patrakarita,352.3421,145.0907,207.9536,343.8518,262.153,186.3122
Aditi Mahavidyalaya (W),B.A. (Hons.) Social Work,528.4189,371.0658,253.8756,172.9752,226.8693,
Aditi Mahavidyalaya (W),B.Com (Hons.),692.9473,521.3743,442.9726,115.5307,518.1781,
Aditi Mahavidyalaya (W),B.Com,661.5646,495.7888,401.5992,367.6105,493.3593,
Aditi Mahavidyalaya (W),Bachelor of Elementary Education (B.El.Ed.),581.8752,464.0997,466.2025,292.6661,425.4227,
Aditi Mahavidyalaya (W),B.A Program (Hindi + NHE),453.8151,274.8911,199.1258,171.3441,266.7337,
Aditi Mahavidyalaya (W),B.A Program (Hindi + OMSP),440.8494,264.957,153.0162,,254.3564,
Aditi Mahavidyalaya (W),B.A Program (Hindi + Political Science),503.8999,354.7586,361.9685,,108.3965,
Aditi Mahavidyalaya (W),B.A Program (Sanskrit + History),140.4307,,,,,
Aditi Mahavidyalaya (W),B.A Program (Sanskrit + Music),278.6261,,,,,
Aditi Mahavidyalaya (W),B.A Program (Sanskrit + Political Science),162.9035,,,,,
Aditi Mahavidyalaya (W),"B.A Program (Advertising, Sales Promotion and Sales Management (ASPSM) + Economics)",629.3512,461.464,365.1941,243.7924,421.262,
Aditi Mahavidyalaya (W),"B.A Program (Advertising, Sales Promotion and Sales Management (ASPSM) + Mathematics)",537.6781,324.2942,153.0663,,185.8066,
Aditi Mahavidyalaya (W),B.A Program (Economics + Mathematics),621.3894,372.9396,140.7013,,279.7131,
Aditi Mahavidyalaya (W),B.A Program (Economics + Psychology),681.1083,510.0905,491.9167,411.6079,421.61,
Aditi Mahavidyalaya (W),B.A Program (Food Technology (FT) + Geography),547.0676,368.6865,318.5873,230.438,319.6188,
Aditi Mahavidyalaya (W),B.A Program (Geography + History),568.0282,431.5212,390.681,460.6457,403.4859,
Aditi Mahavidyalaya (W),B.A Program (Human Development and Family Empowerment (HDFE) + Political Science),495.5767,271.6825,212.486,264.2983,152.0848,
Aditi Mahavidyalaya (W),B.A Program (Mathematics + Psychology),528.7662,317.205,186.8924,326.2172,261.4846,
Aditi Mahavidyalaya (W),B.A Program (Music + Sociology),445.9443,207.6003,188.374,430.0388,338.0067,
Aditi Mahavidyalaya (W),B.A Program (NHE + Sociology),489.9041,267.8701,181.1836,101.4452,267.9676,
Aditi Mahavidyalaya (W),B.A Program (Office Management & Secretarial Practice (OMSP) + Sociology),521.7836,332.1162,191.9622,,195.5531,
Aditi Mahavidyalaya (W),B.A Program (Political Science + Sociology),578.6225,392.0896,356.7356,343.1914,277.1508,
Aditi Mahavidyalaya (W),B.A Program (Economics + Food Technology),566.4791,416.4111,325.7879,321.6555,376.3413,
Aditi Mahavidyalaya (W),B.A Program (Education + Political Science),507.8075,357.4866,293.5137,99.838,193.3466,
Aditi Mahavidyalaya (W),B.A Program (Education + Human Development and Family Empowerment (HDFE)),529.6279,375.8452,314.2326,181.1265,211.17,304.9637
Aditi Mahavidyalaya (W),B.A Program (Education + Geography),529.7886,368.1241,317.4825,215.8013,165.8894,
Aryabhatta College,B.A. (Hons.) Economics,751.8967,524.1017,429.5125,158.5562,548.3391,
Aryabhatta College,B.A. (Hons.) English,696.0251,557.1107,501.546,495.8567,547.6398,253.3399
Aryabhatta College,B.A. (Hons.) Hindi,439.6418,331.526,312.9011,,166.394,
Aryabhatta College,B.A. (Hons.) History,707.3179,582.6234,515.1188,498.4922,571.1924,334.2991
Aryabhatta College,B.A. (Hons.) Political Science,741.6835,668.5928,585.4439,554.6465,656.4928,36.8324
Aryabhatta College,B.Sc (Hons.) Computer Science,626.7115,540.2728,439.0894,354.8925,552.0544,270.6149
Aryabhatta College,B.Sc (Hons.) Mathematics,601.5368,471.391,355.7121,237.1602,469.718,
Aryabhatta College,B.A. (Hons.) Psychology,837.8774,671.5608,662.9209,618.3476,656.416,558.5699
Aryabhatta College,B.Com,780.3801,659.9296,564.8123,468.1014,706.4497,356.2612
Aryabhatta College,B.Com (Hons.),808.2489,702.1936,614.6218,570.807,753.8134,
Aryabhatta College,Bachelor of Management Studies (BMS),472.0593,355.3128,299.5415,118.2239,383.8039,193.5323
Aryabhatta College,B.A. (Hons.) Business Economics,445.5407,300.2689,229.1249,270.3784,323.7993,403.0577
Aryabhatta College,B.A Program (History + Political Science),676.9578,574.1869,527.3623,506.2263,561.973,432.227
Aryabhatta College,B.A Program (Economics + Mathematics),692.2267,460.291,343.1999,267.6329,456.9138,
Aryabhatta College,B.A Program (English + Psychology),748.4387,586.6683,566.9525,560.1635,594.8287,275.3428
Atma Ram Sanatan Dharma College,B.Com,821.0672,726.0004,654.6489,529.2424,771.4478,189.0047
Atma Ram Sanatan Dharma College,B.Com (Hons.),846.3707,768.1748,697.7636,600.6424,814.2058,222.0563
Atma Ram Sanatan Dharma College,B.A. (Hons.) English,776.7158,675.4474,614.2815,598.382,700.9624,364.7852
Atma Ram Sanatan Dharma College,B.A. (Hons.) Hindi,444.0942,356.4833,364.7484,181.3078,173.9802,
Atma Ram Sanatan Dharma College,B.A. (Hons.) History,798.0344,747.0459,677.2842,630.6088,737.946,426.9063
Atma Ram Sanatan Dharma College,B.A. (Hons.) Political Science,823.8565,770.8587,705.7441,685.6727,781.8973,533.4405
Atma Ram Sanatan Dharma College,B.A. (Hons.) Economics,793.9464,604.9181,510.2504,315.8721,650.323,
Atma Ram Sanatan Dharma College,B.Sc (Hons.) Physics,417.7083,360.0316,235.1813,113.5638,359.0401,
Atma Ram Sanatan Dharma College,B.Sc (Hons.) Chemistry,398.6969,342.6087,245.7075,121.8134,337.3626,
Atma Ram Sanatan Dharma College,B.Sc (Hons.) Mathematics,666.1571,532.0655,432.3089,288.0497,524.7027,
Atma Ram Sanatan Dharma College,B.Sc (Hons.) Electronics,405.7543,338.0457,253.1078,124.1071,329.8072,
Atma Ram Sanatan Dharma College,B.Sc (Hons.) Computer Science,695.4217,627.423,513.7045,395.0361,629.2231,241.2398
Atma Ram Sanatan Dharma College,B.Sc (Prog.) Physical Science with Chemistry,306.9274,264.2213,161.1216,179.4603,272.2501,
Atma Ram Sanatan Dharma College,B.Sc (Prog.) Physical Science with Electronics,305.4049,253.6317,149.2157,29.2131,246.5582,
Atma Ram Sanatan Dharma College,B.Sc (Prog.) Physical Science with Computer Science/ Informatics Practices,383.4175,315.8037,225.7395,118.3326,328.9093,
Atma Ram Sanatan Dharma College,B.Sc (Prog.) Applied Physical Sciences with Industrial Chemistry,289.0194,232.063,133.3786,90.7791,233.2821,
Atma Ram Sanatan Dharma College,B.A Program (Sanskrit + Any other discipline subject from (English/Hindi/Sanskrit/Political Sc./Economics/Mathematics/Comp. App./History)),634.7489,475.0541,378.2988,,372.0923,
Atma Ram Sanatan Dharma College,B.A Program (Computer Applications + Any other discipline subject from (English/Hindi/Sanskrit/Political Sc./Economics/Mathematics/Comp. App./History)),778.5067,635.7669,571.8644,552.6761,670.2152,
Atma Ram Sanatan Dharma College,B.A Program (Mathematics + Any other discipline subject from (English/Hindi/Sanskrit/Political Sc./Economics/Mathematics/Comp. App./History)),780.8334,667.3944,470.0306,483.3076,535.5466,
Atma Ram Sanatan Dharma College,B.A Program (English + Any other discipline subject from (English/Hindi/Sanskrit/Political Sc./Economics/Mathematics/Comp. App./History)),799.385,729.3297,629.6454,594.0699,710.334,644.4163
Atma Ram Sanatan Dharma College,B.A Program (Hindi + Any other discipline subject from (English/Hindi/Sanskrit/Political Sc./Economics/Mathematics/Comp. App./History)),737.5001,663.6526,610.3695,478.2934,653.9539,315.0528
Atma Ram Sanatan Dharma College,B.A Program (Any two disciplines from (History/Political Sc./Economics)),780.3344,699.801,632.7641,605.5199,743.1397,448.2469
Bhagini Nivedita College (W),B.Com,650.2287,470.1391,366.6927,,482.6962,
Bhagini Nivedita College (W),B.A. (Hons.) Hindi,307.4598,156.9014,111.7276,,214.6821,
Bhagini Nivedita College (W),B.A. (Hons.) History,572.9086,413.1378,383.3065,286.8506,288.7511,
Bhagini Nivedita College (W),B.Sc (Hons.) Physics,293.3388,213.5393,105.5239,,206.9394,
Bhagini Nivedita College (W),B.Sc (Hons.) Home Science,392.5341,313.4953,258.6993,222.0562,288.5349,
Bhagini Nivedita College (W),B.Sc (Prog.) Physical Science with Computer Science/ Informatics Practices,263.3317,193.499,93.1824,,197.1387,
Bhagini Nivedita College (W),B.Sc (Prog.) Physical Science with Chemistry,229.1151,162.3302,10.6295,,157.1004,
Bhagini Nivedita College (W),B.A. (Hons.) Political Science,620.443,468.7493,426.1251,361.7992,368.0844,
Bhagini Nivedita College (W),B.A Program (History + Political Science),557.057,406.6846,375.0057,316.808,340.4961,
Bhagini Nivedita College (W),B.A Program (Economics + Political Science),554.1294,373.8094,327.09,169.9745,249.6916,
Bhagini Nivedita College (W),B.A Program (Sanskrit + Political Science),305.1929,,,,,
Bhagini Nivedita College (W),B.A Program (Food Technology (FT) + Political Science),500.6668,329.546,258.0624,,241.2326,
Bhagini Nivedita College (W),B.A Program (Human Development and Family Empowerment (HDFE) + Political Science),489.1182,264.4444,146.4761,,231.3901,
Bhagini Nivedita College (W),B.A Program (Computer Applications + Political Science),508.4141,334.8547,194.0552,272.3064,241.0654,
Bhagini Nivedita College (W),B.A Program (Office Management & Secretarial Practice (OMSP) + Political Science),532.0227,377.0902,391.6994,,213.8083,
Bhagini Nivedita College (W),B.A Program (Music + Political Science),469.2305,263.1588,107.5778,,230.0367,
Bhagini Nivedita College (W),B.A Program (Economics + History),548.9203,375.1768,302.794,357.7719,261.0954,370.9632
Bhagini Nivedita College (W),B.A Program (Sanskrit + History),269.8612,,,,,
Bhagini Nivedita College (W),B.A Program (Food Technology (FT) + History),502.9799,333.0501,264.5929,,203.8212,
Bhagini Nivedita College (W),B.A Program (History + Music),450.6304,279.4319,160.0036,344.0576,,
Bhagini Nivedita College (W),B.A Program (Computer Applications + Economics),565.2041,353.3748,163.6565,,321.5394,
Bhagini Nivedita College (W),B.A Program (Economics + OMSP),584.1076,374.4033,315.7223,,247.6861,
Bhagini Nivedita College (W),B.A Program (Political Science + Nutrition and Health Education (NHE)),505.2637,327.6827,264.1392,331.632,188.74,
Bhagini Nivedita College (W),B.A Program (Political Science + Apparel Design & Construction (ADC)),503.8781,306.7355,178.0308,330.9392,288.406,
Bhagini Nivedita College (W),B.A Program (History + Nutrition and Health Education (NHE)),485.1405,286.5662,282.6937,224.2579,322.5024,
Bhagini Nivedita College (W),B.A Program (History + Apparel Design & Construction (ADC)),489.0726,300.1834,271.9085,,129.7757,
Bhagini Nivedita College (W),B.A Program (History + Human Development and Family Empowerment (HDFE)),482.011,277.1517,270.6049,,,
Bharati College (W),B.A. (Hons.) English,643.3123,473.0246,445.3556,422.376,454.3193,
Bharati College (W),B.A. (Hons.) Hindi,270.7533,237.685,173.004,,149.66,
Bharati College (W),B.A. (Hons.) Sanskrit,228.6978,126.5793,128.239,,142.235,
Bharati College (W),B.A. (Hons.) History,606.5178,439.3183,411.1906,366.3488,312.4828,
Bharati College (W),B.A. (Hons.) Political Science,643.6512,531.1528,451.568,405.0129,411.4794,
Bharati College (W),B.Com (Hons.),707.3785,541.6653,448.6543,269.0014,565.1693,
Bharati College (W),B.Com,665.9015,482.3355,384.9207,241.6907,506.1413,
Bharati College (W),B.A. (Hons.) Journalism,672.3205,509.5435,458.5964,433.7373,515.2268,
Bharati College (W),B.Sc (Hons.) Mathematics,496.1512,381.7869,278.1837,216.1741,385.5,
Bharati College (W),B.A. (Hons.) Psychology,767.0109,606.7572,576.1687,522.822,558.7214,318.0783
Bharati College (W),B.A. (Hons.) Sociology,633.4312,472.295,396.0263,454.2544,374.8175,
Bharati College (W),B.A Program (History + Political Science),605.451,501.8968,419.8883,380.9473,409.9795,408.6283
Bharati College (W),B.A Program (Sanskrit + History),216.8345,,,,,
Bharati College (W),B.A Program (Music + Political Science),472.4022,267.647,338.8836,,,
Bharati College (W),B.A Program (History + Music),480.7102,247.6535,201.8705,,311.7989,
Bharati College (W),B.A Program (Human Development and Family Empowerment (HDFE) + Political Science),528.5066,346.3435,263.1733,243.3192,230.3744,
Bharati College (W),B.A Program (Economics + Political Science),612.9041,434.082,384.5336,218.553,313.4255,
Bharati College (W),B.A Program (Punjabi + History),370.2083,,,,,
Bharati College (W),B.A Program (Economics + OMSP),611.0708,402.3716,369.8146,418.2503,430.572,
Bharati College (W),B.A Program (History + OMSP),529.0805,366.9991,282.998,,255.0561,
Bharati College (W),B.A Program (Computer Applications + Economics),609.2564,409.3489,285.5895,158.95,381.2892,
Bharati College (W),B.A Program (Computer Applications + Political Science),515.7637,367.4049,130.4734,,286.1656,
Bharati College (W),B.A Program (Sanskrit + Economics),370.3543,294.0784,,,,
Bharati College (W),B.A Program (Punjabi + Economics),409.4565,,261.6754,,,
Bhaskaracharya College of Applied Sciences,B.Sc (Hons.) Biomedical Science,575.9339,492.4745,418.3449,353.4925,473.5428,200.47
Bhaskaracharya College of Applied Sciences,B.Sc (Hons.) Botany,496.6328,426.6857,355.3357,317.5653,423.7424,
Bhaskaracharya College of Applied Sciences,B.Sc (Hons.) Chemistry,334.0645,271.0317,182.0555,38.9023,268.2578,
Bhaskaracharya College of Applied Sciences,B.Sc (Hons.) Computer Science,609.648,508.9437,426.7668,303.4543,523.6711,
Bhaskaracharya College of Applied Sciences,B.Sc (Hons.) Electronics,313.2956,234.142,157.7455,87.1156,236.6235,
Bhaskaracharya College of Applied Sciences,B.Sc (Hons.) Food Technology,535.2006,459.6862,366.0828,324.8158,451.4536,210.5085
Bhaskaracharya College of Applied Sciences,B.Sc (Hons.) Instrumentation,267.1062,178.3162,107.8779,,179.8763,
Bhaskaracharya College of Applied Sciences,B.Sc (Hons.) Microbiology,571.6141,495.0085,438.2789,390.8212,500.2612,213.4983
Bhaskaracharya College of Applied Sciences,B.Sc (Hons.) Physics,348.9676,265.0246,177.067,194.07,279.4043,
Bhaskaracharya College of Applied Sciences,B.Sc (Hons.) Polymer Science,258.4631,192.6004,99.6232,50.909,181.2087,
Bhaskaracharya College of Applied Sciences,B.Sc (Hons.) Zoology,525.9681,455.507,389.8469,337.019,442.2564,
Cluster Innovation Centre,B.A. (Hons.) Humanities and Social Sciences,710.5082,551.4317,439.0136,446.363,564.1199,149.7439
Cluster Innovation Centre,B.Tech. Information Technology and Mathematical Innovations (IT & MI),550.737,497.0068,432.2386,356.6994,514.7736,374.0411
College of Vocational Studies,B.Com (Hons.),816.6193,717.3504,637.2623,508.122,760.8443,
College of Vocational Studies,B.A. (Hons.) Economics,762.867,533.742,417.4273,,593.6229,
College of Vocational Studies,B.A. (Hons.) History,693.9766,578.7036,485.0239,476.6759,547.0564,
College of Vocational Studies,B.Sc (Hons.) Computer Science,632.8169,539.7733,427.26,323.6973,577.7583,
College of Vocational Studies,B.A. (Hons.) Hindi,345.1194,236.2245,276.4307,,,
College of Vocational Studies,B.A. (Hons.) English,708.6783,584.29,506.8411,472.5197,553.5284,
College of Vocational Studies,B.A. (Hons.) Business Economics,464.6983,321.1297,254.5443,233.3382,342.7249,
College of Vocational Studies,Bachelor of Management Studies (BMS),498.8658,373.5685,322.6201,133.1535,404.072,327.2313
College of Vocational Studies,B.A. (Vocational Studies) Office Management and Secretarial Practice,631.2593,458.1292,401.1793,173.8169,470.4158,120.021
College of Vocational Studies,B.A. (Vocational Studies) Marketing Management and Retail Business,666.028,499.4213,433.0117,222.7675,521.7474,365.5181
College of Vocational Studies,B.A. (Vocational Studies) Human Resource Management,681.0005,532.7121,460.7975,342.3567,552.2524,99.5553
College of Vocational Studies,B.A. (Vocational Studies) Small and Medium Enterprises,651.1156,481.5594,402.0492,147.1875,489.2412,374.4565
College of Vocational Studies,B.A. (Vocational Studies) Management and Marketing of Insurance,662.9976,493.2616,438.1278,214.2214,545.5866,
College of Vocational Studies,B.A. (Vocational Studies) Material Management,630.5823,457.59,392.5718,113.2419,469.3309,
College of Vocational Studies,B.A. (Vocational Studies) Tourism Management,631.3677,482.3292,418.4494,373.5485,472.2178,302.658
Daulat Ram College (W),B.A. (Hons.) Economics,794.684,613.9441,525.2076,283.3943,656.7136,
Daulat Ram College (W),B.A. (Hons.) English,782.1261,681.481,635.886,612.8133,708.5246,201.0177
Daulat Ram College (W),B.A. (Hons.) Hindi,412.156,242.293,294.0413,259.9144,251.0736,
Daulat Ram College (W),B.A. (Hons.) History,818.1844,755.5463,662.7581,685.9184,736.494,195.6677
Daulat Ram College (W),B.A. (Hons.) Philosophy,748.5193,630.7766,571.4051,463.4998,644.6265,
Daulat Ram College (W),B.A. (Hons.) Political Science,843.3316,800.636,710.064,723.7726,804.3253,522.6868
Daulat Ram College (W),B.A. (Hons.) Psychology,874.159,767.7367,744.5551,750.6911,776.1896,595.0981
Daulat Ram College (W),B.A. (Hons.) Sanskrit,146.0145,138.6837,222.5951,,164.1595,
Daulat Ram College (W),B.Sc (Hons.) Bio-Chemistry,607.8157,544.4899,484.43,430.3048,555.8579,392.4599
Daulat Ram College (W),B.Sc (Hons.) Botany,556.9893,503.9957,422.9945,385.4356,495.9384,
Daulat Ram College (W),B.Sc (Hons.) Chemistry,429.7362,370.8988,248.9297,149.9533,362.5694,
Daulat Ram College (W),B.Sc (Hons.) Physics,421.3594,353.0851,232.3045,108.027,362.63,
Daulat Ram College (W),B.Sc (Hons.) Mathematics,685.3733,538.0328,454.1408,333.4116,571.5543,
Daulat Ram College (W),B.Sc (Hons.) Zoology,593.1721,549.0672,462.5823,427.2968,551.8381,200.088
Daulat Ram College (W),B.Sc (Prog.) Life Science,548.6424,497.7789,401.2467,343.3897,508.1512,
Daulat Ram College (W),B.Com (Hons.),864.8433,785.3597,702.6021,636.3563,818.8774,190.5184
Daulat Ram College (W),B.Com,840.7635,753.9714,667.7269,543.8658,802.1613,316.84
Daulat Ram College (W),B.A Program (Sanskrit + Music),327.757,281.7014,,,,
Daulat Ram College (W),B.A Program (Economics + Mathematics),797.1807,624.022,481.5452,540.6859,689.2227,
Daulat Ram College (W),B.A Program (History + Political Science),811.6318,747.379,666.8613,661.8534,743.0234,444.4304
Daulat Ram College (W),B.A Program (Music + Nutrition And Health Education(NHE)),652.794,501.0754,429.231,,500.6673,
Daulat Ram College (W),B.A Program (Philosophy + Psychology),791.7407,669.4318,603.2607,526.912,652.6215,
Daulat Ram College (W),B.A Program (Physical Education + Political Science),734.8626,605.09,538.7201,520.1566,580.7075,
Daulat Ram College (W),B.A Program (Hindi + Physical Education),593.891,455.3071,452.5311,322.8541,369.4476,
Daulat Ram College (W),B.A Program (English + History),775.5275,722.0967,627.1444,671.5735,698.7209,279.4263
Daulat Ram College (W),B.A Program (Entrepreneurship And Small Business + Nutrition And Health Education),720.048,592.1139,515.0464,496.4955,614.6149,373.9563
Deen Dayal Upadhyaya College,B.A. (Hons.) English,707.0563,568.0262,521.0788,510.742,555.0192,175.8785
Deen Dayal Upadhyaya College,Bachelor of Management Studies (BMS),525.0403,416.1036,344.7879,208.2421,462.3757,189.1854
Deen Dayal Upadhyaya College,B.Com (Hons.),803.49,690.5913,597.8122,463.0837,733.6025,248.7757
Deen Dayal Upadhyaya College,B.Sc (Hons.) Botany,526.1624,455.6081,384.7674,329.3989,461.4806,
Deen Dayal Upadhyaya College,B.Sc (Hons.) Chemistry,377.6181,320.3021,233.1004,59.9491,322.1814,
Deen Dayal Upadhyaya College,B.Sc (Hons.) Computer Science,675.7273,590.9935,496.6308,402.7346,614.3235,177.7683
Deen Dayal Upadhyaya College,B.Sc (Hons.) Electronics,344.1266,261.9183,170.1363,66.5889,268.5464,
Deen Dayal Upadhyaya College,B.Sc (Hons.) Mathematics,605.4855,472.488,367.9649,159.5679,501.2646,
Deen Dayal Upadhyaya College,B.Sc (Hons.) Physics,389.0839,308.2096,214.0539,102.5537,324.0658,
Deen Dayal Upadhyaya College,B.Sc (Hons.) Zoology,553.2988,505.3208,419.3922,407.958,484.1069,
Deen Dayal Upadhyaya College,B.Sc (Prog.) Life Science,524.6054,460.0727,373.7555,302.1708,464.6533,
Deen Dayal Upadhyaya College,B.Sc (Prog.) Mathematical Sciences,564.535,409.5391,328.9323,,431.3864,
Deen Dayal Upadhyaya College,B.Sc (Prog.) Physical Science with Chemistry,284.5359,227.6254,137.2587,100.8339,229.3521,
Deen Dayal Upadhyaya College,B.Sc (Prog.) Physical Science with Computer Science/ Informatics Practices,354.5697,271.7269,196.0659,76.0042,310.2545,
Deen Dayal Upadhyaya College,B.A Program (Economics + History),666.8416,531.6172,447.7439,436.8624,499.9532,510.8016
Deen Dayal Upadhyaya College,B.A Program (Economics + Political Science),682.1852,559.121,494.2197,534.1687,533.2752,328.5428
Deen Dayal Upadhyaya College,B.A Program (History + Political Science),697.2521,589.7885,505.0749,549.4526,535.106,285.6483
Delhi College of Arts and Commerce,B.Com,811.3327,715.7302,621.61,516.2116,761.2532,242.4502
Delhi College of Arts and Commerce,B.Com (Hons.),833.087,748.5556,669.2086,610.7279,788.6818,355.92
Delhi College of Arts and Commerce,B.A. (Hons.) Economics,784.304,595.2723,501.6355,336.0059,635.5835,
Delhi College of Arts and Commerce,B.A. (Hons.) English,743.0426,618.2771,575.0563,560.2774,643.7619,170.676
Delhi College of Arts and Commerce,B.A. (Hons.) History,760.3096,692.1201,605.728,608.1388,685.7758,349.7348
Delhi College of Arts and Commerce,B.A. (Hons.) Political Science,793.3562,733.7282,666.4242,674.7209,745.943,430.8781
Delhi College of Arts and Commerce,B.A. (Hons.) Journalism,779.3648,642.3224,596.0886,549.9513,694.59,553.0914
Delhi College of Arts and Commerce,B.A Program (Hindi + History),643.9928,561.13,471.1601,445.8095,492.3853,348.7201
Delhi College of Arts and Commerce,B.A Program (Hindi + Political Science),660.9968,568.4347,518.8238,370.7072,580.355,
Delhi College of Arts and Commerce,"B.A Program (Advertising, Sales Promotion and Sales Management (ASPSM) + Economics)",765.9402,670.5725,603.4394,535.3985,670.022,391.5074
Delhi College of Arts and Commerce,B.A Program (Economics + Human Resource Management (HRM)),787.2352,659.6705,571.3851,493.2818,665.5931,391.2191
Delhi College of Arts and Commerce,B.A Program (History + Political Science),765.3685,677.6387,634.6357,589.7557,666.8866,481.2774
Delhi College of Arts and Commerce,B.A Program (English + German),617.2551,443.1066,469.9294,,424.0201,
Delhi College of Arts and Commerce,B.A Program (Hindi + Physical Education),596.3084,488.3099,468.5976,349.4681,439.6515,
Delhi College of Arts and Commerce,B.A Program (Economics + Mathematics),774.2058,591.7361,474.928,421.4171,702.7336,
Delhi College of Arts and Commerce,B.A Program (English + Spanish),583.903,402.804,399.5227,164.9617,381.2776,
Delhi College of Arts and Commerce,B.A Program (Computer Applications + Mathematics),704.9323,597.3231,456.6063,420.6822,564.2798,102.2506
Delhi College of Arts and Commerce,B.A Program (Operational Research (OR) + Computer Applications),703.4085,520.7827,462.8037,384.0791,492.2999,272.3712
Delhi College of Arts and Commerce,B.A Program (Accounting and Finance + Computer Applications),774.3738,625.1529,602.7047,465.8781,620.2979,
Delhi School of Journalism,Five Year Integrated Program in Journalism,499.6773,401.912,366.8347,343.0158,413.6811,209.9154
Department of Germanic and Romance Studies,B.A. (Hons.) French,673.9078,512.5135,503.3321,466.7593,547.8384,
Department of Germanic and Romance Studies,B.A. (Hons.) German,664.6884,515.7122,585.4056,357.1942,519.1308,371.6066
Department of Germanic and Romance Studies,B.A. (Hons.) Italian,617.8258,431.195,453.9694,235.2765,455.4667,
Department of Germanic and Romance Studies,B.A. (Hons.) Spanish,639.5505,479.2553,474.1193,347.4009,495.5337,539.2836
Department of Slavonic and Finno Ugrian Studies,B.A. (Hons.) Russian,575.2738,398.0831,388.3779,117.3831,376.5339,192.5352
Deshbandhu College,B.A. (Hons.) Economics,722.9099,472.6568,359.8522,285.3248,504.3064,
Deshbandhu College,B.A. (Hons.) English,675.0542,533.3192,476.6172,471.053,500.3192,
Deshbandhu College,B.A. (Hons.) Hindi,335.8252,188.1718,242.6559,,304.6937,
Deshbandhu College,B.A. (Hons.) History,665.5249,534.5592,466.0536,453.2144,497.1257,
Deshbandhu College,B.A. (Hons.) Political Science,718.0797,616.0495,536.8793,519.6556,539.0333,
Deshbandhu College,B.A. (Hons.) Sanskrit,109.1316,230.2566,103.0599,368.16,111.4815,
Deshbandhu College,B.Com (Hons.),785.428,652.9811,564.5056,389.8785,713.9798,201.2935
Deshbandhu College,B.Sc (Prog.) Life Science,495.9209,421.5088,343.7131,291.1684,418.7829,
Deshbandhu College,B.Sc (Hons.) Bio-Chemistry,583.1257,519.2289,426.2616,404.4317,514.7886,142.0781
Deshbandhu College,B.Sc (Hons.) Botany,501.4536,426.4849,355.5245,319.3198,426.1915,
Deshbandhu College,B.Sc (Hons.) Chemistry,367.197,292.0501,200.0269,134.7258,321.6342,
Deshbandhu College,B.Sc (Hons.) Mathematics,550.3134,431.9499,307.2128,135.1696,439.1099,
Deshbandhu College,B.Sc (Hons.) Physics,349.8442,278.3647,173.4699,68.3373,264.2617,
Deshbandhu College,B.Sc (Hons.) Zoology,527.3808,458.1444,389.1833,353.7502,450.8453,
Deshbandhu College,B.Sc (Prog.) Physical Science with Chemistry,247.996,183.4434,82.1244,,169.6646,
Deshbandhu College,B.Sc (Prog.) Physical Science with Computer Science/ Informatics Practices,306.8389,235.492,173.864,154.0786,239.4449,
Deshbandhu College,B.Sc (Prog.) Applied Physical Sciences with Industrial Chemistry,247.2744,179.4743,88.6164,,174.5756,
Deshbandhu College,B.A Program (English + Economics),733.8913,624.003,589.583,521.5959,616.7487,
Deshbandhu College,B.A Program (English + History),697.5145,592.1679,553.1013,,528.5,
Deshbandhu College,B.A Program (English + Mathematics),656.9124,509.6042,428.8922,,491.8125,
Deshbandhu College,B.A Program (English + Political Science),705.5538,595.7687,544.7628,556.6378,524.5365,288.2769
Deshbandhu College,B.A Program (English + Philosophy),654.4459,528.8904,500.8724,484.6682,481.0358,
Deshbandhu College,B.A Program (Hindi + History),606.5265,517.5063,459.7739,408.2852,448.0562,235.897
Deshbandhu College,B.A Program (Hindi + Philosophy),611.1418,457.9929,427.9029,,454.4497,
Deshbandhu College,B.A Program (Hindi + Political Science),614.5486,516.0985,517.679,282.7964,486.2345,
Deshbandhu College,B.A Program (Sanskrit + History),412.49,348.0689,275.6036,,,
Deshbandhu College,B.A Program (Sanskrit + Philosophy),467.5126,178.7391,256.2811,,,
Deshbandhu College,B.A Program (Economics + History),708.1032,664.7363,557.7317,,579.9685,
Deshbandhu College,B.A Program (Economics + Mathematics),722.8369,550.6549,426.4401,,470.902,
Deshbandhu College,B.A Program (Economics + Philosophy),686.1092,540.9901,462.2069,,524.8468,
Deshbandhu College,B.A Program (Economics + Political Science),726.9759,650.2718,536.9807,448.1119,538.1633,
Deshbandhu College,B.A Program (History + Mathematics),622.003,502.1454,397.8048,,419.762,
Deshbandhu College,B.A Program (History + Philosophy),654.2349,520.0236,463.3768,438.8875,,
Deshbandhu College,B.A Program (History + Political Science),667.1899,553.5441,479.3842,493.2478,511.5547,451.0933
Deshbandhu College,B.A Program (Mathematics + Philosophy),682.435,486.1912,289.1682,,380.5047,
Deshbandhu College,B.A Program (Mathematics + Political Science),630.402,553.2386,376.1621,,432.3779,
Deshbandhu College,B.A Program (Philosophy + Political Science),660.0931,570.2533,472.4481,459.1866,465.758,
Deshbandhu College,B.A Program (Bengali + History),361.3217,278.5438,,,,
Deshbandhu College,B.A Program (Bengali + Political Science),226.6057,,,,,
Deshbandhu College,B.A Program (Punjabi + History),437.3934,281.497,,,,
Deshbandhu College,B.A Program (Hindi + Economics),639.6393,497.4135,455.0301,198.6002,,
Deshbandhu College,B.A Program (Sanskrit + Economics),498.2505,196.74,132.1438,,,
Deshbandhu College,B.A Program (Punjabi + Political Science),518.8826,319.3859,,,,
Deshbandhu College,B.A Program (Sindhi + History),320.2356,,,,,
Deshbandhu College,B.A Program (Sanskrit + Political Science),422.5607,348.0228,,,,
Dr. Bhim Rao Ambedkar College,B.A. (Hons.) Applied Psychology,762.9876,579.2933,558.4672,466.8099,521.9836,312.6968
Dr. Bhim Rao Ambedkar College,B.A. (Hons.) Geography,635.1921,533.5832,483.891,493.9571,445.8961,
Dr. Bhim Rao Ambedkar College,B.A. (Hons.) Hindi Patrakarita,425.6823,293.707,299.4075,240.6382,255.057,
Dr. Bhim Rao Ambedkar College,B.A. (Hons.) History,620.5639,500.308,456.9872,445.621,428.0803,
Dr. Bhim Rao Ambedkar College,B.A. (Hons.) Social Work,572.4181,406.4509,373.0017,235.3622,384.4857,
Dr. Bhim Rao Ambedkar College,B.Com,697.4087,539.6033,451.7011,208.1706,572.1443,
Dr. Bhim Rao Ambedkar College,B.Com (Hons.),729.4893,576.0362,500.9314,327.1011,608.4873,
Dr. Bhim Rao Ambedkar College,B.A. (Hons.) Economics,686.0823,411.548,345.98,155.588,409.9203,
Dr. Bhim Rao Ambedkar College,B.A. (Hons.) Hindi,320.2953,77.1864,231.452,,237.9399,
Dr. Bhim Rao Ambedkar College,B.A. (Hons.) Business Economics,413.3081,274.8091,195.2328,,285.8109,
Dr. Bhim Rao Ambedkar College,B.A Program (English + History),620.0721,486.4075,491.4866,450.0922,435.4009,
Dr. Bhim Rao Ambedkar College,B.A Program (English + Psychology),738.608,584.5881,563.4785,536.6484,551.9208,
Dr. Bhim Rao Ambedkar College,B.A Program (Hindi + History),531.4904,394.7954,389.1631,312.0217,321.837,270.5568
Dr. Bhim Rao Ambedkar College,B.A Program (Hindi + Political Science),531.6759,402.5589,400.6144,185.8108,249.9659,
Dr. Bhim Rao Ambedkar College,B.A Program (Sanskrit + OMSP),282.3855,250.308,115.3803,,,
Dr. Bhim Rao Ambedkar College,B.A Program (Sanskrit + Political Science),315.0068,163.2246,242.2798,,,
Dr. Bhim Rao Ambedkar College,B.A Program (Urdu + History),372.4151,125.1854,,133.856,,
Dr. Bhim Rao Ambedkar College,B.A Program (Urdu + Political Science),399.4748,52.4747,,258.7021,,
Dr. Bhim Rao Ambedkar College,B.A Program (Economics + Geography),607.2076,480.2877,499.3732,427.4774,444.5696,372.0626
Dr. Bhim Rao Ambedkar College,B.A Program (Economics + Human Resource Management (HRM)),670.9432,522.6634,437.3852,395.2249,559.313,
Dr. Bhim Rao Ambedkar College,B.A Program (Economics + Mathematics),642.3781,395.1922,300.5748,238.3497,386.3879,
Dr. Bhim Rao Ambedkar College,B.A Program (Economics + OMSP),618.4468,451.8168,381.9327,100.6986,411.0198,
Dr. Bhim Rao Ambedkar College,B.A Program (Geography + Psychology),712.6708,505.1118,492.5759,480.1417,514.576,
Dr. Bhim Rao Ambedkar College,B.A Program (History + Political Science),604.1188,474.8722,453.8738,470.077,424.9309,
Dr. Bhim Rao Ambedkar College,B.A Program (Human Resource Management (HRM) + Mathematics),628.4515,449.6382,338.4084,195.6702,445.4941,
Dr. Bhim Rao Ambedkar College,B.A Program (Human Resource Management (HRM) + Psychology),733.8501,572.2098,551.1416,435.0708,647.8738,
Dr. Bhim Rao Ambedkar College,B.A Program (Office Management & Secretarial Practice (OMSP) + Political Science),599.1781,436.9985,426.838,378.8537,466.8704,
Dyal Singh College,B.A. (Hons.) Hindi,332.6015,150.3717,208.6781,238.7437,245.6408,
Dyal Singh College,B.A. (Hons.) Economics,758.6832,522.199,404.8262,273.1582,581.6628,
Dyal Singh College,B.A. (Hons.) History,721.3382,612.94,545.1692,521.3436,605.1388,
Dyal Singh College,B.A. (Hons.) Political Science,758.4904,692.0923,621.0426,610.9315,696.147,282.7172
Dyal Singh College,B.A. (Hons.) Geography,738.5963,678.9351,553.3619,576.9489,579.0724,552.0192
Dyal Singh College,B.A. (Hons.) English,699.3818,567.7116,501.7388,503.7799,565.872,
Dyal Singh College,B.Com,793.6284,679.4414,573.2882,396.8327,724.3382,
Dyal Singh College,B.Com (Hons.),810.457,709.5379,616.9562,463.4087,754.6622,184.4665
Dyal Singh College,B.Sc (Hons.) Mathematics,571.5841,443.3613,338.0127,140.2268,443.5524,
Dyal Singh College,B.Sc (Hons.) Botany,511.3355,450.2355,376.9282,325.4556,465.2632,
Dyal Singh College,B.Sc (Hons.) Chemistry,366.8002,311.7199,222.8796,82.8838,307.4773,
Dyal Singh College,B.Sc (Hons.) Physics,361.9228,286.7231,191.6059,52.4823,280.7471,
Dyal Singh College,B.Sc (Hons.) Zoology,542.6342,492.9483,400.224,383.434,494.8275,
Dyal Singh College,B.Sc (Prog.) Physical Science with Chemistry,257.3743,192.8397,97.0485,102.7682,176.4233,
Dyal Singh College,B.Sc (Prog.) Physical Science with Computer Science/ Informatics Practices,317.9991,241.4973,172.1539,40.2293,262.4064,
Dyal Singh College,B.Sc (Prog.) Life Science,506.2658,436.2061,348.2202,293.3189,431.9737,
Dyal Singh College,B.Sc (Hons.) Computer Science,648.7207,547.0414,467.8264,310.0975,587.4077,445.9595
Dyal Singh College,B.A. (Hons.) Philosophy,652.0787,502.7911,452.717,338.3415,457.516,
Dyal Singh College,B.A. (Hons.) Punjabi,441.3867,271.7647,198.2914,176.692,92.357,
Dyal Singh College,B.A. (Hons.) Urdu,186.1992,178.8001,238.1421,238.7245,195.1291,
Dyal Singh College,B.A. (Hons.) Sanskrit,382.3219,223.6887,95.8577,,225.7949,
Dyal Singh College,B.A Program (Bengali + Geography),464.5067,,213.2473,,,
Dyal Singh College,B.A Program (Bengali + History),300.3687,,234.7775,186.1163,,
Dyal Singh College,B.A Program (Bengali + Political Science),239.0149,,218.942,,,
Dyal Singh College,B.A Program (English + Economics),753.7977,613.1252,545.2798,,621.8813,
Dyal Singh College,B.A Program (English + History),715.444,587.662,568.6703,,601.7732,
Dyal Singh College,B.A Program (English + Political Science),739.81,647.1009,593.2233,599.1627,625.7206,
Dyal Singh College,B.A Program (Hindi + Geography),645.9311,547.7394,537.1253,,616.7603,
Dyal Singh College,B.A Program (Hindi + History),628.0322,541.7949,457.2831,,449.4989,
Dyal Singh College,B.A Program (Hindi + Political Science),644.4902,544.3376,562.274,340.6019,469.3852,
Dyal Singh College,B.A Program (Punjabi + Economics),566.5808,405.2418,349.0903,,,
Dyal Singh College,B.A Program (Punjabi + History),421.1078,281.1871,216.7041,,,
Dyal Singh College,B.A Program (Punjabi + Political Science),531.3392,147.625,337.326,,,
Dyal Singh College,B.A Program (Sanskrit + Geography),487.3009,326.4709,248.412,,228.7203,
Dyal Singh College,B.A Program (Sanskrit + History),451.072,363.9493,141.9397,,168.0969,
Dyal Singh College,B.A Program (Sanskrit + Political Science),469.59,348.3376,434.3059,,,
Dyal Singh College,B.A Program (Urdu + Economics),574.2634,367.824,,,,
Dyal Singh College,B.A Program (Urdu + History),485.5977,292.9406,,,,
Dyal Singh College,B.A Program (Urdu + Political Science),496.0964,358.8105,255.5765,,,
Dyal Singh College,B.A Program (Commerce + Economics),766.6764,644.4665,538.9795,429.7387,716.3019,227.2215
Dyal Singh College,B.A Program (Economics + Geography),726.2938,644.7048,635.3164,,,
Dyal Singh College,B.A Program (Economics + History),726.6259,644.7414,556.9118,,618.83,
Dyal Singh College,B.A Program (Economics + Mathematics),733.3532,505.0131,388.5573,84.1174,548.3571,
Dyal Singh College,B.A Program (Economics + Philosophy),722.0705,621.124,506.8115,,556.0161,
Dyal Singh College,B.A Program (Economics + Political Science),735.8351,676.7976,589.6826,,,
Dyal Singh College,B.A Program (Geography + History),720.2378,644.1674,615.4038,619.7882,,
Dyal Singh College,B.A Program (Geography + Mathematics),604.6613,515.754,413.8095,,393.7179,
Dyal Singh College,B.A Program (Geography + Political Science),726.7362,675.57,580.1325,,,
Dyal Singh College,B.A Program (History + Philosophy),695.6131,547.8832,494.2928,425.6971,513.5061,383.4761
Dyal Singh College,B.A Program (History + Political Science),743.1106,658.7114,562.4755,561.2287,,314.4904
Dyal Singh College,B.A Program (Philosophy + Political Science),691.7305,577.7982,506.1224,468.7409,536.8411,
Dyal Singh College (Evening),B.A. (Hons.) English,610.1452,445.884,407.1289,350.9709,421.8006,
Dyal Singh College (Evening),B.A. (Hons.) Political Science,603.1278,489.3944,422.2773,397.5313,369.9494,
Dyal Singh College (Evening),B.Com,705.0929,549.0894,427.971,134.2796,593.4829,
Dyal Singh College (Evening),B.Com (Hons.),740.7175,613.575,508.7953,162.0236,649.0346,371.5261
Dyal Singh College (Evening),B.A Program (Computer Applications + Economics),587.8809,416.9152,299.4212,123.4456,376.6128,
Dyal Singh College (Evening),B.A Program (Human Resource Management (HRM) + Economics),628.8395,446.3426,368.0669,181.2445,474.3949,
Dyal Singh College (Evening),B.A. (Hons.) History,577.9795,444.9936,412.9325,354.2515,375.6134,
Dyal Singh College (Evening),B.A Program (Entrepreneurship and Small Business (ESB) + History),577.4406,413.8941,329.8958,311.4222,386.8106,
Dyal Singh College (Evening),B.A Program (Entrepreneurship and Small Business (ESB) + Political Science),574.8654,436.4044,355.3931,163.196,371.0441,
Dyal Singh College (Evening),B.A Program (Economics + Political Science),609.3538,437.5442,391.5285,269.1099,367.0765,
Dyal Singh College (Evening),B.A Program (History + Political Science),584.8902,459.431,413.3572,447.4545,370.9634,
Dyal Singh College (Evening),B.A Program (Tamil + Political Science),111.5644,,,,,
Dyal Singh College (Evening),B.A Program (Punjabi + History),232.8687,211.036,,,,
Dyal Singh College (Evening),B.A Program (Sanskrit + History),298.44,142.9536,,,195.7081,
Dyal Singh College (Evening),B.A Program (Urdu + History),330.8297,157.7972,,,,
Dyal Singh College (Evening),B.A Program (Economics + Mathematics),592.3424,357.4381,222.3799,,317.3799,
Gargi College (W),B.A. (Hons.) Applied Psychology,860.9297,732.3118,677.5867,656.601,724.1037,574.4936
Gargi College (W),B.A. (Hons.) English,776.5646,662.6852,605.2912,606.6584,670.5138,218.5196
Gargi College (W),B.A. (Hons.) Hindi,398.7564,242.3877,273.9417,,200.6637,
Gargi College (W),B.A. (Hons.) History,776.2605,709.1814,624.1406,603.864,693.8906,
Gargi College (W),B.A. (Hons.) Philosophy,726.1837,575.4609,464.3908,370.3231,549.7983,
Gargi College (W),B.A. (Hons.) Political Science,818.8216,742.2073,663.793,623.0243,740.9912,215.8872
Gargi College (W),B.A. (Hons.) Sanskrit,311.4262,126.8794,186.2112,,174.9673,
Gargi College (W),B.Com,807.3364,692.1219,592.4094,435.1475,737.9405,
Gargi College (W),B.Com (Hons.),838.832,745.8621,653.4699,539.9485,782.5046,466.1758
Gargi College (W),B.Sc (Hons.) Botany,542.2771,476.6824,400.6509,357.7397,481.7989,210.3668
Gargi College (W),B.Sc (Hons.) Chemistry,410.9897,341.4072,236.4747,122.5409,327.5628,
Gargi College (W),B.Sc (Hons.) Microbiology,609.0267,536.6752,483.3729,436.1333,557.5094,354.1065
Gargi College (W),B.Sc (Hons.) Mathematics,661.4792,500.0536,400.9926,289.8812,510.7057,
Gargi College (W),B.Sc (Hons.) Physics,415.1169,330.2195,217.1766,146.0532,329.6192,
Gargi College (W),B.Sc (Hons.) Zoology,570.8365,514.2694,445.8389,387.6608,508.9007,269.7699
Gargi College (W),B.Sc (Prog.) Life Science,530.8466,464.2851,374.4251,313.3741,471.4466,78.0015
Gargi College (W),B.Sc (Prog.) Physical Science with Chemistry,301.7303,224.8295,125.2955,101.0531,255.2813,
Gargi College (W),B.A. (Hons.) Economics,799.7743,581.8363,467.6071,177.3825,631.7825,
Gargi College (W),B.A. (Hons.) Business Economics,479.7122,334.4424,271.8734,221.1344,362.2626,
Gargi College (W),Bachelor of Elementary Education (B.El.Ed.),679.4888,560.8688,581.3337,435.9226,502.3,119.5292
Gargi College (W),B.A Program (English + German),628.1619,428.3446,435.5982,198.7055,326.3262,
Gargi College (W),B.A Program (English + History),767.5648,673.572,627.9591,627.8633,,
Gargi College (W),B.A Program (English + Philosophy),737.6076,630.4839,548.2958,,622.1434,
Gargi College (W),B.A Program (English + Psychology),822.7395,694.3979,678.9807,635.1537,685.6711,256.2455
Gargi College (W),B.A Program (German + History),569.9295,389.6254,344.2019,,307.0023,
Gargi College (W),B.A Program (German + Political Science),624.1779,296.9195,324.4689,440.6977,436.125,
Gargi College (W),B.A Program (Hindi + History),656.199,582.1332,497.1938,393.415,554.1064,
Gargi College (W),B.A Program (Hindi + Political Science),674.0665,572.8598,485.0475,323.7556,582.8107,427.5732
Gargi College (W),B.A Program (Computer Applications + Economics),796.4265,601.2706,592.9264,,605.4375,
Gargi College (W),B.A Program (Computer Applications + Entrepreneurship and Small Business (ESB)),713.4839,496.323,436.4351,323.0996,486.4754,
Gargi College (W),B.A Program (Computer Applications + Mathematics),702.6784,504.1762,478.427,,547.6613,
Gargi College (W),B.A Program (Economics + Entrepreneurship and Small Business (ESB)),777.2283,645.0197,621.3083,484.3315,674.6869,
Gargi College (W),B.A Program (Economics + Mathematics),781.9921,575.3756,,,648.0241,
Gargi College (W),B.A Program (Economics + Political Science),796.187,720.7687,639.216,610.413,707.5789,
Gargi College (W),B.A Program (Economics + Psychology),836.9301,673.3226,624.4128,617.1281,705.8329,
Gargi College (W),B.A Program (Entrepreneurship and Small Business (ESB) + Mathematics),722.3775,452.4598,400.8781,,499.533,
Gargi College (W),B.A Program (History + Philosophy),735.8547,664.3277,564.78,,586.9207,
Gargi College (W),B.A Program (History + Political Science),768.1977,705.2096,607.4407,587.22,698.8256,576.6069
Gargi College (W),B.A Program (Philosophy + Political Science),737.3585,647.3614,547.4127,573.9065,648.0478,
Gargi College (W),B.A Program (Philosophy + Psychology),819.998,658.8603,664.2048,,651.3037,
Hansraj College,B.A. (Hons.) Economics,864.5005,721.9032,642.6301,502.8715,770.3268,471.1541
Hansraj College,B.A. (Hons.) English,851.1134,770.6625,715.6247,690.635,777.7979,595.1985
Hansraj College,B.A. (Hons.) Hindi,644.376,545.1966,551.7333,375.4782,463.2583,352.3282
Hansraj College,B.A. (Hons.) History,875.0123,832.3329,777.5884,779.1792,844.6929,620.9044
Hansraj College,B.A. (Hons.) Sanskrit,173.7851,436.7035,305.834,272.3542,434.5709,
Hansraj College,B.Com (Hons.),901.7122,828.5794,764.0232,709.0878,860.7657,675.8738
Hansraj College,B.Sc (Prog.) Life Science,627.3302,563.7328,499.6597,463.291,584.5716,298.4915
Hansraj College,B.Sc (Prog.) Physical Science with Chemistry,430.0124,370.495,289.3639,192.3009,389.5356,
Hansraj College,B.Sc (Prog.) Physical Science with Computer Science/ Informatics Practices,490.7703,418.7545,328.8123,203.1273,463.5079,111.9935
Hansraj College,B.Sc (Hons.) Anthropology,601.8233,535.9965,483.2461,441.881,515.5776,268.2947
Hansraj College,B.Sc (Hons.) Botany,621.1447,570.3807,483.8675,456.2821,581.6044,241.9539
Hansraj College,B.Sc (Hons.) Chemistry,495.4426,432.8772,352.1145,221.6853,447.8675,
Hansraj College,B.Sc (Hons.) Computer Science,784.354,688.6639,638.2804,487.2536,741.103,483.1233
Hansraj College,B.Sc (Hons.) Electronics,505.3717,420.4005,328.0921,237.8639,455.2626,
Hansraj College,B.Sc (Hons.) Geology,594.1342,514.468,422.5458,397.8933,498.1678,155.3233
Hansraj College,B.Sc (Hons.) Mathematics,787.7201,662.4287,572.9586,483.7129,654.4384,365.4774
Hansraj College,B.Sc (Hons.) Physics,528.5708,457.5895,377.0676,220.2381,472.811,92.9186
Hansraj College,B.Sc (Hons.) Zoology,643.6226,609.8507,534.7659,486.2715,624.222,413.1151
Hansraj College,B.A Program (Economics + History),845.3369,776.7122,718.3357,697.8139,799.5954,567.9696
Hansraj College,B.A Program (Commerce + Economics),874.9621,783.6032,709.3881,665.1792,827.2962,639.0601
Hansraj College,B.A. (Hons.) Philosophy,827.4773,733.1893,660.6813,603.0925,750.8954,477.6124
Hansraj College,B.A Program (Hindi + Physical Education),689.4378,606.748,547.317,516.1077,606.6789,422.3386
Hansraj College,B.A Program (Philosophy + Physical Education),741.6761,672.9584,624.0196,568.1231,630.4791,415.2534
Hansraj College,B.A Program (Sanskrit + Philosophy),620.1324,509.5401,343.3825,,513.3229,
Hindu College,B.A. (Hons.) English,885.7629,827.5957,783.1633,785.0079,854.9367,637.5776
Hindu College,B.A. (Hons.) Economics,888.1655,776.04,705.9677,605.9931,807.9571,586.427
Hindu College,B.A. (Hons.) Hindi,753.6071,689.1431,662.3108,446.2203,625.196,519.6308
Hindu College,B.A. (Hons.) History,914.3816,885.8072,834.283,871.0472,883.1422,714.3731
Hindu College,B.A. (Hons.) Political Science,950.5823,922.9031,889.685,899.132,920.781,862.7593
Hindu College,B.A. (Hons.) Sanskrit,480.3217,118.7996,389.1392,166.1352,548.4015,282.4895
Hindu College,B.A. (Hons.) Sociology,891.9903,843.6482,777.843,789.0005,822.6685,623.192
Hindu College,B.A. (Hons.) Philosophy,865.0003,789.6081,714.2767,644.3679,781.9815,530.2544
Hindu College,B.Com (Hons.),912.2188,843.2175,784.0984,735.1002,871.5045,718.8836
Hindu College,B.Sc (Hons.) Physics,557.2636,501.9245,391.001,266.504,527.403,69.0133
Hindu College,B.Sc (Hons.) Chemistry,537.9057,474.6686,386.1242,262.8433,470.7186,176.9824
Hindu College,B.Sc (Hons.) Botany,656.1192,624.1787,523.8811,522.4557,618.5947,415.7009
Hindu College,B.Sc (Hons.) Zoology,678.4394,642.6709,593.1017,531.6226,645.6626,486.7906
Hindu College,B.Sc (Hons.) Mathematics,818.3477,709.0148,631.7421,562.8302,711.1573,414.3517
Hindu College,B.Sc (Hons.) Statistics,848.6333,731.6651,620.1348,467.372,730.438,310.0458
Hindu College,B.Sc (Prog.) Physical Science with Electronics,441.9164,384.3854,295.5802,180.2974,385.4028,
Hindu College,B.Sc (Prog.) Physical Science with Chemistry,448.472,380.806,309.8603,224.9936,373.7867,
Hindu College,B.A Program (English + Economics),894.511,837.1791,789.2595,885.0597,834.6463,777.9586
Hindu College,B.A Program (Hindi + Philosophy),810.4724,739.1336,711.8384,554.5266,722.1033,586.6409
Hindu College,B.A Program (Sanskrit + Political Science),807.8867,746.8629,616.4251,649.7468,736.8111,550.5744
Hindu College,B.A Program (History + Political Science),936.1828,898.8492,856.1024,934.1694,891.7085,832.9445
Indraprastha College for Women (W),B.A. (Hons.) Economics,788.2,594.4111,491.0555,108.4789,640.9579,
Indraprastha College for Women (W),B.A. (Hons.) English,786.0593,669.1489,628.5287,595.4672,684.6575,286.235
Indraprastha College for Women (W),B.A. (Hons.) Hindi,384.819,186.93,251.1419,331.5502,165.7602,128.4415
Indraprastha College for Women (W),B.A. (Hons.) History,795.7508,733.2497,632.6159,636.2016,718.8039,213.5494
Indraprastha College for Women (W),B.A. (Hons.) Philosophy,712.2911,592.1682,466.5274,424.4197,563.341,
Indraprastha College for Women (W),B.A. (Hons.) Political Science,825.6628,761.9013,679.1167,666.35,766.2022,434.7851
Indraprastha College for Women (W),B.A. (Hons.) Psychology,878.0639,759.0172,743.0016,733.0788,790.963,531.3262
Indraprastha College for Women (W),B.A. (Hons.) Sanskrit,323.4556,204.5616,154.4574,,122.4225,
Indraprastha College for Women (W),B.Com (Hons.),843.7523,755.9395,664.5228,566.3878,800.0204,384.1519
Indraprastha College for Women (W),B.Sc (Hons.) Computer Science,676.625,571.7539,541.3395,356.3195,600.6172,
Indraprastha College for Women (W),B.Sc (Hons.) Mathematics,650.058,501.5794,377.3901,238.9408,507.4676,
Indraprastha College for Women (W),B.A. (Hons.) Geography,814.4258,740.7069,672.0208,660.3238,724.6375,341.2324
Indraprastha College for Women (W),B.A. (Hons.) Sociology,774.9383,690.8674,612.6326,604.8195,657.5063,369.2943
Indraprastha College for Women (W),B.A. (Hons.) Multi Media and Mass Communication,520.6672,444.3363,393.7253,319.8305,462.898,144.0202
Indraprastha College for Women (W),B.A Program (English + History),763.4772,715.3517,615.2123,626.1022,,274.9606
Indraprastha College for Women (W),B.A Program (English + Political Science),783.2495,727.8989,647.0953,592.4231,,343.1379
Indraprastha College for Women (W),B.A Program (Hindi + History),705.5178,617.6947,522.0443,549.1152,625.941,368.2804
Indraprastha College for Women (W),B.A Program (Hindi + Political Science),732.223,677.3768,503.3805,457.484,614.5214,216.5807
Indraprastha College for Women (W),B.A Program (Sanskrit + Philosophy),471.2114,327.3767,301.2594,,,
Indraprastha College for Women (W),B.A Program (Computer Applications + Mathematics),665.7138,481.038,428.3194,340.3676,537.6948,
Indraprastha College for Women (W),B.A Program (Economics + Mathematics),774.8813,598.9419,427.8654,415.3591,629.0292,
Indraprastha College for Women (W),B.A Program (Economics + Political Science),800.8607,728.1715,635.5184,655.8112,,237.8734
Indraprastha College for Women (W),B.A Program (History + Philosophy),756.9013,694.321,545.5577,541.4977,621.8888,
Indraprastha College for Women (W),B.A Program (History + Political Science),790.299,733.0121,654.3703,653.2239,741.6301,264.8087
Indraprastha College for Women (W),B.A Program (Human Development and Family Empowerment (HDFE) + Psychology),796.1992,627.3728,599.7356,548.092,610.3927,
Indraprastha College for Women (W),B.A Program (Computer Applications + Economics),749.5098,609.2724,401.1777,,609.5319,
Indraprastha College for Women (W),B.A Program (Sanskrit + History),544.6186,388.99,268.3524,,310.1226,
Indraprastha College for Women (W),B.A Program (Philosophy + Psychology),795.9128,684.9287,612.2058,559.3421,,
Indraprastha College for Women (W),B.A Program (Sanskrit + Political Science),613.0879,367.8309,169.6949,,,
Indraprastha College for Women (W),B.A Program (Human Development and Family Empowerment (HDFE) + Philosophy),690.2447,579.307,403.4829,,391.7896,
Indraprastha College for Women (W),B.A Program (Human Development and Family Empowerment (HDFE) + Hindi),652.009,430.98,377.8366,,562.537,
Indraprastha College for Women (W),B.A Program (Commerce + Economics),828.7008,723.1154,630.7145,503.1065,721.9655,
Indraprastha College for Women (W),B.A Program (Geography + English),775.5394,723.3518,605.9264,619.5633,682.0374,
Indraprastha College for Women (W),B.A Program (Hindi + Geography),707.2362,646.134,489.5004,425.3797,,
Indraprastha College for Women (W),B.A Program (Geography + History),805.1298,726.1398,,616.9075,695.0742,
Indraprastha College for Women (W),B.A Program (Geography + Political Science),797.9938,739.8438,638.4821,608.6303,,
Indraprastha College for Women (W),B.A Program (Sanskrit + Geography),512.3119,451.1347,,,,
Indraprastha College for Women (W),B.A Program (Human Development and Family Empowerment (HDFE) + Sociology),699.6482,583.3139,511.7943,,622.8691,
Indraprastha College for Women (W),B.A Program (History + Sociology),773.6991,723.3513,589.8637,,657.3987,
Indraprastha College for Women (W),B.A Program (Philosophy + Sociology),738.7306,611.0749,550.8418,,643.8084,
Indraprastha College for Women (W),B.A Program (Psychology + Sociology),834.6185,729.3748,635.4086,,659.721,
Indraprastha College for Women (W),B.A Program (Commerce + Mathematics),755.3616,511.7055,364.8824,245.8337,560.9591,
Indraprastha College for Women (W),B.A Program (English + Human Development and Family Empowerment (HDFE)),693.873,589.866,490.2363,538.6769,602.5241,74.4687
Indraprastha College for Women (W),B.A Program (Hindi + Psychology),763.5296,590.8347,506.1577,446.0835,,
Indraprastha College for Women (W),B.A Program (Commerce + Psychology),788.8933,698.9397,602.2448,511.2581,,
Indraprastha College for Women (W),B.A Program (Commerce + Computer Applications),739.5981,543.4779,395.99,523.069,574.5447,
Institute of Home Economics (W),B.Sc (Pass) Home Science,523.7837,386.0503,320.0022,181.4848,279.8965,
Institute of Home Economics (W),B.Sc (Hons.) Home Science,399.6281,316.5598,252.0513,186.4691,294.1351,
Institute of Home Economics (W),B.Sc (Hons.) Microbiology,548.277,468.9273,376.5588,327.7394,454.116,204.9438
Institute of Home Economics (W),B.Sc (Hons.) Bio-Chemistry,552.7712,467.4514,396.0507,323.9016,456.0841,328.2604
Institute of Home Economics (W),B.A. (Hons.) Journalism,693.7352,536.3085,454.6125,395.5454,529.2202,
Institute of Home Economics (W),B.Sc (Hons.) Food Technology,511.1169,434.1267,360.0901,306.1508,429.8602,
Institute of Home Economics (W),Bachelor of Elementary Education (B.El.Ed.),618.183,515.1102,507.9847,357.7817,468.8374,
Janki Devi Memorial College (W),B.Com,696.106,519.2539,412.5451,108.2092,558.2883,
Janki Devi Memorial College (W),B.Com (Hons.),735.1518,561.665,469.8721,212.1942,593.7006,
Janki Devi Memorial College (W),B.A. (Hons.) Economics,671.8336,363.3999,275.8765,,372.2259,
Janki Devi Memorial College (W),B.A. (Hons.) English,653.0459,483.7964,477.2611,421.5613,469.8041,273.0842
Janki Devi Memorial College (W),B.A. (Hons.) Hindi,241.1632,161.3903,74.2507,,,
Janki Devi Memorial College (W),B.A. (Hons.) History,627.8019,451.82,411.84,348.3815,334.2128,421.643
Janki Devi Memorial College (W),B.Sc (Hons.) Mathematics,489.535,351.1974,240.055,119.9781,358.1897,
Janki Devi Memorial College (W),B.A. (Hons.) Philosophy,585.1902,404.5231,348.1676,272.2929,372.4097,
Janki Devi Memorial College (W),B.A. (Hons.) Political Science,663.7897,546.5888,471.4549,396.7418,393.3875,
Janki Devi Memorial College (W),B.A. (Hons.) Sanskrit,270.2076,,,,,
Janki Devi Memorial College (W),B.A. (Hons.) Sociology,628.4569,455.3392,435.4353,446.1445,325.8604,
Janki Devi Memorial College (W),B.A Program (English + Economics),669.7934,496.883,472.5656,362.5239,491.4037,
Janki Devi Memorial College (W),B.A Program (English + History),641.7563,495.962,518.867,483.8412,457.0968,
Janki Devi Memorial College (W),B.A Program (English + Philosophy),659.9053,506.0015,428.1984,470.4602,442.8215,
Janki Devi Memorial College (W),B.A Program (Hindi + History),524.5093,384.312,385.6456,,244.1286,
Janki Devi Memorial College (W),B.A Program (Hindi + Music),482.659,378.8106,381.0956,451.4533,213.2825,
Janki Devi Memorial College (W),B.A Program (Sanskrit + History),223.1532,167.8197,147.0667,,,
Janki Devi Memorial College (W),B.A Program (Sanskrit + HDFE),339.4689,,,,,
Janki Devi Memorial College (W) Janki Devi Memorial College (W),B.A Program (Sanskrit + Music) B.A Program (Sanskrit + Philosophy),358.7715,,,,,
Janki Devi Memorial College (W),B.A Program (Sanskrit + Political Science),406.7387,,,,,
Janki Devi Memorial College (W),B.A Program (Economics + History),611.0193,459.7369,422.9604,475.5756,358.7847,
Janki Devi Memorial College (W),B.A Program (Economics + HDFE),642.5456,383.7013,334.2217,197.7705,394.354,
Janki Devi Memorial College (W),B.A Program (Economics + Mathematics),638.729,385.7357,213.8426,,343.6975,
Janki Devi Memorial College (W),B.A Program (Economics + Political Science),644.8257,531.9345,434.7762,339.7653,410.0665,
Janki Devi Memorial College (W),B.A Program (History + Music),524.3718,383.7424,247.0356,,342.1774,
Janki Devi Memorial College (W),B.A Program (History + Philosophy),586.8923,432.4277,394.3263,205.8325,420.4493,
Janki Devi Memorial College (W),B.A Program (History + Political Science),600.8141,450.4168,408.908,434.5059,328.1421,
Janki Devi Memorial College (W),B.A Program (Music + Political Science),566.4359,330.0303,364.7137,,,
Janki Devi Memorial College (W),B.A Program (Philosophy + Political Science),589.9363,419.5267,385.8347,86.1364,325.7463,
Janki Devi Memorial College (W),B.A Program (Human Development and Family Empowerment (HDFE) + Political Science),555.0105,371.7789,278.0945,227.7564,324.0158,
Janki Devi Memorial College (W),B.A Program (Human Development and Family Empowerment (HDFE) + Philosophy),575.4363,414.2355,332.5653,146.8991,335.7402,
Janki Devi Memorial College (W),B.A Program (Hindi + Political Science),551.4081,421.0558,383.5644,236.1144,310.5277,
Janki Devi Memorial College (W),B.A Program (English + Mathematics),608.0785,447.8095,354.958,,370.1292,
Janki Devi Memorial College (W),B.A Program (Economics + Music),609.7729,434.3494,361.739,173.4297,330.4863,
Janki Devi Memorial College (W),B.A Program (Economics + Philosophy),621.792,430.2459,345.3277,170.4504,407.6089,
Janki Devi Memorial College (W),B.A Program (Music + Philosophy),600.5783,438.9951,315.8493,278.1378,,
Jesus & Mary College (W),B.A. (Hons.) English,768.0632,,,,,462.6874
Jesus & Mary College (W),B.A. (Hons.) Economics,819.7963,,,,,610.737
Jesus & Mary College (W),B.A. (Hons.) Hindi,346.8613,,,,,
Jesus & Mary College (W),B.A. (Hons.) History,776.3297,,,,,315.2068
Jesus & Mary College (W),B.A. (Hons.) Political Science,835.8885,,,,,555.7927
Jesus & Mary College (W),B.A. (Hons.) Psychology,898.8038,,,,,619.5571
Jesus & Mary College (W),B.A. (Hons.) Sociology,764.1235,,,,,
Jesus & Mary College (W),B.Com,828.213,,,,,
Jesus & Mary College (W),B.Com (Hons.),848.5634,,,,,283.384
Jesus & Mary College (W),B.Sc (Hons.) Mathematics,661.8419,,,,,
Jesus & Mary College (W),Bachelor of Elementary Education (B.El.Ed.),673.7877,,,,,489.2927
Jesus & Mary College (W),B.Voc Retail Management and IT,662.4605,,,,,
Jesus & Mary College (W),B.Voc Health Care Management,653.9415,,,,,
Jesus & Mary College (W),B.A Program (English + French),626.732,,,,,
Jesus & Mary College (W),B.A Program (English + History),740.9459,,,,,
Jesus & Mary College (W),B.A Program (French + Philosophy),511.7053,,,,,
Jesus & Mary College (W),B.A Program (Spanish + History),496.4035,,,,,
Jesus & Mary College (W),"B.A Program (Spanish + Advertising, Sales Promotion and Sales Management (ASPSM))",490.9582,,,,,
Jesus & Mary College (W),B.A Program (Computer Applications + Mathematics),672.7991,,,,,
Jesus & Mary College (W),B.A Program (Economics + Mathematics),778.6876,,,,,
Jesus & Mary College (W),B.A Program (History + Political Science),770.3288,,,,,677.0389
Jesus & Mary College (W),B.A Program (Philosophy + Psychology),802.4319,,,,,
Jesus & Mary College (W),B.A Program (Psychology + Sociology),838.9097,,,,,463.4623
Jesus & Mary College (W),B.A Program (Political Science + Sociology),755.8054,,,,,376.5886
Jesus & Mary College (W),"B.A Program (Advertising, Sales Promotion and Sales Management (ASPSM) + Economics)",760.4925,,,,,634.6192
Jesus & Mary College (W),B.A Program (Computer Applications + Economics),743.1449,,,,,
Jesus & Mary College (W),B.A Program (Economics + Human Resource Management (HRM)),780.7972,,,,,
Jesus & Mary College (W),B.A Program (English + Sociology),721.9812,,,,,474.4824
Jesus & Mary College (W),B.A Program (English + Philosophy),720.6104,,,,,
Jesus & Mary College (W),B.A Program (Human Resource Management (HRM) + Psychology),822.2188,,,,,390.4815
Kalindi College (W),B.Sc (Hons.) Botany,505.6317,438.3382,357.5762,319.2959,433.4539,218.6085
Kalindi College (W),B.Sc (Hons.) Zoology,529.098,467.3471,392.9414,343.8114,445.8782,
Kalindi College (W),B.Com,701.0997,526.8668,411.7619,249.9861,571.0085,372.5269
Kalindi College (W),B.Com (Hons.),767.1446,615.5013,516.9104,401.8414,633.9569,
Kalindi College (W),B.A. (Hons.) Economics,670.791,385.92,271.9277,,401.1065,
Kalindi College (W),B.A. (Hons.) English,655.4886,501.7663,451.8738,384.537,468.9876,
Kalindi College (W),B.A. (Hons.) Hindi,225.0711,208.3716,159.691,,,
Kalindi College (W),B.A. (Hons.) History,630.6273,496.6273,444.504,361.5895,367.1027,
Kalindi College (W),B.A. (Hons.) Journalism,693.9491,528.584,485.7008,434.8118,520.0913,
Kalindi College (W),B.A. (Hons.) Political Science,661.6306,552.8287,470.2558,399.9568,436.3435,
Kalindi College (W),B.A. (Hons.) Sanskrit,217.5779,136.3049,,,,
Kalindi College (W),B.Sc (Prog.) Life Science,488.2558,413.0481,333.5849,270.6009,414.4795,
Kalindi College (W),B.Sc (Prog.) Physical Science with Computer Science/ Informatics Practices,287.2475,204.7505,105.3853,,227.7037,
Kalindi College (W),B.Sc (Hons.) Computer Science,592.8437,481.4264,400.3106,245.2913,515.7383,
Kalindi College (W),B.Sc (Hons.) Mathematics,545.7564,402.4823,296.148,,419.318,
Kalindi College (W),B.Sc (Hons.) Physics,326.691,251.2736,147.6708,89.1218,240.5239,
Kalindi College (W),B.A. (Hons.) Geography,669.7863,581.4527,473.6978,499.172,465.8949,
Kalindi College (W),B.Sc (Hons.) Chemistry,339.3693,268.254,170.8354,80.626,263.9638,
Kalindi College (W),B.A Program (Sanskrit + Buddhist Studies),257.6286,,,,,
Kalindi College (W),B.A Program (Sanskrit + History),144.8832,,,,,
Kalindi College (W),B.A Program (Sanskrit + Music),467.6458,,,,,
Kalindi College (W),B.A Program (Sanskrit + Political Science),257.254,,,,,
Kalindi College (W),B.A Program (Buddhist Studies + Music),567.2799,388.4508,396.9235,,,
Kalindi College (W),B.A Program (Buddhist Studies + History),606.0257,429.5498,477.9283,,342.7972,
Kalindi College (W),B.A Program (Buddhist Studies + Political Science),571.8641,446.9949,359.9571,364.0806,307.7312,
Kalindi College (W),B.A Program (Computer Applications + Economics),642.4065,431.0222,286.8814,,435.6441,
Kalindi College (W),B.A Program (Computer Applications + Entrepreneurship and Small Business (ESB)),590.1429,456.0634,392.99,326.0766,367.7064,
Kalindi College (W),B.A Program (Computer Applications + Geography),558.2867,438.4841,371.6439,361.0488,358.4885,
Kalindi College (W),B.A Program (Computer Applications + Mathematics),608.5212,432.4549,314.7578,,461.8049,
Kalindi College (W),B.A Program (Economics + Entrepreneurship and Small Business (ESB)),701.0254,491.6708,460.5246,281.6654,561.3846,
Kalindi College (W),B.A Program (Economics + Geography),615.7798,490.7552,390.2497,479.1321,402.6918,
Kalindi College (W),B.A Program (Economics + History),619.2075,447.1015,383.4894,279.2984,312.9867,
Kalindi College (W),B.A Program (Economics + Mathematics),661.4005,424.4143,268.2925,,369.9611,
Kalindi College (W),B.A Program (Economics + Political Science),618.7585,481.052,395.8386,383.6593,400.7295,
Kalindi College (W),B.A Program (Entrepreneurship and Small Business (ESB) + History),600.8424,404.5293,331.8211,,,
Kalindi College (W),B.A Program (Entrepreneurship and Small Business (ESB) + Geography),600.9551,456.7844,340.0124,,410.4178,
Kalindi College (W),B.A Program (Entrepreneurship and Small Business (ESB) + Mathematics),600.2673,371.0998,236.34,,290.7418,
Kalindi College (W),B.A Program (Entrepreneurship and Small Business (ESB) + Political Science),618.68,468.5689,346.9094,279.2409,367.7149,
Kalindi College (W),B.A Program (Geography + History),688.5215,577.8119,450.9818,535.8866,496.8871,
Kalindi College (W),B.A Program (Geography + Mathematics),570.3909,420.4184,414.7845,200.7373,306.8082,
Kalindi College (W),B.A Program (Geography + Political Science),673.2499,572.0872,456.4661,457.145,547.8541,
Kalindi College (W),B.A Program (History + Music),532.8263,329.2983,267.651,,,
Kalindi College (W),B.A Program (History + Political Science),653.1066,551.3566,444.5197,541.8879,431.3888,
Kalindi College (W),B.A Program (Music + Political Science),528.1841,344.0546,291.4393,332.0243,366.1236,
Kamala Nehru College (W),B.Com,782.9746,655.2902,536.5755,172.1772,699.4575,
Kamala Nehru College (W),B.Com (Hons.),816.175,713.5833,612.3171,515.4751,748.8435,
Kamala Nehru College (W),B.A. (Hons.) Journalism,754.3987,604.5257,521.9989,504.0213,614.7838,
Kamala Nehru College (W),B.A. (Hons.) English,742.6776,614.4547,546.0521,540.7259,626.9466,
Kamala Nehru College (W),B.A. (Hons.) Hindi,256.0316,227.1658,165.4158,251.8683,,
Kamala Nehru College (W),B.A. (Hons.) History,745.8455,646.1306,570.2342,574.1478,650.4732,
Kamala Nehru College (W),B.A. (Hons.) Economics,761.9537,507.8126,374.5621,,563.1501,
Kamala Nehru College (W),B.A. (Hons.) Political Science,767.2534,694.7196,602.0208,593.1197,677.2557,
Kamala Nehru College (W),B.A. (Hons.) Philosophy,680.451,480.3939,401.2525,336.2512,452.0901,
Kamala Nehru College (W),B.A. (Hons.) Psychology,859.2027,718.5964,701.6253,694.322,702.4703,491.5891
Kamala Nehru College (W),B.A. (Hons.) Geography,754.108,665.6786,566.6685,587.0589,652.3223,
Kamala Nehru College (W),B.Sc (Hons.) Mathematics,595.6613,451.4427,327.0215,185.2032,456.1543,
Kamala Nehru College (W),B.A. (Hons.) Sanskrit,216.6223,202.0704,196.4105,,157.339,
Kamala Nehru College (W),B.A. (Hons.) Sociology,728.3683,598.7036,529.2222,534.5238,577.7301,220.5381
Kamala Nehru College (W),"B.A Program (English + Advertising, Sales Promotion and Sales Management (ASPSM))",704.7038,559.9374,488.6113,404.7062,546.5976,
Kamala Nehru College (W),B.A Program (English + Psychology),798.079,648.7224,624.6395,633.265,634.9464,
Kamala Nehru College (W),B.A Program (Hindi + Sanskrit),454.0313,274.05,221.5549,,,
Kamala Nehru College (W),B.A Program (Sanskrit + Physical Education),289.8423,,,,,
Kamala Nehru College (W),"B.A Program (Advertising, Sales Promotion and Sales Management (ASPSM) + Economics)",742.7934,610.325,507.8172,421.3572,532.1171,
Kamala Nehru College (W),B.A Program (Economics + Mathematics),744.9179,556.9531,328.9926,,497.1723,
Kamala Nehru College (W),B.A Program (Economics + Sociology),747.5735,598.7579,526.0734,586.5912,536.9122,
Kamala Nehru College (W),B.A Program (Geography + History),731.8199,634.9212,548.7077,,631.9213,
Kamala Nehru College (W),B.A Program (Geography + Political Science),747.4969,665.7626,560.9765,610.4216,636.5446,
Kamala Nehru College (W),B.A Program (History + Physical Education),690.7361,556.7833,458.9945,,529.9516,
Kamala Nehru College (W),B.A Program (History + Political Science),760.2238,639.8492,575.7721,557.3588,685.739,
Kamala Nehru College (W),B.A Program (Human Resource Management (HRM) + Physical Education),644.0078,485.8077,416.6258,347.8999,476.7667,202.8029
Kamala Nehru College (W),B.A Program (Mathematics + Philosophy),632.2068,364.3001,311.5765,,339.9292,
Kamala Nehru College (W),B.A Program (Philosophy + Sociology),691.2141,553.9418,524.6426,446.6159,521.5493,
Kamala Nehru College (W),B.A Program (Psychology + Sociology),831.4544,694.5681,623.0544,567.6105,606.7338,
Kamala Nehru College (W),"B.A Program (Advertising, Sales Promotion and Sales Management (ASPSM) + Psychology)",783.8856,616.9815,582.5579,417.4526,596.7589,
Kamala Nehru College (W),B.A Program (Human Resource Management (HRM) + English),743.754,628.3644,494.8855,,,
Kamala Nehru College (W),B.A Program (Entrepreneurship and Small Business (ESB) + Political Science),690.4848,567.7336,526.0332,,,
Kamala Nehru College (W),B.A Program (Hindi + Entrepreneurship and Small Business (ESB)),582.5728,422.0034,415.5739,411.8587,389.2685,
Keshav Mahavidyalaya,B.A. (Hons.) Psychology,814.2109,636.8723,617.1864,562.6239,643.1623,423.8833
Keshav Mahavidyalaya,B.Com (Hons.),779.2017,627.9464,528.1171,194.516,667.9765,350.6247
Keshav Mahavidyalaya,B.Sc (Prog.) Mathematical Sciences,504.6426,368.023,252.4823,,354.0291,
Keshav Mahavidyalaya,B.Sc (Hons.) Computer Science,625.6445,510.1015,414.6985,290.0443,531.4212,276.5262
Keshav Mahavidyalaya,B.Sc (Hons.) Electronics,320.2562,230.2863,153.746,,242.6352,
Keshav Mahavidyalaya,B.Sc (Hons.) Mathematics,572.4157,423.2785,315.9802,112.8557,434.3581,
Keshav Mahavidyalaya,B.Sc (Hons.) Physics,343.6928,260.6563,180.8439,78.8744,274.7207,
Keshav Mahavidyalaya,B.Sc (Prog.) Physical Science with Computer Science/ Informatics Practices,307.1003,224.116,159.6385,129.9271,226.96,
Keshav Mahavidyalaya,Bachelor of Management Studies (BMS),513.6978,394.3037,337.4816,162.6493,438.7939,228.0024
Kirori Mal College,B.A. (Hons.) Economics,850.1627,690.6819,627.3429,455.6472,755.7435,303.6639
Kirori Mal College,B.A. (Hons.) English,840.7874,746.9694,694.2663,705.257,763.7421,532.3519
Kirori Mal College,B.A. (Hons.) Geography,868.4535,826.7354,764.0036,766.051,829.2975,661.0065
Kirori Mal College,B.A. (Hons.) Hindi,596.8538,487.9126,478.7242,251.3276,418.2268,257.724
Kirori Mal College,B.A. (Hons.) History,854.4787,808.2798,764.6388,753.5584,830.8191,602.0971
Kirori Mal College,B.A. (Hons.) Political Science,909.6912,866.7369,813.4214,836.6004,885.7829,772.9598
Kirori Mal College,B.A. (Hons.) Sanskrit,201.7525,422.0364,354.2251,,395.3727,
Kirori Mal College,B.A. (Hons.) Urdu,447.5626,249.0758,233.6333,325.9092,309.0801,
Kirori Mal College,B.Com (Hons.),897.1729,821.5406,758.3565,701.3725,856.3629,638.6319
Kirori Mal College,B.Com,883.9989,807.9333,739.7955,660.2453,842.4723,618.6247
Kirori Mal College,B.Sc Applied Physical Sciences with Analytical Methods in Chemistry & Biochemistry,350.0055,303.0252,215.3725,105.7871,318.2479,
Kirori Mal College,B.Sc (Hons.) Botany,602.7911,554.8786,468.6303,447.4264,565.2303,145.0972
Kirori Mal College,B.Sc (Hons.) Chemistry,457.967,401.9275,285.8563,167.7921,402.3801,261.1798
Kirori Mal College,B.Sc (Prog.) Life Science,618.0851,554.6743,477.0583,431.1756,579.314,271.4045
Kirori Mal College,B.Sc (Hons.) Mathematics,764.0144,626.8245,525.1991,419.6873,630.593,237.5114
Kirori Mal College,B.Sc (Prog.) Physical Science with Computer Science/ Informatics Practices,451.0802,387.8731,287.3321,185.1902,412.907,
Kirori Mal College,B.Sc (Prog.) Physical Science with Chemistry,373.4372,324.8137,234.481,98.2892,325.6878,
Kirori Mal College,B.Sc (Hons.) Physics,483.5782,415.0379,302.829,173.0006,422.6019,
Kirori Mal College,B.Sc (Hons.) Statistics,822.7589,647.5288,567.84,423.2365,714.6182,449.6301
Kirori Mal College,B.Sc (Hons.) Zoology,634.9976,597.7841,523.704,459.4104,597.288,310.4435
Kirori Mal College,B.A Program (Bengali + History),611.6019,522.3303,,,327.9037,
Kirori Mal College,B.A Program (Bengali + Political Science),649.4288,414.9205,445.4209,,418.041,
Kirori Mal College,B.A Program (English + Political Science),858.5119,814.2581,746.327,741.4165,805.0117,678.6645
Kirori Mal College,B.A Program (Hindi + Political Science),829.1274,788.1967,716.5236,688.4357,792.617,750.6672
Kirori Mal College,B.A Program (Economics + History),841.9249,809.831,700.4161,696.2327,792.1061,530.8839
Kirori Mal College,B.A Program (Economics + Philosophy),840.4083,769.589,686.3266,644.0916,807.7269,
Kirori Mal College,B.A Program (Economics + Political Science),859.1346,815.8727,717.6594,780.0014,828.7284,585.9129
Kirori Mal College,B.A Program (History + Philosophy),823.0148,764.3082,699.0939,711.9792,786.1974,
Kirori Mal College,B.A Program (History + Political Science),873.3054,843.0098,784.5884,759.7393,827.5133,714.2812
Kirori Mal College,B.A Program (Philosophy + Political Science),845.2145,793.3415,712.5898,668.5192,780.6097,
Lady Irwin College (W),B.Sc (Hons.) Home Science,433.2669,356.3381,282.0594,246.4418,325.7021,
Lady Irwin College (W),B.Sc (Pass) Home Science,564.4714,412.8038,346.5498,273.6537,339.6489,198.2277
Lady Irwin College (W),B.Sc (Hons.) Food Technology,546.9591,469.743,422.0408,333.7805,479.1026,257.5382
Lady Shri Ram College for Women (W),B.Com (Hons.),906.3746,831.8215,764.7983,707.2918,861.8201,700.891
Lady Shri Ram College for Women (W),B.A. (Hons.) Economics,874.3926,712.531,630.8835,511.178,760.0962,476.5295
Lady Shri Ram College for Women (W),B.A. (Hons.) English,856.5832,726.9543,677.5403,679.2066,761.4325,398.3413
Lady Shri Ram College for Women (W),B.A. (Hons.) Hindi,579.0456,434.7411,375.7557,302.3337,221.9795,
Lady Shri Ram College for Women (W),B.A. (Hons.) History,867.7909,809.2446,725.0249,737.9884,801.3766,376.6713
Lady Shri Ram College for Women (W),B.A. (Hons.) Philosophy,793.7797,670.1573,609.4742,566.9584,701.6373,
Lady Shri Ram College for Women (W),B.A. (Hons.) Political Science,915.6987,859.2672,793.9561,807.7921,849.9367,685.8123
Lady Shri Ram College for Women (W),B.A. (Hons.) Psychology,926.5327,833.8149,831.5066,780.9786,855.0936,751.8151
Lady Shri Ram College for Women (W),B.A. (Hons.) Sanskrit,281.4333,159.0869,195.4836,,314.0378,
Lady Shri Ram College for Women (W),B.A. (Hons.) Sociology,849.9607,758.2545,667.3945,671.8835,737.7394,563.5923
Lady Shri Ram College for Women (W),B.A. (Hons.) Journalism,876.7871,751.442,719.1981,650.05,772.7958,759.0818
Lady Shri Ram College for Women (W),B.Sc (Hons.) Mathematics,779.2426,578.4887,486.0982,407.9939,613.9616,145.0113
Lady Shri Ram College for Women (W),B.Sc (Hons.) Statistics,827.7201,660.102,569.4166,370.7684,674.2398,191.9676
Lady Shri Ram College for Women (W),Bachelor of Elementary Education (B.El.Ed.),733.3989,622.1555,618.394,535.4386,605.0992,490.4452
Lady Shri Ram College for Women (W),B.A Program (Computer Applications + Economics),863.6425,678.5755,631.8728,668.2614,800.4055,
Lady Shri Ram College for Women (W),B.A Program (Computer Applications + Mathematics),830.4532,654.1828,631.6453,437.8691,724.2119,
Lady Shri Ram College for Women (W),B.A Program (Economics + History),883.1681,768.5016,732.3124,842.8952,798.8131,
Lady Shri Ram College for Women (W),B.A Program (Economics + Mathematics),890.3354,745.904,628.7051,575.2928,844.147,
Lady Shri Ram College for Women (W),B.A Program (Economics + Political Science),897.1966,826.0075,790.6565,676.1894,840.4612,742.0556
Lady Shri Ram College for Women (W),B.A Program (History + Political Science),888.2543,852.4819,788.9986,731.2677,813.2976,729.5965
Lady Shri Ram College for Women (W),B.A Program (History + Sociology),846.7562,777.6404,669.9931,692.9589,761.8608,660.2885
Lady Shri Ram College for Women (W),B.A Program (Political Science + Psychology),886.1885,819.2464,754.4676,700.3394,872.2056,
Lady Shri Ram College for Women (W),B.A Program (Psychology + Sociology),874.822,744.426,740.6059,732.2907,852.7596,625.7067
Lakshmibai College (W),B.A. (Hons.) Economics,677.566,383.1322,279.5877,278.0751,389.7344,
Lakshmibai College (W),B.A. (Hons.) English,649.7136,484.9298,474.3447,428.4437,462.5248,
Lakshmibai College (W),B.A. (Hons.) Hindi,227.256,181.1121,189.9124,,,
Lakshmibai College (W),B.A. (Hons.) History,628.4678,484.1501,427.5746,352.2728,334.285,
Lakshmibai College (W),B.Sc (Hons.) Mathematics,509.4876,379.6001,252.1959,95.3113,384.2044,
Lakshmibai College (W),B.A. (Hons.) Philosophy,572.6796,391.1852,344.8833,208.9482,354.4055,
Lakshmibai College (W),B.A. (Hons.) Political Science,668.8525,536.0051,504.3303,424.5815,433.053,465.9318
Lakshmibai College (W),B.A. (Hons.) Sanskrit,178.4412,,,,,
Lakshmibai College (W),B.Com,702.7311,522.4337,402.6665,400.6614,582.5131,
Lakshmibai College (W),B.A. (Hons.) Business Economics,409.012,263.4953,182.2538,,280.6213,
Lakshmibai College (W),B.Com (Hons.),751.871,594.0736,506.7781,185.6312,624.1513,
Lakshmibai College (W),B.A Program (English + Economics),643.9949,461.388,416.2165,356.8352,473.6037,
Lakshmibai College (W),B.A Program (Hindi + History),515.5862,377.4901,362.2987,206.9811,205.057,236.7414
Lakshmibai College (W),B.A Program (Punjabi + Political Science),181.6095,,,,,
Lakshmibai College (W),"B.A Program (Advertising, Sales Promotion and Sales Management (ASPSM) + Economics)",648.9659,455.2965,376.7396,271.9253,444.9731,
Lakshmibai College (W),B.A Program (Food Technology (FT) + Political Science),548.8977,384.1783,335.8686,364.0227,447.631,
Lakshmibai College (W),B.A Program (History + Music),460.4561,237.5966,219.7271,285.3605,,
Lakshmibai College (W),B.A Program (History + Political Science),593.6743,445.1455,408.5098,347.7627,336.2834,
Lakshmibai College (W),B.A Program (Philosophy + Political Science),562.8588,378.8888,327.1319,221.3925,192.404,
Lakshmibai College (W),B.A Program (Philosophy + Sociology),579.721,418.0015,351.8418,152.7069,251.3358,
Lakshmibai College (W),B.A Program (Computer Applications + Economics),609.3623,352.4015,261.9698,,373.0196,
Lakshmibai College (W),"B.A Program (Advertising, Sales Promotion and Sales Management (ASPSM) + Psychology)",720.0438,524.4736,449.2833,422.6995,540.1406,
Lakshmibai College (W),B.A Program (Physical Education + Psychology),680.0607,497.2485,483.3296,418.3323,491.7814,602.855
Lakshmibai College (W),B.A. (Hons.) Sociology,627.9623,465.719,397.1053,400.7006,382.2246,
Lakshmibai College (W),B.A. (Hons.) Psychology,789.5719,607.7721,584.0725,512.5667,557.181,377.214
Lakshmibai College (W),B.Sc (Hons.) Home Science,405.8245,325.2952,251.4923,208.2896,309.2614,
Lakshmibai College (W),B.A Program (Computer Applications + Mathematics),566.3204,398.3966,325.5413,,426.8649,
Lakshmibai College (W),B.A Program (Apparel Design & Construction + Philosophy),585.2576,398.4014,382.6752,328.3497,415.4926,377.7307
Lakshmibai College (W),B.A Program (Sanskrit + Sociology),182.9796,,,,,
Maharaja Agrasen College,B.A. (Hons.) English,677.5552,533.4881,483.0463,438.2593,506.0722,
Maharaja Agrasen College,B.A. (Hons.) Hindi,356.3157,116.6343,170.752,,,
Maharaja Agrasen College,B.A. (Hons.) Journalism,718.6485,577.6672,526.8878,444.9888,602.9682,313.0296
Maharaja Agrasen College,B.A. (Hons.) Political Science,715.9763,606.3946,554.1912,509.1756,599.4462,284.8823
Maharaja Agrasen College,B.Com (Hons.),767.6617,622.6639,532.9159,281.5575,664.1757,246.5759
Maharaja Agrasen College,B.Sc (Prog.) Mathematical Sciences,500.2469,357.6764,270.2211,,351.4981,
Maharaja Agrasen College,B.Sc (Hons.) Electronics,320.6962,231.6273,152.1903,55.7472,256.5559,
Maharaja Agrasen College,B.Sc (Prog.) Physical Science with Computer Science/ Informatics Practices,334.7714,241.9026,156.398,146.5943,246.6156,
Maharaja Agrasen College,B.Sc (Prog.) Physical Science with Chemistry,282.6301,224.6573,130.5539,88.012,210.302,
Maharaja Agrasen College,B.A. (Hons.) Business Economics,436.456,293.4418,222.1615,214.1373,311.0384,
Maharaja Agrasen College,B.A Program (English + Economics),700.6719,589.5147,535.474,541.0631,535.4898,
Maharaja Agrasen College,B.A Program (English + History),661.9265,560.7481,540.3797,512.4184,514.3936,238.7666
Maharaja Agrasen College,B.A Program (English + Mathematics),644.9054,486.8801,396.5362,222.1426,562.117,
Maharaja Agrasen College,B.A Program (Hindi + Economics),586.2269,460.9057,418.182,213.8409,382.276,470.6643
Maharaja Agrasen College,B.A Program (Hindi + History),561.7347,450.1944,397.8475,260.2986,478.6436,
Maharaja Agrasen College,B.A Program (Hindi + Mathematics),523.6478,414.1955,345.3883,,351.3684,
Maharaja Agrasen College,B.A Program (Hindi + Political Science),572.8084,458.0445,500.7322,244.1821,424.3773,
Maharaja Agrasen College,B.A Program (Economics + OMSP),663.1311,476.9724,421.3012,202.4911,467.3636,
Maharaja Agrasen College,B.A Program (History + OMSP),589.9564,438.2264,414.4845,301.3071,457.6694,
Maharaja Agrasen College,B.A Program (Mathematics + OMSP),609.7525,398.4423,284.6468,,327.8986,
Maharaja Agrasen College,B.A Program (Office Management & Secretarial Practice (OMSP) + Political Science),616.3883,519.752,419.3996,250.491,433.4299,
Maharaja Agrasen College,B.A Program (English + Political Science),691.0075,617.8146,578.1025,492.4377,524.4446,256.5074
Maharaja Agrasen College,B.A Program (Computer Applications + Economics),695.0417,510.0343,433.7941,401.1615,500.322,
Maharaja Agrasen College,B.A Program (Computer Applications + History),588.676,473.3027,359.5735,251.3535,390.7766,
Maharaja Agrasen College,B.A Program (Computer Applications + Mathematics),671.9132,488.4046,472.8092,246.8779,479.2039,
Maharaja Agrasen College,B.A Program (Computer Applications + Political Science),605.2781,470.8996,385.8312,410.16,456.0838,
Maitreyi College (W),B.A. (Hons.) Economics,767.1978,535.4201,412.0863,,579.4586,
Maitreyi College (W),B.A. (Hons.) English,747.4855,621.1514,569.2865,565.3737,599.6081,451.7691
Maitreyi College (W),B.A. (Hons.) Hindi,297.6996,157.6874,167.0905,,,
Maitreyi College (W),B.A. (Hons.) History,752.4335,659.1724,588.5378,563.8914,677.3934,321.4116
Maitreyi College (W),B.A. (Hons.) Political Science,773.2531,695.818,606.6182,580.0109,707.0519,339.4505
Maitreyi College (W),B.A. (Hons.) Sanskrit,294.6983,152.7935,197.8322,,,
Maitreyi College (W),B.A. (Hons.) Sociology,726.5531,605.5299,525.7009,555.7178,574.1565,395.0015
Maitreyi College (W),B.Com,787.0529,661.5314,553.2018,355.7437,714.3653,
Maitreyi College (W),B.Com (Hons.),823.6444,717.665,610.4923,508.2151,744.4142,
Maitreyi College (W),B.Sc (Prog.) Life Science,513.8353,428.7978,350.1003,299.2653,446.209,
Maitreyi College (W),B.Sc (Prog.) Physical Science with Computer Science/ Informatics Practices,339.7561,266.4239,176.0427,,285.2406,
Maitreyi College (W),B.Sc (Prog.) Physical Science with Chemistry,293.412,222.1534,124.4398,,238.472,
Maitreyi College (W),B.Sc (Hons.) Botany,527.309,451.8509,382.3731,333.2729,468.9697,
Maitreyi College (W),B.Sc (Hons.) Chemistry,383.7505,311.1395,205.6944,87.813,326.2529,
Maitreyi College (W),B.Sc (Hons.) Mathematics,624.0055,473.8061,351.6977,112.2853,478.5379,
Maitreyi College (W),B.Sc (Hons.) Physics,372.959,289.8872,196.8757,63.9625,323.2733,
Maitreyi College (W),B.Sc (Hons.) Zoology,558.6339,497.1033,428.4058,389.1949,499.446,
Maitreyi College (W),B.A Program (English + Economics),766.3858,636.0526,545.7416,559.0033,659.3555,
Maitreyi College (W),B.A Program (English + Sociology),711.1038,590.8649,517.2628,543.9312,579.4121,
Maitreyi College (W),B.A Program (Hindi + History),637.6535,516.1137,454.3995,381.7824,507.7512,
Maitreyi College (W),B.A Program (Hindi + Political Science),632.1053,503.4361,469.4641,361.7188,474.146,
Maitreyi College (W),B.A Program (Punjabi + History),336.045,,,,,
Maitreyi College (W),B.A Program (Punjabi + Political Science),446.6827,341.3057,,,,
Maitreyi College (W),B.A Program (Sanskrit + History),490.4692,288.4454,91.0715,,,
Maitreyi College (W),B.A Program (Sanskrit + Political Science),461.1632,265.3628,212.726,,172.4638,
Maitreyi College (W),B.A Program (Computer Applications + Economics),724.9632,496.6913,398.2435,224.8602,475.0725,
Maitreyi College (W),B.A Program (Computer Applications + Mathematics),648.7006,464.2021,382.5101,480.5006,502.8098,
Maitreyi College (W),B.A Program (Economics + Mathematics),749.7483,574.765,373.2219,296.2709,598.3493,
Maitreyi College (W),B.A Program (History + Political Science),745.0146,656.8972,567.7039,568.6386,685.0164,
Maitreyi College (W),B.A Program (Political Science + Sociology),725.327,626.9383,544.5174,559.1727,588.5274,
Mata Sundri College for Women (W),B.A. (Hons.) English,658.4054,,,,,366.0196
Mata Sundri College for Women (W),B.A. (Hons.) Hindi,65.3899,,,,,
Mata Sundri College for Women (W),B.A. (Hons.) History,619.3411,,,,,
Mata Sundri College for Women (W),B.A. (Hons.) Philosophy,570.4856,,,,,
Mata Sundri College for Women (W),B.A. (Hons.) Political Science,651.125,,,,,
Mata Sundri College for Women (W),B.A. (Hons.) Psychology,770.6324,,,,,507.6042
Mata Sundri College for Women (W),B.A. (Hons.) Punjabi,391.2142,,,,,
Mata Sundri College for Women (W),B.A. (Hons.) Sanskrit,204.9171,,,,,
Mata Sundri College for Women (W),B.Com,670.8666,,,,,
Mata Sundri College for Women (W),B.Com (Hons.),708.1583,,,,,
Mata Sundri College for Women (W),B.Sc (Hons.) Mathematics,488.6641,,,,,
Mata Sundri College for Women (W),B.Sc (Hons.) Computer Science,574.0606,,,,,
Mata Sundri College for Women (W),B.Sc (Hons.) Statistics,630.54,,,,,
Mata Sundri College for Women (W),Bachelor of Elementary Education (B.El.Ed.),622.1473,,,,,226.6332
Mata Sundri College for Women (W),B.A Program (Punjabi + Political Science),221.648,,,,,
Mata Sundri College for Women (W),B.A Program (Economics + History),597.9059,,,,,444.6976
Mata Sundri College for Women (W),B.A Program (Economics + Mathematics),613.5265,,,,,
Mata Sundri College for Women (W),B.A Program (Economics + Political Science),604.7543,,,,,
Mata Sundri College for Women (W),B.A Program (Economics + Psychology),727.8108,,,,,
Mata Sundri College for Women (W),B.A Program (History + Political Science),600.4024,,,,,
Mata Sundri College for Women (W),B.A Program (Music + Political Science),486.3325,,,,,
Mata Sundri College for Women (W),B.A Program (Philosophy + Political Science),587.7623,,,,,
Mata Sundri College for Women (W),B.A Program (Philosophy + Psychology),740.318,,,,,356.0895
Mata Sundri College for Women (W),B.A Program (Computer Applications + Mathematics),575.4441,,,,,
Mata Sundri College for Women (W),B.A Program (Office Management & Secretarial Practice (OMSP) + English),611.4224,,,,,
Mata Sundri College for Women (W),B.A Program (Economics + Entrepreneurship and Small Business (ESB)),639.7262,,,,,
Mata Sundri College for Women (W),B.A Program (Computer Applications + Entrepreneurship and Small Business (ESB)),593.3476,,,,,
Mata Sundri College for Women (W),B.A Program (English + History),625.0988,,,,,
Mata Sundri College for Women (W),B.A Program (English + Political Science),658.4909,,,,,264.7088
Miranda House (W),B.A. (Hons.) English,863.025,765.6633,718.4189,681.5788,781.1165,447.3165
Miranda House (W),B.A. (Hons.) Hindi,601.9995,463.6138,399.0133,166.115,400.4698,203.3089
Miranda House (W),B.A. (Hons.) Economics,850.3075,701.842,615.8663,467.2381,734.8932,
Miranda House (W),B.A. (Hons.) History,894.636,849.2887,780.1007,796.6526,839.1443,692.1138
Miranda House (W),B.A. (Hons.) Philosophy,798.1591,687.8294,602.2882,579.084,687.2118,
Miranda House (W),B.A. (Hons.) Sanskrit,259.6525,196.0928,173.663,,369.7721,
Miranda House (W),B.A. (Hons.) Geography,889.0622,839.5556,770.8906,776.0993,845.136,422.9429
Miranda House (W),B.A. (Hons.) Sociology,841.5004,772.2366,666.6372,682.2406,747.6105,423.7316
Miranda House (W),B.A. (Hons.) Political Science,925.9798,889.1425,838.2605,838.0721,878.3144,786.2422
Miranda House (W),B.A. (Hons.) Bengali,432.8688,297.7824,250.6816,,258.6602,
Miranda House (W),B.Sc (Prog.) Life Science,639.7115,586.6482,526.1096,466.617,594.9923,472.9436
Miranda House (W),B.Sc (Prog.) Physical Science with Computer Science/ Informatics Practices,451.3775,370.4005,275.7633,177.2526,421.6136,220.3177
Miranda House (W),B.Sc (Hons.) Physics,503.6651,407.0818,284.1409,176.4536,419.6119,154.8742
Miranda House (W),B.Sc (Hons.) Chemistry,495.3115,421.6024,315.021,185.4234,447.2007,
Miranda House (W),B.Sc (Hons.) Botany,634.1644,587.0938,508.2206,492.0611,595.4846,222.6936
Miranda House (W),B.Sc (Hons.) Zoology,660.6505,617.2387,556.2598,492.1294,611.9339,347.0432
Miranda House (W),B.Sc (Hons.) Mathematics,758.1397,619.3055,507.8695,484.1802,623.2494,201.461
Miranda House (W),Bachelor of Elementary Education (B.El.Ed.),738.2829,624.9173,637.7238,483.7606,613.3254,591.0897
Miranda House (W),B.A Program (Bengali + Political Science),587.35,337.1872,,,,
Miranda House (W),B.A Program (English + Economics),869.1902,773.0482,707.0744,,838.5306,
Miranda House (W),B.A Program (English + History),855.0829,768.0608,783.0765,,725.4023,
Miranda House (W),B.A Program (English + Political Science),883.9187,778.6865,723.7838,,805.0365,
Miranda House (W),B.A Program (Hindi + History),807.0482,706.9155,703.479,,718.6853,
Miranda House (W),B.A Program (Hindi + Political Science),849.6133,734.4263,710.526,,724.376,
Miranda House (W),B.A Program (Sanskrit + Geography),690.0385,623.6965,,,,
Miranda House (W),B.A Program (Sanskrit + History),729.4044,559.1566,,,,
Miranda House (W),B.A Program (Sanskrit + Political Science),759.6677,579.04,424.5195,277.73,602.0478,
Miranda House (W),B.A Program (Economics + Geography),845.5313,810.5763,809.9537,673.3624,727.5281,
Miranda House (W),B.A Program (Economics + History),861.0645,789.5972,752.1374,683.5792,787.0083,
Miranda House (W),B.A Program (Economics + Mathematics),855.9451,683.6677,582.5125,570.0554,747.689,261.2174
Miranda House (W),B.A Program (Economics + Political Science),885.5354,809.118,777.7647,668.452,807.9039,566.4461
Miranda House (W),B.A Program (Geography + History),851.9309,814.0251,751.7708,731.901,799.9501,
Miranda House (W),B.A Program (Geography + Mathematics),794.1891,661.2631,,,,
Miranda House (W),B.A Program (Geography + Political Science),907.935,839.7823,787.984,799.2279,814.6461,341.556
Miranda House (W),B.A Program (History + Philosophy),830.2482,763.726,664.6303,,819.618,
Miranda House (W),B.A Program (History + Physical Education),768.5469,698.7218,659.0835,560.655,667.1942,
Miranda House (W),B.A Program (History + Political Science),891.7178,832.0572,815.8057,751.8291,825.4809,723.2889
Miranda House (W),B.A Program (History + Sociology),839.9481,806.2752,727.5739,,733.4081,
Miranda House (W),B.A Program (Philosophy + Political Science),856.6182,799.0815,675.6948,699.2925,732.5908,297.8065
Miranda House (W),B.A Program (Physical Education + Political Science),790.9846,732.0408,661.1935,728.8645,678.1385,
Miranda House (W),B.A Program (Political Science + Sociology),880.2454,840.9261,733.5412,,797.8831,
Miranda House (W),B.A Program (Tamil + Political Science),665.843,537.8416,485.8402,,,
Miranda House (W),B.A Program (Punjabi + History),706.6911,564.9651,618.0191,,401.2813,
Miranda House (W),B.A Program (Bengali + Geography),585.783,,,,,
Miranda House (W),B.A Program (English + Philosophy),812.7263,772.4693,672.3976,,,
Miranda House (W),B.A Program (Geography + English),841.1065,780.7318,,,,
Miranda House (W),B.A Program (Geography + Sociology),839.8736,794.9899,717.5576,,762.5165,
Motilal Nehru College,B.Com,778.8529,660.3047,547.6436,387.5547,703.8774,606.0299
Motilal Nehru College,B.Com (Hons.),803.5607,702.7728,607.9001,462.4006,739.2853,
Motilal Nehru College,B.Sc (Prog.) Physical Science with Chemistry,273.6938,215.4503,121.5671,,198.9843,
Motilal Nehru College,B.Sc (Prog.) Physical Science with Computer Science/ Informatics Practices,333.8697,259.1055,179.6915,97.6025,245.4368,
Motilal Nehru College,B.Sc (Hons.) Physics,370.839,305.9529,209.0015,155.536,285.1365,
Motilal Nehru College,B.Sc (Hons.) Mathematics,569.8105,450.7637,346.0615,114.6487,447.4253,
Motilal Nehru College,B.A. (Hons.) English,710.365,602.6987,547.627,517.3425,544.62,234.084
Motilal Nehru College,B.A. (Hons.) Hindi,358.6353,288.1773,272.7583,,276.4983,
Motilal Nehru College,B.A. (Hons.) Economics,755.7216,544.6521,455.5373,155.354,567.0058,
Motilal Nehru College,B.A. (Hons.) Political Science,767.2351,704.1472,637.8647,621.1307,680.2983,304.7433
Motilal Nehru College,B.A. (Hons.) History,743.2057,635.5552,569.6638,517.5552,603.1718,174.0422
Motilal Nehru College,B.A. (Hons.) Sanskrit,340.7966,221.384,163.2758,,159.2618,
Motilal Nehru College,B.Sc (Hons.) Chemistry,374.5099,316.367,229.3072,28.6136,312.0978,
Motilal Nehru College,B.A Program (English + Political Science),710.8884,619.5534,606.5085,562.0866,560.0819,233.5883
Motilal Nehru College,B.A Program (English + History),687.3884,581.3136,536.3073,483.2193,564.773,
Motilal Nehru College,B.A Program (English + Mathematics),675.5966,495.9831,358.8414,340.4173,487.5453,
Motilal Nehru College,B.A Program (History + Political Science),678.3111,576.4219,487.6171,520.973,543.3079,182.9848
Motilal Nehru College,B.A Program (Economics + Political Science),697.3358,575.6022,483.9246,493.8628,588.0926,
Motilal Nehru College,B.A Program (Economics + History),675.2856,544.9962,481.5242,450.4681,528.9059,119.5372
Motilal Nehru College,B.A Program (Economics + Mathematics),708.2394,475.2184,309.3104,219.78,569.1224,
Motilal Nehru College,B.A Program (English + Economics),741.7882,596.6933,516.472,511.3648,629.7302,
Motilal Nehru College,B.A Program (Hindi + Political Science),606.5293,513.4451,441.9812,312.7211,451.8516,225.5033
Motilal Nehru College,B.A Program (Hindi + History),587.229,497.4785,428.5369,272.5347,439.7599,
Motilal Nehru College,B.A Program (Sanskrit + Political Science),446.2589,244.9661,208.9459,,270.5215,
Motilal Nehru College,B.A Program (Sanskrit + History),394.0663,145.9232,134.4005,,,
Motilal Nehru College (Evening),B.A. (Hons.) English,608.1221,459.4039,425.5316,406.3504,429.2086,
Motilal Nehru College (Evening),B.A. (Hons.) Hindi,295.3951,151.0974,114.7384,183.142,,
Motilal Nehru College (Evening),B.A. (Hons.) History,570.6828,433.3477,394.0036,341.0173,348.4558,
Motilal Nehru College (Evening),B.A. (Hons.) Political Science,611.6361,490.4792,440.6922,445.9012,386.4075,302.7135
Motilal Nehru College (Evening),B.Com,686.6348,534.1292,434.9295,174.651,564.8345,
Motilal Nehru College (Evening),B.Com (Hons.),717.2619,577.1004,474.2477,102.9894,625.5352,
Motilal Nehru College (Evening),B.A Program (English + Economics),623.9413,442.1439,348.8512,286.9677,446.9241,
Motilal Nehru College (Evening),B.A Program (English + History),574.7847,448.5765,397.3694,404.2261,341.4839,
Motilal Nehru College (Evening),B.A Program (English + Mathematics),573.8389,418.7337,307.8189,216.4524,386.5057,
Motilal Nehru College (Evening),B.A Program (English + Political Science),560.6288,409.7936,373.2464,363.2105,334.0757,
Motilal Nehru College (Evening),B.A Program (Hindi + History),520.0105,388.3604,377.0274,163.5823,323.9702,
Motilal Nehru College (Evening),B.A Program (Hindi + Physical Education),519.5979,399.4593,378.9823,245.314,257.6304,310.3328
Motilal Nehru College (Evening),B.A Program (Hindi + Political Science),521.268,385.4548,365.3344,514.3221,313.0985,
Motilal Nehru College (Evening),B.A Program (Economics + Mathematics),608.1946,389.9734,223.9699,,333.5561,
Motilal Nehru College (Evening),B.A Program (Economics + Political Science),569.2042,399.166,343.6275,256.8105,346.2562,
Motilal Nehru College (Evening),B.A Program (History + Political Science),546.5435,400.5753,354.9534,328.4204,307.9213,231.1719
Motilal Nehru College (Evening),B.A Program (Physical Education + Political Science),561.8691,423.4512,428.8464,,350.5597,
Motilal Nehru College (Evening),B.A Program (Sanskrit + Political Science),294.4737,155.414,185.7009,,,
Motilal Nehru College (Evening),B.A Program (Sanskrit + History),282.867,113.026,,,,
Motilal Nehru College (Evening),B.A Program (Economics + History),573.026,434.817,380.0883,377.3622,442.3297,
P.G.D.A.V. College,B.A. (Hons.) Economics,710.2343,447.4275,337.4542,,458.3165,
P.G.D.A.V. College,B.A. (Hons.) English,646.679,482.7097,453.5089,422.4806,457.7251,278.4578
P.G.D.A.V. College,B.A. (Hons.) Hindi,295.4819,87.0203,102.4173,,248.7981,261.4782
P.G.D.A.V. College,B.A. (Hons.) History,636.3372,503.8675,454.2999,442.9155,454.9117,310.17
P.G.D.A.V. College,B.A. (Hons.) Political Science,675.8386,580.6595,512.2613,493.3627,508.3047,248.2978
P.G.D.A.V. College,B.A. (Hons.) Sanskrit,368.5883,201.7037,288.3764,,177.7341,
P.G.D.A.V. College,B.Com,713.7304,554.3628,468.7877,195.183,593.1945,
P.G.D.A.V. College,B.Com (Hons.),756.9942,615.4695,523.965,259.2288,653.7327,576.2146
P.G.D.A.V. College,B.Sc (Hons.) Computer Science,604.9919,502.6632,410.0737,294.1281,525.3332,
P.G.D.A.V. College,B.Sc (Hons.) Mathematics,549.7329,429.9711,304.7384,303.0248,435.6666,
P.G.D.A.V. College,B.Sc (Hons.) Statistics,688.1529,482.7944,378.5397,176.9696,517.7683,
P.G.D.A.V. College,B.Sc (Prog.) Mathematical Sciences,491.8817,358.5148,258.7864,322.7048,334.2621,
P.G.D.A.V. College,B.A Program (English + History),634.7905,513.355,516.8691,470.5471,454.7117,
P.G.D.A.V. College,B.A Program (English + Political Science),645.5576,529.432,513.9791,488.7915,541.2821,153.8024
P.G.D.A.V. College,B.A Program (Hindi + History),571.6215,443.8168,407.5709,235.9989,399.8263,
P.G.D.A.V. College,B.A Program (Hindi + Political Science),575.6821,430.9242,431.4236,298.5208,359.7976,299.834
P.G.D.A.V. College,B.A Program (Sanskrit + History),434.966,100.9021,151.9431,,,
P.G.D.A.V. College,B.A Program (Sanskrit + Political Science),327.8788,257.6064,259.8103,,,
P.G.D.A.V. College,B.A Program (Accounting and Finance + Economics),734.2878,606.7895,591.5332,566.3856,567.9973,208.2567
P.G.D.A.V. College,B.A Program (Computer Applications + Economics),666.8253,506.7161,410.9515,,472.996,
P.G.D.A.V. College,B.A Program (Computer Applications + Mathematics),630.8587,516.8415,405.3819,,481.5655,
P.G.D.A.V. College,B.A Program (Economics + Entrepreneurship and Small Business (ESB)),683.3736,531.7665,541.8134,412.52,567.0804,
P.G.D.A.V. College,B.A Program (Economics + Mathematics),658.7359,452.1944,286.3905,,439.7211,
P.G.D.A.V. College,B.A Program (Economics + Political Science),649.3367,499.6799,442.0919,406.483,415.8747,
P.G.D.A.V. College,B.A Program (History + Political Science),609.3236,469.0588,441.8222,407.3639,414.755,159.2042
P.G.D.A.V. College,B.A Program (Physical Education + Political Science),618.7622,493.7235,472.2933,465.8769,493.5126,191.8747
P.G.D.A.V. College (Evening),B.Com,648.4902,477.8915,360.5659,322.8518,500.038,
P.G.D.A.V. College (Evening),B.Com (Hons.),685.5677,531.1834,436.4299,493.5613,572.3062,379.6341
P.G.D.A.V. College (Evening),B.A. (Hons.) Hindi,257.741,173.7051,77.375,,,
P.G.D.A.V. College (Evening),B.A. (Hons.) Political Science,574.0297,445.989,397.5348,376.5143,331.8964,
P.G.D.A.V. College (Evening),B.Sc (Hons.) Mathematics,517.8832,397.8154,287.2387,,403.5806,
P.G.D.A.V. College (Evening),B.A. (Hons.) Sanskrit,331.5421,171.668,157.5925,,,
P.G.D.A.V. College (Evening),B.A Program (English + Economics),629.1684,435.3267,385.6271,385.7836,448.8094,
P.G.D.A.V. College (Evening),B.A Program (English + History),555.6622,415.6577,371.4115,375.6246,340.2374,
P.G.D.A.V. College (Evening),B.A Program (English + Mathematics),568.7314,457.9777,306.9013,,406.8153,
P.G.D.A.V. College (Evening),B.A Program (English + Political Science),560.0848,415.3482,379.0795,339.6652,340.5472,
P.G.D.A.V. College (Evening),B.A Program (Hindi + History),510.9164,373.1271,336.3594,,264.6904,
P.G.D.A.V. College (Evening),B.A Program (Hindi + Political Science),497.2912,373.6679,343.5279,119.5467,273.1689,
P.G.D.A.V. College (Evening),B.A Program (Commerce + Economics),643.0316,466.401,376.1676,270.9307,487.3501,
P.G.D.A.V. College (Evening),B.A Program (Economics + History),552.4294,403.3699,364.7586,259.8021,392.595,
P.G.D.A.V. College (Evening),B.A Program (Economics + Mathematics),588.0348,352.4475,221.5216,,310.7728,
P.G.D.A.V. College (Evening),B.A Program (Economics + Political Science),549.775,383.5283,331.4913,195.8321,343.5271,
P.G.D.A.V. College (Evening),B.A Program (History + Political Science),535.8093,390.9276,346.07,295.4359,302.4873,
P.G.D.A.V. College (Evening),B.A Program (Physical Education + History),539.8762,411.8507,390.9269,444.0909,350.8712,400.9495
P.G.D.A.V. College (Evening),B.A Program (Physical Education + Political Science),540.802,408.6297,386.7272,391.8921,335.4201,254.4544
Rajdhani College,B.A. (Hons.) English,646.6641,492.6727,461.97,413.5667,480.3262,
Rajdhani College,B.A. (Hons.) Hindi,302.6227,112.4742,147.0782,257.5567,224.7321,270.8615
Rajdhani College,B.A. (Hons.) Sanskrit,270.2134,138.7979,112.62,,301.7983,260.4942
Rajdhani College,B.A. (Hons.) History,632.4561,515.7816,450.4425,413.4491,404.1697,
Rajdhani College,B.A. (Hons.) Economics,699.6071,441.146,360.1569,204.8078,456.5548,
Rajdhani College,B.A. (Hons.) Political Science,684.1735,584.4431,573.0162,526.3392,514.0069,316.4241
Rajdhani College,B.Com (Hons.),760.4416,633.346,534.3367,332.7287,678.5317,
Rajdhani College,B.Sc (Hons.) Chemistry,325.4768,262.6177,168.7822,243.6034,250.6527,
Rajdhani College,B.Sc (Hons.) Electronics,312.526,228.3727,162.984,,238.3177,
Rajdhani College,B.Sc (Hons.) Physics,330.6107,254.9747,165.5443,53.3875,248.4285,
Rajdhani College,B.Sc (Hons.) Mathematics,525.5897,406.5857,295.8937,249.3007,410.831,
Rajdhani College,B.Sc (Prog.) Physical Science with Chemistry,247.5392,189.6344,96.2999,,172.294,
Rajdhani College,B.Sc (Prog.) Physical Science with Computer Science/ Informatics Practices,293.9452,219.9695,148.521,210.5046,223.0642,
Rajdhani College,B.Sc (Prog.) Physical Science with Electronics,263.6931,192.8747,107.693,,217.56,
Rajdhani College,B.Sc (Prog.) Applied Physical Sciences with Industrial Chemistry,249.6827,180.0472,87.2938,,181.632,
Rajdhani College,B.A Program (English + History),634.2991,543.9779,526.1747,412.0314,439.5647,303.7845
Rajdhani College,B.A Program (English + Linguistics),625.5479,478.9222,453.1639,449.1504,442.7914,
Rajdhani College,B.A Program (Hindi + History),552.2473,440.6079,433.2969,330.9293,350.6161,
Rajdhani College,B.A Program (Hindi + Political Science),553.8923,437.7721,410.9007,279.69,344.0012,181.8066
Rajdhani College,B.A Program (Sanskrit + History),325.1432,,,,,
Rajdhani College,B.A Program (Sanskrit + Political Science),392.4952,,,,359.106,
Rajdhani College,B.A Program (Economics + History),626.8075,487.0098,430.6273,391.6249,418.2297,
Rajdhani College,B.A Program (Economics + Mathematics),645.8179,396.5076,274.2958,,376.9345,
Rajdhani College,B.A Program (Economics + Political Science),641.363,482.247,429.2633,392.0956,424.4653,457.1803
Rajdhani College,B.A Program (History + Political Science),609.2102,482.1028,444.3088,405.4457,390.738,223.9571
Rajdhani College,B.A Program (Linguistics + Political Science),582.3679,434.8216,402.0525,335.0573,357.1258,
Ram Lal Anand College,B.A. (Hons.) English,667.3822,529.3495,481.9131,458.2409,511.7526,
Ram Lal Anand College,B.A. (Hons.) Hindi,276.9125,71.246,92.7979,,158.0985,
Ram Lal Anand College,B.A. (Hons.) Hindi Patrakarita,523.7631,431.7217,339.345,,411.3665,
Ram Lal Anand College,B.A. (Hons.) History,670.4887,548.4998,475.504,451.6225,504.0731,372.5177
Ram Lal Anand College,B.A. (Hons.) Political Science,724.3008,643.08,559.6793,533.7147,593.1714,
Ram Lal Anand College,B.Com,774.79,646.5074,542.0772,344.9685,697.959,
Ram Lal Anand College,B.Com (Hons.),795.2747,686.9167,593.5623,435.0833,727.5937,
Ram Lal Anand College,B.Sc (Hons.) Computer Science,615.7355,522.4218,415.849,311.0618,546.4362,
Ram Lal Anand College,B.Sc (Hons.) Geology,501.8663,450.8859,353.8299,319.3445,434.8515,
Ram Lal Anand College,B.Sc (Hons.) Microbiology,577.1891,516.3945,439.1467,374.5231,500.4399,225.4747
Ram Lal Anand College,B.Sc (Hons.) Statistics,712.4522,514.1582,389.5295,231.4958,562.2261,
Ram Lal Anand College,B.Sc (Hons.) Mathematics,561.0246,431.3537,322.2718,224.4819,428.6451,342.9905
Ram Lal Anand College,Bachelor of Management Studies (BMS),466.9701,346.1584,287.7691,204.4302,370.3569,
Ram Lal Anand College,B.A Program (Computer Applications + Economics),676.2256,466.0546,391.2926,181.0618,476.6961,
Ram Lal Anand College,B.A Program (Economics + Mathematics),682.5151,442.6939,268.6227,,436.5874,
Ram Lal Anand College,B.A Program (History + Political Science),661.7475,547.5717,477.0567,475.5149,504.3432,
Ramanujan College,B.Com (Hons.),785.2622,654.9799,564.2668,415.0133,693.7523,510.5052
Ramanujan College,B.Com,764.8335,618.8269,529.0565,364.5514,662.1873,504.4173
Ramanujan College,B.A. (Hons.) English,693.574,527.1986,485.4719,485.2152,499.8505,
Ramanujan College,B.A. (Hons.) Hindi,314.4358,163.2357,150.8881,,291.1689,
Ramanujan College,B.A. (Hons.) Political Science,729.6713,657.0516,584.1565,518.3698,607.5,461.4309
Ramanujan College,B.Sc (Hons.) Statistics,708.2837,504.3172,385.4304,276.3096,572.8877,
Ramanujan College,B.Sc (Hons.) Mathematics,604.9557,455.4812,355.1313,247.2138,469.3006,
Ramanujan College,B.Sc (Hons.) Computer Science,625.0,540.304,440.0955,345.9069,576.4114,224.2473
Ramanujan College,B.A. (Hons.) Applied Psychology,812.482,630.2169,595.1748,545.3334,573.5156,332.6495
Ramanujan College,B.A. (Hons.) Philosophy,638.9858,458.5994,408.7354,253.3304,447.3031,
Ramanujan College,B.A. (Hons.) Economics,743.5414,497.0341,408.9479,91.7114,540.6719,
Ramanujan College,Bachelor of Management Studies (BMS),483.6643,366.4937,299.571,150.1611,412.4997,142.8693
Ramanujan College,"B.Voc. Banking, Financial Services and Insurance",728.971,599.0708,513.4642,414.3277,596.9417,179.036
Ramanujan College,B.Voc Software Development,599.2478,500.7872,438.2281,326.8939,501.6945,110.2146
Ramanujan College,B.A Program (Accounting and Finance + Economics),771.177,644.6036,582.065,,666.6323,
Ramanujan College,B.A Program (Economics + Entrepreneurship and Small Business (ESB)),749.4394,591.3673,549.3281,510.5963,645.7615,
Ramanujan College,B.A Program (History + Philosophy),637.7373,522.1691,434.813,454.6684,454.0702,
Ramanujan College,B.A Program (History + Political Science),699.3225,625.7394,542.175,566.2884,639.0163,433.4991
Ramanujan College,B.A Program (Philosophy + Political Science),674.9012,560.6705,530.6398,439.3757,491.5113,
Ramanujan College,B.A Program (Political Science + Psychology),771.3012,622.2041,580.8759,546.9435,594.0785,
Ramanujan College,B.A Program (Accounting and Finance + Mathematics),740.5106,540.3732,454.8669,,556.6139,
Ramanujan College,B.Sc (Hons.) Environmental Sciences,502.8012,430.0617,348.5402,324.9857,429.112,
Ramanujan College,B.A Program (Economics + Psychology),752.6971,619.0592,568.6494,506.2034,579.9878,
Ramanujan College,B.A Program (Hindi + History),582.6194,460.0103,456.3432,385.0648,410.3789,
Ramanujan College,B.A Program (Hindi + Political Science),609.7215,481.3894,448.5836,283.9468,423.8374,230.2968
Ramanujan College,B.A Program (Entrepreneurship and Small Business (ESB) + Mathematics),672.4292,473.0959,398.2016,312.4315,476.0842,253.4305
Ramjas College,B.A. (Hons.) English,824.2698,726.3913,683.4447,660.8838,746.8769,478.2161
Ramjas College,B.A. (Hons.) Hindi,527.7811,430.7358,411.1181,202.0354,327.8752,193.6492
Ramjas College,B.A. (Hons.) Sanskrit,358.3076,399.1714,271.1392,262.7127,381.093,
Ramjas College,B.A. (Hons.) Economics,841.1565,676.4273,608.6862,441.3014,735.72,272.5398
Ramjas College,B.A. (Hons.) History,846.3177,798.0551,729.9863,747.9923,807.178,543.8043
Ramjas College,B.A. (Hons.) Political Science,894.9457,851.8985,787.3322,803.1124,847.6018,733.4092
Ramjas College,B.Com,877.684,799.8866,727.7591,651.798,834.7885,565.8748
Ramjas College,B.Com (Hons.),889.3871,813.2727,745.2074,670.1841,849.0375,624.1711
Ramjas College,B.Sc (Prog.) Physical Science with Electronics,362.5667,298.4586,217.4363,98.9798,304.439,
Ramjas College,B.Sc (Prog.) Physical Science with Chemistry,354.4902,297.7068,209.9408,60.4858,316.9345,
Ramjas College,B.Sc (Prog.) Life Science,579.3412,523.495,431.4073,374.566,547.3949,222.49
Ramjas College,B.Sc (Hons.) Physics,467.035,395.8463,287.6502,162.9801,408.9199,
Ramjas College,B.Sc (Hons.) Chemistry,444.1872,388.2196,281.3862,162.7193,389.2623,
Ramjas College,B.Sc (Hons.) Mathematics,747.3588,610.378,505.1423,404.8802,609.5633,
Ramjas College,B.Sc (Hons.) Statistics,811.7074,620.5036,517.5002,367.0525,676.7952,
Ramjas College,B.Sc (Hons.) Botany,591.0046,548.9683,458.0118,433.9695,549.6593,220.629
Ramjas College,B.Sc (Hons.) Zoology,617.6257,586.0231,504.6976,454.7146,586.3329,280.2828
Ramjas College,B.A Program (Sanskrit + Any one out of these (English/Hindi/History/Pol. Science/Economics/Mathematics/Philosophy)),706.5946,592.1093,603.8501,426.6546,608.4757,
Ramjas College,B.A Program (Philosophy + Any one out of these (English/Hindi/History/Pol. Science/Economics/Mathematics/Sanskrit)),818.2939,748.4793,667.8268,663.1577,767.8162,509.8341
Ramjas College,B.A Program (Any two discipline from these (English/Hindi/History/Pol. Science/Economics/Mathematics)),842.9819,769.5,719.4246,687.6513,791.687,638.8616
Satyawati College,B.Sc (Hons.) Mathematics,532.7253,404.7822,307.4268,237.1007,401.0592,
Satyawati College,B.A. (Hons.) Economics,696.6344,440.5615,334.4549,280.3739,443.4627,
Satyawati College,B.A. (Hons.) English,647.2096,500.2841,453.5285,477.1275,468.7154,
Satyawati College,B.A. (Hons.) Hindi,339.455,161.3712,212.0278,248.9976,236.883,
Satyawati College,B.A. (Hons.) History,623.3243,492.4944,440.1356,407.9209,437.8021,326.0723
Satyawati College,B.A. (Hons.) Political Science,689.0105,588.8586,537.9709,499.3371,589.8472,473.0101
Satyawati College,B.A. (Hons.) Sanskrit,339.7834,77.2088,142.4569,,154.0903,
Satyawati College,B.A. (Hons.) Urdu,387.5552,90.8561,165.3657,138.312,37.4202,
Satyawati College,B.Com,734.8812,575.026,477.6163,208.2152,624.4638,205.526
Satyawati College,B.Com (Hons.),763.6867,635.4879,533.6915,273.0234,656.2193,224.6858
Satyawati College,B.A Program (Hindi + History),545.677,433.7701,399.9143,306.8058,397.761,347.6955
Satyawati College,B.A Program (History + Political Science),624.6054,525.0497,475.3564,436.9263,467.8603,415.2288
Satyawati College,B.A Program (Hindi + Political Science),553.2909,427.1978,433.2701,218.6369,384.7803,354.9852
Satyawati College,B.A Program (English + History),612.9649,492.965,457.8611,428.1546,434.0472,157.1053
Satyawati College,B.A Program (English + Political Science),635.0823,515.3017,498.0716,556.2733,514.3465,204.9941
Satyawati College,B.A Program (Economics + History),609.211,479.6401,438.6501,396.9981,423.6338,
Satyawati College,B.A Program (Economics + Political Science),616.6243,476.4937,451.8484,404.6654,419.677,
Satyawati College,B.A Program (Economics + Mathematics),643.5475,425.8465,277.5277,,366.5808,
Satyawati College,B.A Program (Economics + OMSP),619.0517,458.6089,361.6421,365.239,426.6731,
Satyawati College,B.A Program (Mathematics + OMSP),553.6971,366.3131,259.7549,,300.3141,
Satyawati College,B.A Program (Mathematics + Political Science),527.3883,383.1959,265.4545,151.8257,410.7874,
Satyawati College,B.A Program (History + Mathematics),519.6357,385.0396,300.8745,312.1842,338.2311,
Satyawati College,B.A Program (Sanskrit + Political Science),354.6723,190.4714,214.4068,,221.4241,
Satyawati College,B.A Program (Sanskrit + History),350.0945,282.0107,202.133,,303.6524,
Satyawati College,B.A Program (English + Economics),668.7013,505.7175,445.0348,458.9985,508.1756,
Satyawati College (Evening),B.A. (Hons.) Economics,627.6989,359.3619,248.6694,,336.7476,
Satyawati College (Evening),B.A. (Hons.) English,593.2484,431.3845,383.3103,337.2089,408.7548,
Satyawati College (Evening),B.A. (Hons.) Hindi,225.8905,175.7894,138.6695,,,
Satyawati College (Evening),B.A. (Hons.) History,556.6042,418.6943,386.5609,299.2715,320.9457,
Satyawati College (Evening),B.A. (Hons.) Political Science,573.2555,441.5083,406.527,374.4505,347.4858,
Satyawati College (Evening),B.Com,659.8421,482.9207,361.1619,431.9158,518.2822,
Satyawati College (Evening),B.Com (Hons.),693.4567,535.1981,413.1136,202.936,568.4474,
Satyawati College (Evening),B.A Program (English + Economics),623.4714,433.8994,370.0385,354.7548,454.3655,
Satyawati College (Evening),B.A Program (English + History),561.0374,442.7646,377.3575,350.3616,405.8515,
Satyawati College (Evening),B.A Program (English + Political Science),565.9078,451.4368,393.6984,402.0003,375.4105,
Satyawati College (Evening),B.A Program (Hindi + Buddhist Studies),521.2249,359.5211,322.2142,,287.6977,
Satyawati College (Evening),B.A Program (Hindi + Political Science),505.4296,381.7021,339.2672,200.7607,286.4962,
Satyawati College (Evening),B.A Program (Accounting and Finance + Economics),678.3668,525.5858,455.0409,393.9114,495.8454,
Satyawati College (Evening),B.A Program (Buddhist Studies + Political Science),579.9187,421.7767,370.6071,298.0262,442.2877,
Satyawati College (Evening),B.A Program (Economics + Mathematics),583.2252,347.8516,208.9154,372.0594,282.0553,
Satyawati College (Evening),B.A Program (Economics + OMSP),588.9982,411.5208,326.1443,,394.8725,
Satyawati College (Evening),B.A Program (Economics + Political Science),541.4898,378.3855,325.5808,128.9044,332.6817,
Satyawati College (Evening),B.A Program (History + Mathematics),508.0761,342.7651,266.5526,,266.9111,
Satyawati College (Evening),B.A Program (Political Science + Mathematics),518.1008,363.2485,266.7978,,407.4209,
Satyawati College (Evening),B.A Program (Economics + History),538.4988,380.2462,337.3333,97.3342,345.5864,
Satyawati College (Evening),B.A Program (Hindi + History),501.1297,370.6099,333.9567,158.3598,322.2253,
Satyawati College (Evening),B.A Program (Buddhist Studies + Economics),601.3039,461.217,387.5091,388.412,461.7937,
Satyawati College (Evening),B.A Program (History + Political Science),534.1832,392.5065,353.1055,319.4545,306.577,
Shaheed Bhagat Singh College,B.Com (Hons.),834.6032,750.8244,668.0676,561.048,792.195,148.3165
Shaheed Bhagat Singh College,B.Com,823.0843,731.515,641.1905,542.717,775.4491,317.8025
Shaheed Bhagat Singh College,B.A. (Hons.) Economics,791.7438,612.339,545.4008,287.1645,670.9869,
Shaheed Bhagat Singh College,B.A. (Hons.) History,761.734,690.5566,623.5764,615.2547,711.0339,324.0327
Shaheed Bhagat Singh College,B.A. (Hons.) Political Science,791.0693,736.2175,666.4394,672.3102,739.018,386.5684
Shaheed Bhagat Singh College,B.A. (Hons.) Geography,782.0842,717.3924,644.7138,648.2156,722.9928,374.6166
Shaheed Bhagat Singh College,B.A. (Hons.) Hindi,350.5435,235.5982,251.894,,,
Shaheed Bhagat Singh College,B.A. (Hons.) English,743.8975,622.52,585.6402,551.2311,634.9633,397.5587
Shaheed Bhagat Singh College,B.Sc (Hons.) Mathematics,659.2702,492.5895,398.0849,247.9153,529.5506,
Shaheed Bhagat Singh College,B.A Program (Economics + Mathematics),780.0814,560.1412,553.9123,239.765,655.6399,
Shaheed Bhagat Singh College,B.A Program (Geography + Political Science),762.3718,696.0279,586.3573,635.1375,686.0029,659.6348
Shaheed Bhagat Singh College,B.A Program (History + Political Science),772.629,689.9142,622.9827,607.3381,692.1956,426.2966
Shaheed Bhagat Singh College,B.A Program (Hindi + Geography),660.5457,569.2339,494.453,479.5931,625.0506,
Shaheed Bhagat Singh College,B.A Program (English + History),736.1438,659.1398,605.198,551.8795,654.8411,433.0753
Shaheed Bhagat Singh College,B.A Program (English + Economics),798.2948,691.6657,591.1392,585.5024,717.391,220.2165
Shaheed Bhagat Singh College (Evening),B.A. (Hons.) Geography,621.7526,523.1207,469.8882,442.3324,434.036,
Shaheed Bhagat Singh College (Evening),B.A. (Hons.) Political Science,642.0986,528.858,444.5009,465.6491,457.4173,
Shaheed Bhagat Singh College (Evening),B.Com,722.3571,582.8546,453.1273,176.3391,632.9959,608.762
Shaheed Bhagat Singh College (Evening),B.Com (Hons.),791.4292,687.8583,594.963,479.8033,728.7774,
Shaheed Bhagat Singh College (Evening),B.A Program (English + Economics),666.0416,486.8486,405.4435,311.7387,520.9443,
Shaheed Bhagat Singh College (Evening),B.A Program (Economics + Geography),615.9591,480.2389,414.5083,436.1263,444.4186,394.3024
Shaheed Bhagat Singh College (Evening),B.A Program (Economics + History),619.8021,470.0743,400.6148,492.3593,474.5036,
Shaheed Bhagat Singh College (Evening),B.A Program (Economics + Political Science),635.1789,522.5001,417.1532,332.3293,453.451,
Shaheed Bhagat Singh College (Evening),B.A Program (Geography + History),599.228,509.7475,480.6898,469.013,426.0481,
Shaheed Bhagat Singh College (Evening),B.A Program (Geography + Political Science),602.0741,512.603,444.4857,516.4801,458.1009,
Shaheed Bhagat Singh College (Evening),B.A Program (History + Political Science),591.4262,460.3088,401.8761,346.2596,367.7769,
Shaheed Rajguru College of Applied Sciences for Women (W),B.Sc (Hons.) Electronics,298.3318,216.8358,130.0406,,220.9952,
Shaheed Rajguru College of Applied Sciences for Women (W),B.Sc (Hons.) Instrumentation,241.0281,152.9459,47.5891,,159.4206,
Shaheed Rajguru College of Applied Sciences for Women (W),B.Sc (Hons.) Food Technology,514.5163,441.9809,367.5997,312.2092,440.2571,
Shaheed Rajguru College of Applied Sciences for Women (W),B.Sc (Hons.) Computer Science,598.5434,481.0155,404.1583,269.5069,523.3714,
Shaheed Rajguru College of Applied Sciences for Women (W),B.Sc (Hons.) Biomedical Science,572.8203,477.8195,422.5404,350.2281,492.0695,136.3104
Shaheed Rajguru College of Applied Sciences for Women (W),B.Sc (Hons.) Physics,317.0657,232.9787,128.8266,,232.4936,
Shaheed Rajguru College of Applied Sciences for Women (W),B.Sc (Hons.) Mathematics,533.1787,380.0868,270.7419,,384.7362,
Shaheed Rajguru College of Applied Sciences for Women (W),B.Sc (Hons.) Chemistry,328.6125,259.1821,163.2406,82.6137,235.3519,
Shaheed Rajguru College of Applied Sciences for Women (W),B.A. (Hons.) Psychology,784.8567,602.1533,602.264,503.9901,568.6136,
Shaheed Rajguru College of Applied Sciences for Women (W),B.Sc (Hons.) Statistics,655.5357,443.8817,343.0837,146.1852,499.3819,
Shaheed Rajguru College of Applied Sciences for Women (W),B.Sc (Hons.) Microbiology,557.19,474.3937,396.2259,332.5026,477.9051,286.97
Shaheed Rajguru College of Applied Sciences for Women (W),Bachelor of Business Administration (Financial Investment Analysis) (BBA(FIA)),472.5282,358.8344,305.2301,112.2313,371.4587,284.8789
Shaheed Rajguru College of Applied Sciences for Women (W),Bachelor of Management Studies (BMS),456.1978,335.9989,282.9229,123.3037,352.2416,357.1897
Shaheed Rajguru College of Applied Sciences for Women (W),B.Sc (Hons.) Bio-Chemistry,557.0882,466.5378,381.6412,321.7617,468.6201,
Shaheed Sukhdev College Business Studies,B.Sc (Hons.) Computer Science,761.2213,663.623,566.4978,440.0527,690.9062,274.0707
Shaheed Sukhdev College Business Studies,Bachelor of Management Studies (BMS),554.9995,436.1154,378.8528,264.3902,484.2878,353.4399
Shaheed Sukhdev College Business Studies,Bachelor of Business Administration (Financial Investment Analysis) (BBA(FIA)),577.2049,470.3526,410.3939,312.8542,522.0329,378.4217
Shivaji College,B.A. (Hons.) Economics,725.3233,455.8389,364.9041,159.8894,481.3977,
Shivaji College,B.A. (Hons.) English,661.217,519.9965,468.0506,461.1862,485.533,
Shivaji College,B.A. (Hons.) Geography,695.332,610.8716,533.1715,551.9569,513.7939,294.4846
Shivaji College,B.A. (Hons.) Hindi,299.204,146.8188,122.3886,,249.2522,
Shivaji College,B.A. (Hons.) History,648.1204,544.4999,477.0884,463.036,467.6846,
Shivaji College,B.A. (Hons.) Political Science,713.5053,620.1814,597.0209,570.6955,574.3336,205.444
Shivaji College,B.A. (Hons.) Sanskrit,341.8807,99.9771,179.8095,,176.4938,
Shivaji College,B.Com,750.4251,602.9481,515.9862,327.8337,641.5885,570.0923
Shivaji College,B.Com (Hons.),772.5749,647.7921,560.969,430.433,669.9332,416.8524
Shivaji College,B.Sc (Prog.) Life Science,489.6731,414.7367,335.0655,271.4527,413.6085,
Shivaji College,B.Sc (Prog.) Physical Science with Computer Science/ Informatics Practices,295.1374,222.0222,148.0991,80.9639,223.0993,
Shivaji College,B.Sc (Prog.) Physical Science with Chemistry,255.3061,202.9484,122.099,,201.5349,
Shivaji College,B.Sc (Hons.) Bio-Chemistry,574.6533,512.6225,428.3957,377.3515,495.323,107.9628
Shivaji College,B.Sc (Hons.) Botany,504.7417,439.7221,361.1077,314.9395,423.1427,
Shivaji College,B.Sc (Hons.) Chemistry,340.2039,277.6956,193.2454,117.8106,301.499,
Shivaji College,B.Sc (Hons.) Mathematics,539.65,410.7618,294.3258,113.9372,421.5101,
Shivaji College,B.Sc (Hons.) Physics,339.6406,255.3144,172.1071,11.9296,255.1083,
Shivaji College,B.Sc (Hons.) Zoology,531.9566,462.7148,394.0857,342.1473,454.0201,296.6261
Shivaji College,B.A. (Hons.) Business Economics,425.7063,289.7001,201.2728,,303.1513,
Shivaji College,B.A Program (History + Political Science),628.4677,510.535,444.8535,420.222,446.7999,171.6787
Shivaji College,B.A Program (English + Sociology),660.7272,536.9819,498.0945,541.9384,459.2543,239.9441
Shivaji College,B.A Program (Geography + History),636.8544,531.3171,490.8737,521.0074,498.5309,
Shivaji College,B.A Program (Hindi + History),562.9847,439.4532,387.9139,390.8722,367.6007,287.7225
Shivaji College,B.A Program (Geography + Political Science),667.0951,565.1976,543.3394,534.9673,517.3118,
Shivaji College,B.A Program (Hindi + Political Science),574.8554,442.4335,492.9152,220.8673,351.6327,228.4947
Shivaji College,B.A Program (Economics + Political Science),653.311,517.5513,458.1265,430.3437,550.9499,
Shivaji College,B.A Program (Hindi + Geography),571.3451,494.8709,446.8917,444.4157,430.4348,
Shivaji College,B.A Program (Economics + Geography),660.6636,568.1346,488.8455,495.9022,536.8954,
Shivaji College,B.A Program (English + Economics),687.408,526.7279,478.0959,410.7676,545.5839,
Shri Ram College of Commerce,B.Com (Hons.),917.4306,849.4202,792.4889,747.5162,874.1216,726.8843
Shri Ram College of Commerce,B.A. (Hons.) Economics,908.9028,802.2552,722.7449,609.9305,824.304,610.2728
Shyam Lal College,B.A. (Hons.) Economics,671.2186,395.2177,306.2011,,382.2807,
Shyam Lal College,B.A. (Hons.) English,636.6165,469.9403,433.8796,387.9741,451.3136,
Shyam Lal College,B.A. (Hons.) Hindi,309.1984,148.5328,128.1226,,,250.6419
Shyam Lal College,B.A. (Hons.) History,621.1737,495.8896,451.1741,479.8617,388.0508,
Shyam Lal College,B.A. (Hons.) Political Science,672.428,581.7044,518.8255,533.8366,499.9206,154.7021
Shyam Lal College,B.Com,706.4693,548.453,450.3599,223.3914,585.5815,
Shyam Lal College,B.Com (Hons.),739.1157,587.0033,499.5007,239.3771,608.5007,367.5172
Shyam Lal College,B.Sc (Prog.) Physical Science with Electronics,254.5425,193.321,122.6949,112.2584,195.825,
Shyam Lal College,B.Sc (Prog.) Physical Science with Chemistry,233.448,171.623,68.8005,,161.0458,
Shyam Lal College,B.Sc (Prog.) Physical Science with Computer Science/ Informatics Practices,293.1987,213.4875,153.7312,19.2585,220.2514,
Shyam Lal College,B.Sc (Hons.) Chemistry,340.0652,281.3094,181.8922,,268.3977,
Shyam Lal College,B.Sc (Hons.) Mathematics,524.7399,415.8459,314.258,177.391,405.8082,
Shyam Lal College,B.A Program (Economics + OMSP),617.7742,442.986,376.252,258.0068,427.1111,
Shyam Lal College,B.A Program (English + Economics),664.4041,504.8183,443.6298,413.6575,530.7733,
Shyam Lal College,B.A Program (English + Political Science),627.817,516.1977,495.5699,534.8011,483.9331,309.3909
Shyam Lal College,B.A Program (Economics + Political Science),614.05,469.5629,429.6899,362.8266,422.0573,
Shyam Lal College,B.A Program (History + Political Science),603.7805,462.1834,430.9563,442.8305,361.7143,
Shyam Lal College,B.A Program (Hindi + History),536.3451,420.5085,383.5596,353.2869,389.5163,299.887
Shyam Lal College (Evening),B.Com,642.7733,467.8127,351.35,,493.5117,
Shyam Lal College (Evening),B.Com (Hons.),682.3761,524.0603,429.7057,134.2667,551.53,
Shyam Lal College (Evening),B.A. (Hons.) Economics,614.7962,339.8346,207.9379,,304.4426,
Shyam Lal College (Evening),B.A. (Hons.) Hindi,215.3397,108.414,,,,
Shyam Lal College (Evening),B.A. (Hons.) Political Science,569.7381,435.8754,389.5331,356.5702,330.4464,
Shyam Lal College (Evening),B.A Program (English + Economics),622.0628,428.825,368.6496,386.5874,465.1762,
Shyam Lal College (Evening),B.A Program (History + Political Science),533.7855,395.2281,341.7524,315.2305,297.332,
Shyam Lal College (Evening),B.A Program (Computer Applications + Mathematics),580.1523,464.2768,384.7628,228.0331,438.0549,
Shyam Lal College (Evening),B.A Program (Economics + Mathematics),583.1059,365.05,231.1,,297.3068,
Shyam Lal College (Evening),B.A Program (History + Mathematics),499.9899,342.6898,240.3931,339.4957,278.072,
Shyam Lal College (Evening),B.A Program (English + Computer Applications),577.4908,454.6682,409.821,257.4711,437.6173,
Shyam Lal College (Evening),B.A Program (English + History),550.7595,413.0256,389.1091,348.6901,346.6565,
Shyam Lal College (Evening),B.A Program (Hindi + Computer Applications),499.6012,348.2522,263.1734,,338.0445,
Shyam Lal College (Evening),B.A Program (Hindi + Economics),534.3846,376.3318,315.9319,254.9926,314.7252,
Shyam Lal College (Evening),B.A Program (Hindi + History),494.2193,360.6518,331.2037,,266.3031,
Shyam Lal College (Evening),B.A Program (Computer Applications + Political Science),554.1708,397.2756,303.0732,102.592,368.4337,
Shyam Lal College (Evening),B.A Program (Economics + Political Science),552.338,385.3598,337.7211,242.3979,329.3108,
Shyama Prasad Mukherji College For Women (W),B.A. (Hons.) Applied Psychology,758.7453,559.9979,518.238,465.1193,513.4828,494.4114
Shyama Prasad Mukherji College For Women (W),B.A. (Hons.) Economics,642.204,318.6195,171.1495,,296.5645,
Shyama Prasad Mukherji College For Women (W),B.A. (Hons.) English,646.1608,477.5065,455.0726,380.2617,450.3446,315.8453
Shyama Prasad Mukherji College For Women (W),B.A. (Hons.) Hindi,228.5458,,191.4319,,,
Shyama Prasad Mukherji College For Women (W),B.A. (Hons.) History,613.3716,455.6247,437.4417,324.9842,325.7642,
Shyama Prasad Mukherji College For Women (W),B.A. (Hons.) Geography,622.2888,493.5245,425.9484,427.1317,390.9664,
Shyama Prasad Mukherji College For Women (W),B.Sc (Hons.) Mathematics,486.9658,352.6587,243.5977,225.7622,350.4025,
Shyama Prasad Mukherji College For Women (W),B.A. (Hons.) Philosophy,560.4704,386.1979,319.065,229.7182,322.5233,
Shyama Prasad Mukherji College For Women (W),B.A. (Hons.) Political Science,642.9262,510.454,446.9897,362.9826,340.6269,
Shyama Prasad Mukherji College For Women (W),B.A. (Hons.) Sanskrit,161.2746,137.9655,105.5584,,,
Shyama Prasad Mukherji College For Women (W),B.Com (Hons.),711.4524,538.1609,451.1539,291.1087,567.6393,
Shyama Prasad Mukherji College For Women (W),B.Com,669.3298,487.061,380.1343,220.1782,511.966,
Shyama Prasad Mukherji College For Women (W),B.Sc (Hons.) Computer Science,563.2221,466.1549,384.0025,268.2612,489.2014,
Shyama Prasad Mukherji College For Women (W),Bachelor of Elementary Education (B.El.Ed.),618.5899,527.9907,518.0408,387.6776,453.1377,198.8837
Shyama Prasad Mukherji College For Women (W),B.A Program (Hindi + Geography),563.0459,497.6101,423.7273,,318.4747,
Shyama Prasad Mukherji College For Women (W),B.A Program (Hindi + History),512.7909,372.8463,361.5549,,215.8133,
Shyama Prasad Mukherji College For Women (W),B.A Program (Hindi + Philosophy),533.2864,353.9279,328.0681,321.1247,208.6835,
Shyama Prasad Mukherji College For Women (W),B.A Program (Hindi + Political Science),522.1189,382.0293,373.799,,229.57,
Shyama Prasad Mukherji College For Women (W),B.A Program (Sanskrit + History),181.2147,,,,,
Shyama Prasad Mukherji College For Women (W) Shyama Prasad Mukherji College For Women (W),B.A Program (Sanskrit + Music) B.A Program (Sanskrit + Political Science),242.8763,,,,,
Shyama Prasad Mukherji College For Women (W),B.A Program (Computer Applications + Economics),604.2903,363.196,146.3685,,380.1758,
Shyama Prasad Mukherji College For Women (W),B.A Program (Computer Applications + Geography),532.3423,414.6934,267.8548,,252.1645,
Shyama Prasad Mukherji College For Women (W),B.A Program (Computer Applications + Mathematics),562.1549,432.8915,313.3362,145.1565,397.2856,
Shyama Prasad Mukherji College For Women (W),B.A Program (Economics + Food Technology),586.6506,435.6616,342.2184,,458.6467,
Shyama Prasad Mukherji College For Women (W),B.A Program (Economics + Geography),601.8147,483.9856,377.0789,360.3059,375.8656,
Shyama Prasad Mukherji College For Women (W),B.A Program (Economics + History),597.0447,459.8388,462.953,367.8528,297.3879,
Shyama Prasad Mukherji College For Women (W),B.A Program (Economics + Mathematics),616.9029,344.483,201.3867,,274.3801,
Shyama Prasad Mukherji College For Women (W),B.A Program (Economics + Philosophy),584.9696,388.1749,304.7869,,245.719,
Shyama Prasad Mukherji College For Women (W),B.A Program (Economics + Political Science),601.1459,423.3205,357.749,146.7939,339.3571,
Shyama Prasad Mukherji College For Women (W),B.A Program (Economics + Sociology),597.7834,427.4092,359.0852,138.6965,332.2586,
Shyama Prasad Mukherji College For Women (W),B.A Program (Food Technology (FT) + History),520.6377,383.2255,330.177,247.8676,297.4868,
Shyama Prasad Mukherji College For Women (W),B.A Program (Geography + History),626.7621,514.5325,427.38,494.2822,476.714,
Shyama Prasad Mukherji College For Women (W),B.A Program (Geography + Mathematics),529.8381,369.9056,251.6111,,233.0001,
Shyama Prasad Mukherji College For Women (W),B.A Program (Geography + Political Science),634.3395,526.0171,484.7453,464.0682,414.887,
Shyama Prasad Mukherji College For Women (W),B.A Program (History + Music),472.7169,227.0536,274.1777,,171.1395,
Shyama Prasad Mukherji College For Women (W),B.A Program (History + Philosophy),575.0646,422.7591,384.0925,232.3031,226.7792,
Shyama Prasad Mukherji College For Women (W),B.A Program (History + Political Science),602.2596,441.2265,412.1981,328.3142,308.8252,
Shyama Prasad Mukherji College For Women (W),B.A Program (History + Sociology),609.8118,462.2745,389.9243,413.451,264.3851,
Shyama Prasad Mukherji College For Women (W),B.A Program (Human Development and Family Empowerment (HDFE) + Political Science),524.4022,325.2246,268.7682,260.5493,,
Shyama Prasad Mukherji College For Women (W),B.A Program (Human Development and Family Empowerment (HDFE) + Sociology),545.9272,334.4971,292.0814,,440.6444,216.8544
Shyama Prasad Mukherji College For Women (W),B.A Program (Music + Political Science),470.873,282.9386,177.4555,,,
Shyama Prasad Mukherji College For Women (W),B.A Program (Philosophy + Political Science),576.5045,406.2161,408.3067,361.2884,290.9752,
Shyama Prasad Mukherji College For Women (W),B.A Program (Sanskrit + Philosophy),263.023,,,,,
Shyama Prasad Mukherji College For Women (W),B.A Program (Hindi + Sociology),563.5021,398.9967,430.1311,,,
Sri Aurobindo College (Day),B.A. (Hons.) English,659.5287,513.4623,464.4743,437.8888,500.6517,
Sri Aurobindo College (Day),B.A. (Hons.) Hindi,271.0176,154.0281,74.2256,,187.3912,
Sri Aurobindo College (Day),B.A. (Hons.) Political Science,704.8778,616.4233,546.8541,548.5311,568.4456,325.753
Sri Aurobindo College (Day),B.Com,754.0023,612.2409,502.7765,205.5059,665.2465,
Sri Aurobindo College (Day),B.Com (Hons.),787.7812,674.4856,579.194,382.5219,704.3163,
Sri Aurobindo College (Day),B.Sc (Prog.) Life Science,486.3923,410.038,333.5963,281.2926,409.9501,
Sri Aurobindo College (Day),B.Sc (Hons.) Electronics,313.7781,234.3005,175.9557,40.9409,234.1109,
Sri Aurobindo College (Day),B.Sc (Prog.) Physical Science with Chemistry,232.9573,173.7171,68.0739,,158.4333,
Sri Aurobindo College (Day),B.A Program (Sanskrit + Economics),482.9487,317.954,,,282.0524,
Sri Aurobindo College (Day),B.A Program (Sanskrit + History),291.6852,133.8889,,,,
Sri Aurobindo College (Day),B.A Program (Sanskrit + Political Science),384.9347,127.6855,291.3057,,,
Sri Aurobindo College (Day),B.A Program (Commerce + Economics),706.7709,534.9323,458.2942,269.807,566.0613,
Sri Aurobindo College (Day),B.A Program (Economics + History),621.173,462.9175,406.6987,350.0462,397.3209,
Sri Aurobindo College (Day),B.A Program (Economics + Political Science),628.0832,464.5775,427.7588,394.0404,450.67,
Sri Aurobindo College (Day),B.A Program (History + Political Science),606.9905,483.176,418.1115,388.9063,412.5877,
Sri Aurobindo College (Evening),B.A. (Hons.) English,596.6164,426.5125,380.484,326.9985,398.0927,
Sri Aurobindo College (Evening),B.A. (Hons.) Economics,635.6488,342.9364,232.7065,,333.3637,
Sri Aurobindo College (Evening),B.Com,652.4633,475.0682,355.9974,257.5379,503.3754,
Sri Aurobindo College (Evening),B.Com (Hons.),691.1509,542.8213,433.6632,331.393,592.3285,
Sri Aurobindo College (Evening),B.A. (Hons.) Hindi,202.9213,165.7411,,,,
Sri Aurobindo College (Evening),B.A. (Hons.) Applied Psychology,731.0672,549.2807,494.6023,427.4096,521.1453,
Sri Aurobindo College (Evening),B.A Program (English + History),553.9516,413.7142,371.5747,381.4811,356.7678,
Sri Aurobindo College (Evening),B.A Program (Economics + Political Science),547.0064,379.501,326.1218,223.3592,324.1853,
Sri Aurobindo College (Evening),B.A Program (Economics + History),543.1619,385.9368,335.017,249.0879,335.8992,
Sri Aurobindo College (Evening),B.A Program (Economics + Music),641.0681,478.387,378.2869,335.1837,335.1031,
Sri Aurobindo College (Evening),B.A Program (English + Political Science),564.4573,459.6857,382.5787,439.3251,386.375,
Sri Aurobindo College (Evening),B.A Program (English + Sanskrit),485.4699,281.4485,225.4843,,237.047,
Sri Aurobindo College (Evening),B.A Program (Hindi + History),496.4835,356.594,330.0418,,259.8896,
Sri Aurobindo College (Evening),B.A Program (Hindi + Political Science),497.2618,362.9967,332.2908,149.4969,269.2086,
Sri Aurobindo College (Evening),B.A Program (Hindi + Music),612.6222,410.1883,407.7933,228.0914,274.6523,
Sri Aurobindo College (Evening),B.A Program (Hindi + Sanskrit),434.6826,232.4354,225.0272,,227.4259,
Sri Aurobindo College (Evening),B.A Program (Hindi + Physical Education),511.6963,391.7347,362.3113,,377.1071,
Sri Aurobindo College (Evening),B.A Program (History + Political Science),535.8176,393.9352,342.0559,320.6645,341.2627,
Sri Aurobindo College (Evening),B.A Program (History + Physical Education),535.5716,405.9235,425.8223,421.6117,359.7667,
Sri Aurobindo College (Evening),B.A Program (History + Music),536.8453,433.7579,411.9913,314.9468,297.8414,
Sri Aurobindo College (Evening),B.A Program (English + Music),644.1681,494.1678,481.195,341.1525,425.7526,
Sri Aurobindo College (Evening),B.A Program (English + Physical Education),582.2669,519.2772,478.0964,432.9064,437.8518,
Sri Aurobindo College (Evening),B.A Program (Economics + Sanskrit),522.4753,294.0393,320.0655,,238.6047,
Sri Aurobindo College (Evening),B.A Program (Economics + Physical Education),600.2916,469.9907,459.5171,285.4654,417.4743,
Sri Aurobindo College (Evening),B.A Program (History + Sanskrit),404.5941,177.4298,282.4033,,,
Sri Guru Gobind Singh College of Commerce,B.Com (Hons.),860.4803,,,,,451.4476
Sri Guru Gobind Singh College of Commerce,B.Com,842.7419,,,,,321.7445
Sri Guru Gobind Singh College of Commerce,B.A. (Hons.) Economics,806.3902,,,,,
Sri Guru Gobind Singh College of Commerce,B.Sc (Hons.) Computer Science,699.3284,,,,,223.4882
Sri Guru Gobind Singh College of Commerce,B.A. (Hons.) Business Economics,511.5607,,,,,195.9862
Sri Guru Gobind Singh College of Commerce,Bachelor of Management Studies (BMS),538.2361,,,,,280.841
Sri Guru Gobind Singh College of Commerce,B.A. (Hons.) Punjabi,153.4051,,,,,
Sri Guru Nanak Dev Khalsa College,B.Com (Hons.),784.0774,,,,,
Sri Guru Nanak Dev Khalsa College,B.A. (Hons.) English,676.1529,,,,,347.7723
Sri Guru Nanak Dev Khalsa College,B.A. (Hons.) Hindi,336.6832,,,,,
Sri Guru Nanak Dev Khalsa College,B.A. (Hons.) Punjabi,428.7557,,,,,
Sri Guru Nanak Dev Khalsa College,B.A. (Hons.) History,679.5667,,,,,201.3302
Sri Guru Nanak Dev Khalsa College,B.A. (Hons.) Political Science,715.0577,,,,,
Sri Guru Nanak Dev Khalsa College,B.A. (Hons.) Hindi Patrakarita,435.8244,,,,,362.5835
Sri Guru Nanak Dev Khalsa College,B.Com,733.2321,,,,,200.6212
Sri Guru Nanak Dev Khalsa College,B.A. (Hons.) Business Economics,435.5621,,,,,
Sri Guru Nanak Dev Khalsa College,B.Sc (Hons.) Mathematics,574.2612,,,,,
Sri Guru Nanak Dev Khalsa College,B.A Program (English + Economics),709.4795,,,,,
Sri Guru Nanak Dev Khalsa College,B.A Program (English + Political Science),688.1075,,,,,409.2038
Sri Guru Nanak Dev Khalsa College,B.A Program (Punjabi + Economics),472.0944,,,,,
Sri Guru Nanak Dev Khalsa College,B.A Program (Punjabi + History),336.5404,,,,,
Sri Guru Nanak Dev Khalsa College,B.A Program (Economics + Political Science),665.8007,,,,,251.4825
Sri Guru Nanak Dev Khalsa College,B.A Program (History + Political Science),649.1657,,,,,351.2472
Sri Guru Nanak Dev Khalsa College,B.A Program (Punjabi + Political Science),365.4008,,,,,
Sri Guru Nanak Dev Khalsa College,B.A Program (English + History),655.5765,,,,,292.0746
Sri Guru Nanak Dev Khalsa College,B.A Program (Economics + History),682.5067,,,,,
Sri Guru Tegh Bahadur Khalsa College,B.A. (Hons.) English,792.3376,,,,,446.4061
Sri Guru Tegh Bahadur Khalsa College,B.A. (Hons.) Hindi,444.5043,,,,,175.1055
Sri Guru Tegh Bahadur Khalsa College,B.A. (Hons.) Punjabi,189.0328,,,,,144.7232
Sri Guru Tegh Bahadur Khalsa College,B.Sc (Hons.) Computer Science,724.3136,,,,,281.9465
Sri Guru Tegh Bahadur Khalsa College,B.A. (Hons.) Economics,823.1386,,,,,
Sri Guru Tegh Bahadur Khalsa College,B.A. (Hons.) History,806.701,,,,,579.0033
Sri Guru Tegh Bahadur Khalsa College,B.A. (Hons.) Political Science,855.2765,,,,,648.769
Sri Guru Tegh Bahadur Khalsa College,B.Com (Hons.),869.2431,,,,,559.408
Sri Guru Tegh Bahadur Khalsa College,B.Com,855.6876,,,,,523.0073
Sri Guru Tegh Bahadur Khalsa College,B.Sc (Hons.) Botany,558.3026,,,,,
Sri Guru Tegh Bahadur Khalsa College,B.Sc (Hons.) Chemistry,432.3666,,,,,
Sri Guru Tegh Bahadur Khalsa College,B.Sc (Hons.) Electronics,425.4954,,,,,
Sri Guru Tegh Bahadur Khalsa College,B.Sc (Hons.) Mathematics,705.7323,,,,,
Sri Guru Tegh Bahadur Khalsa College,B.Sc (Hons.) Physics,444.1712,,,,,
Sri Guru Tegh Bahadur Khalsa College,B.Sc (Hons.) Zoology,590.7754,,,,,174.3294
Sri Guru Tegh Bahadur Khalsa College,B.Sc (Prog.) Physical Science with Chemistry,341.7991,,,,,
Sri Guru Tegh Bahadur Khalsa College,B.Sc (Prog.) Physical Science with Computer Science/ Informatics Practices,426.9747,,,,,
Sri Guru Tegh Bahadur Khalsa College,B.A. (Hons.) Business Economics,502.4464,,,,,
Sri Guru Tegh Bahadur Khalsa College,B.Sc (Prog.) Life Science,555.4421,,,,,153.8102
Sri Guru Tegh Bahadur Khalsa College,B.A Program (Economics + History),807.6363,,,,,418.6689
Sri Guru Tegh Bahadur Khalsa College,B.A Program (Economics + Mathematics),826.2765,,,,,
Sri Guru Tegh Bahadur Khalsa College,B.A Program (Economics + Music),799.0732,,,,,
Sri Guru Tegh Bahadur Khalsa College,B.A Program (Economics + Political Science),815.5963,,,,,444.4518
Sri Guru Tegh Bahadur Khalsa College,B.A Program (History + Music),721.8404,,,,,
Sri Guru Tegh Bahadur Khalsa College,B.A Program (History + Political Science),812.0281,,,,,623.2208
Sri Guru Tegh Bahadur Khalsa College,B.A Program (Mathematics + Music),672.0508,,,,,
Sri Guru Tegh Bahadur Khalsa College,B.A Program (Mathematics + Political Science),781.9024,,,,,
Sri Venketeswara College,B.Com,872.7406,790.8675,717.7613,640.326,829.5165,543.0986
Sri Venketeswara College,B.Com (Hons.),886.9932,805.3673,737.5958,660.3738,846.1443,585.4308
Sri Venketeswara College,B.A. (Hons.) English,816.2593,712.5766,663.3144,624.342,738.7742,473.1477
Sri Venketeswara College,B.A. (Hons.) Hindi,454.9361,369.6741,359.3981,261.0404,183.4755,279.2373
Sri Venketeswara College,B.A. (Hons.) Sanskrit,228.0062,332.6364,200.4941,,304.368,
Sri Venketeswara College,B.A. (Hons.) Economics,842.7468,671.1751,605.559,430.0284,719.7551,
Sri Venketeswara College,B.A. (Hons.) History,830.928,774.0696,704.3505,707.3551,796.4299,543.0876
Sri Venketeswara College,B.A. (Hons.) Political Science,875.0768,836.0192,759.2198,753.3847,830.115,729.7192
Sri Venketeswara College,B.A. (Hons.) Sociology,808.9428,731.2298,635.9875,633.3127,724.6462,521.9218
Sri Venketeswara College,B.Sc (Prog.) Life Science,563.505,507.9806,408.4898,355.0505,523.7591,
Sri Venketeswara College,B.Sc (Hons.) Physics,459.9986,390.1029,288.7369,166.2362,404.6653,
Sri Venketeswara College,B.Sc (Hons.) Chemistry,436.7142,373.0564,272.3957,154.3633,376.6551,
Sri Venketeswara College,B.Sc (Hons.) Botany,579.4597,536.5522,435.7619,416.0637,542.1594,
Sri Venketeswara College,B.Sc (Hons.) Zoology,611.6289,574.3002,500.4114,434.3915,569.7913,248.9643
Sri Venketeswara College,B.Sc (Hons.) Biological Sciences,602.1296,519.0244,438.1848,420.9923,535.2817,134.5659
Sri Venketeswara College,B.Sc (Hons.) Bio-Chemistry,627.4644,587.2392,500.1598,411.661,577.9858,419.6331
Sri Venketeswara College,B.Sc (Hons.) Electronics,427.8107,361.2148,265.0453,141.5622,361.624,
Sri Venketeswara College,B.Sc (Hons.) Mathematics,730.7774,571.4719,471.6656,333.7104,598.8619,
Sri Venketeswara College,B.Sc (Hons.) Statistics,806.7344,615.6383,526.9929,404.4967,663.8215,
Sri Venketeswara College,B.A Program (History + Political Science),832.2441,777.9901,722.9179,721.6027,773.9782,628.677
Sri Venketeswara College,B.A Program (Tamil + Political Science/History),460.7788,399.0131,165.6803,,324.8432,
Sri Venketeswara College,B.A Program (Hindi + History/Sociology),780.2297,698.253,663.5085,563.5129,692.3736,470.2376
Sri Venketeswara College,B.A Program (Sanskrit +Sociology/History),605.8629,492.6849,309.2226,356.5974,477.9022,
Sri Venketeswara College,B.A Program (English + Sociology/Economics),823.7007,734.8783,660.9711,665.0823,770.2148,671.8616
Sri Venketeswara College,B.A Program (Economics + Mathematics/Statistics/Sociology),832.1536,698.738,669.6434,626.9869,714.7833,
Sri Venketeswara College,B.A Program (Telegu + Political Science/History),545.3359,436.5101,240.674,347.1234,504.592,
St. Stephen's College,B.A. (Hons.) English,926.9289,,819.7464,852.5192,,739.7538
St. Stephen's College,B.A. (Hons.) Economics,904.6216,,726.2704,741.5417,,637.949
St. Stephen's College,B.A. (Hons.) History,918.7181,,844.4037,890.562,,854.4858
St. Stephen's College,B.A. (Hons.) Philosophy,906.7438,,787.9854,737.4256,,665.3893
St. Stephen's College,B.A. (Hons.) Sanskrit,694.4118,,668.8346,598.6427,,
St. Stephen's College,B.Sc (Hons.) Mathematics,834.0827,,651.8978,706.7956,,391.05
St. Stephen's College,B.Sc (Hons.) Physics,578.7626,,486.4898,418.6427,,124.0041
St. Stephen's College,B.Sc (Hons.) Chemistry,550.6452,,406.151,356.8354,,151.6557
St. Stephen's College,B.Sc (Prog.) Physical Science with Chemistry,487.3687,,376.2822,,,
St. Stephen's College,B.Sc (Prog.) Physical Science with Computer Science/ Informatics Practices,534.3492,,403.0072,244.1845,,119.0755
St. Stephen's College,B.A. Program (Urdu + Any other discipline subject from (Economics/History/Political Science/Philosophy)),726.1927,,,587.8343,,
St. Stephen's College,B.A. Program (Any two discipline out of these (Economics/English/History/Political Science/Philosophy)),912.5745,,826.9341,,,839.1808
Swami Shardhanand College,B.Sc (Prog.) Life Science,472.6336,401.6446,325.4847,262.094,407.5161,
Swami Shardhanand College,B.A. (Hons.) English,619.0128,454.4712,414.8606,364.1147,445.822,229.4203
Swami Shardhanand College,B.A. (Hons.) Geography,611.865,492.12,423.8651,476.9231,412.8013,
Swami Shardhanand College,B.A. (Hons.) Hindi,253.0229,118.7962,99.9229,,,
Swami Shardhanand College,B.A. (Hons.) History,591.3144,445.671,410.9335,365.6589,365.309,
Swami Shardhanand College,B.Com,663.4768,498.2621,397.645,153.5043,550.5453,210.1395
Swami Shardhanand College,B.Com (Hons.),712.0866,568.9031,465.4572,159.6072,619.7653,429.4759
Swami Shardhanand College,B.Sc (Prog.) Applied Life Science,483.8498,414.2238,338.2005,266.4055,420.1019,125.6594
Swami Shardhanand College,B.Sc (Hons.) Botany,490.0521,420.9025,345.7652,313.1251,422.098,67.3943
Swami Shardhanand College,B.Sc (Hons.) Microbiology,543.756,480.8053,408.6889,363.6504,478.5455,242.5351
Swami Shardhanand College,B.Sc (Hons.) Physics,323.6778,253.4674,164.1693,55.1879,257.4853,
Swami Shardhanand College,B.Sc (Hons.) Chemistry,322.0553,257.3661,171.4359,133.2539,249.3691,
Swami Shardhanand College,B.Sc (Hons.) Zoology,510.605,447.5038,378.253,334.9153,436.8335,
Swami Shardhanand College,B.Sc (Prog.) Physical Science with Chemistry,224.3305,163.5191,49.108,,165.5089,
Swami Shardhanand College,B.A Program (Economics + Political Science),572.0458,416.1305,371.6386,265.9824,381.6077,
Swami Shardhanand College,B.A Program (Hindi + Political Science),523.3337,396.3568,397.8656,275.549,277.5906,
Swami Shardhanand College,B.A Program (English + Political Science),623.222,557.105,484.8733,468.0098,461.7935,
Swami Shardhanand College,B.A Program (History + Political Science),568.8614,428.9261,394.8456,336.0222,346.5818,
Swami Shardhanand College,B.A Program (Economics + History),554.2607,406.5747,348.5805,243.5578,351.8514,
Swami Shardhanand College,B.A Program (English + History),605.0396,469.1138,449.7245,,413.7741,
Swami Shardhanand College,B.A Program (Office Management & Secretarial Practice (OMSP) + Political Science),583.2321,424.6168,471.8497,327.3331,409.4735,
Swami Shardhanand College,B.A Program (History + OMSP),551.5143,412.3376,365.2572,186.9621,362.4452,
Swami Shardhanand College,B.A Program (Mathematics + OMSP),549.3453,346.417,217.7951,,298.2138,
Swami Shardhanand College,B.A Program (Sanskrit + OMSP),263.0247,,,,,
Swami Shardhanand College,B.A Program (Sanskrit + Economics),424.4904,184.6998,,,415.8076,
Swami Shardhanand College,B.A Program (Sanskrit + History),311.5893,,,,,
Swami Shardhanand College,B.A Program (Economics + Mathematics),612.7274,366.3066,242.471,,323.6251,
Swami Shardhanand College,B.A Program (Computer Applications + Economics),640.9817,465.6383,364.7865,201.0132,462.8945,
Swami Shardhanand College,B.A Program (Computer Applications + Mathematics),609.7721,471.0886,382.3127,282.9687,461.0697,
Vivekananda College (W),B.Com,684.9153,508.8771,400.2399,225.1309,531.5068,
Vivekananda College (W),B.Com (Hons.),731.8581,582.1333,466.6771,179.6985,600.2451,
Vivekananda College (W),B.A. (Hons.) Applied Psychology,758.089,555.3635,508.8285,419.2761,539.2207,384.5915
Vivekananda College (W),B.A. (Hons.) English,645.6915,472.6386,451.4163,457.3807,460.8505,
Vivekananda College (W),B.A. (Hons.) Hindi,213.2789,132.1205,,,,
Vivekananda College (W),B.A. (Hons.) Sanskrit,219.5751,81.8222,,,,
Vivekananda College (W),B.A. (Hons.) History,614.8343,444.4696,408.7807,342.0072,318.0902,466.6521
Vivekananda College (W),B.A. (Hons.) Political Science,661.5498,533.5433,538.5582,405.6942,424.6875,
Vivekananda College (W),B.Sc (Hons.) Mathematics,499.56,363.1513,253.9307,263.7545,371.3204,354.6179
Vivekananda College (W),B.A Program (English + Computer Applications),595.3976,463.2381,413.3052,257.5051,473.3564,
Vivekananda College (W),B.A Program (English + French),586.4674,383.3899,390.3007,279.2693,373.7,
Vivekananda College (W),B.A Program (English + Food Technology),656.7454,552.3883,562.2637,485.2107,571.5652,
Vivekananda College (W),B.A Program (French + Economics),608.9878,294.0245,357.3492,,441.7191,
Vivekananda College (W),B.A Program (Sanskrit + History),198.8526,,,,,
Vivekananda College (W),B.A Program (Computer Applications + Economics),630.8328,378.6545,324.7877,,487.2061,
Vivekananda College (W),B.A Program (Computer Applications + Mathematics),576.1725,414.635,404.1826,144.3603,412.5892,
Vivekananda College (W),B.A Program (Computer Applications + Political Science),553.1808,364.2534,243.7906,,275.4023,
Vivekananda College (W),B.A Program (Economics + Mathematics),640.9049,380.965,206.5872,,331.619,
Vivekananda College (W),B.A Program (Economics + Political Science),647.6882,450.5902,414.7427,382.304,475.7029,
Vivekananda College (W),B.A Program (Food Technology (FT) + History),537.3261,407.3718,340.0883,,396.3904,
Vivekananda College (W),B.A Program (Food Technology (FT) + Political Science),567.8651,456.7559,331.5964,173.1747,388.8506,
Vivekananda College (W),B.A Program (History + Music),472.2739,338.4676,316.7623,,,
Vivekananda College (W),B.A Program (History + Political Science),618.9356,473.4324,431.1669,337.9319,418.1374,367.1522
Vivekananda College (W),B.A Program (Sanskrit + Music),253.9767,,,,,
Vivekananda College (W),B.Sc (Hons.) Home Science,395.8463,314.3077,261.7078,212.7614,304.5286,
Zakir Husain Delhi College,B.A. (Hons.) Arabic,523.5459,359.9885,270.7388,,321.9947,
Zakir Husain Delhi College,B.A. (Hons.) Bengali,320.5199,299.0208,223.8824,175.7326,140.9057,
Zakir Husain Delhi College,B.A. (Hons.) Economics,700.5961,464.3467,332.0192,235.3228,464.1321,
Zakir Husain Delhi College,B.A. (Hons.) English,670.3394,506.1998,468.6136,508.2076,493.2179,164.4674
Zakir Husain Delhi College,B.A. (Hons.) Hindi,387.063,219.363,262.6218,,155.3065,334.2878
Zakir Husain Delhi College,B.A. (Hons.) History,689.9892,549.0132,556.1404,539.481,490.9757,308.1278
Zakir Husain Delhi College,B.A. (Hons.) Persian,490.7517,329.861,287.0548,200.6707,249.4554,
Zakir Husain Delhi College,B.A. (Hons.) Philosophy,629.4514,451.2965,398.6107,367.6234,394.541,
Zakir Husain Delhi College,B.A. (Hons.) Political Science,692.6277,592.1265,522.0462,512.8609,535.0816,339.2592
Zakir Husain Delhi College,B.A. (Hons.) Psychology,793.07,638.7898,583.4535,607.5349,589.4373,349.6289
Zakir Husain Delhi College,B.A. (Hons.) Sanskrit,394.7465,140.2367,170.5131,,206.0711,
Zakir Husain Delhi College,B.A. (Hons.) Urdu,111.2922,196.9902,97.9345,,111.3299,
Zakir Husain Delhi College,B.Com,723.058,571.6932,481.42,282.4238,618.5526,529.8076
Zakir Husain Delhi College,B.Com (Hons.),747.8036,602.5571,508.7756,397.7252,644.9476,
Zakir Husain Delhi College,B.Sc (Prog.) Physical Science with Chemistry,245.9256,185.459,104.9175,203.1328,170.8585,
Zakir Husain Delhi College,B.Sc (Prog.) Life Science,482.8728,412.7671,330.9753,289.6017,409.5455,
Zakir Husain Delhi College,B.Sc (Hons.) Botany,494.5888,424.8511,350.0269,321.9015,415.7688,
Zakir Husain Delhi College,B.Sc (Hons.) Chemistry,327.5214,263.1082,181.1193,76.3481,263.0115,
Zakir Husain Delhi College,B.Sc (Hons.) Electronics,316.2598,241.3694,175.5102,77.4574,242.0547,
Zakir Husain Delhi College,B.Sc (Hons.) Mathematics,532.4032,421.6161,317.4369,125.8687,404.8743,
Zakir Husain Delhi College,B.Sc (Hons.) Zoology,532.0641,459.3264,382.3373,357.0255,432.6691,102.4635
Zakir Husain Delhi College,B.A Program (Arabic + Economics),484.574,357.0914,263.0235,,284.4541,
Zakir Husain Delhi College,B.A Program (Arabic + History),436.4408,367.7287,,,273.8935,
Zakir Husain Delhi College,B.A Program (Arabic + Political Science),400.2022,219.5139,200.0374,,,
Zakir Husain Delhi College,B.A Program (Bengali + Economics),462.3039,,142.6062,,,
Zakir Husain Delhi College,B.A Program (Bengali + History),250.4071,,,,,
Zakir Husain Delhi College,B.A Program (Bengali + Political Science),241.9124,,122.1562,,,
Zakir Husain Delhi College,B.A Program (English + Economics),693.4742,517.7528,481.9463,,532.1637,
Zakir Husain Delhi College,B.A Program (English + History),653.9376,561.5974,487.9005,448.9635,465.8317,
Zakir Husain Delhi College,B.A Program (English + Mathematics),640.8257,491.5855,461.8615,,438.8879,
Zakir Husain Delhi College,B.A Program (English + Political Science),663.0485,570.4678,509.7879,566.2322,556.2803,
Zakir Husain Delhi College,B.A Program (Hindi + Economics),577.2868,444.0199,426.0761,244.4413,376.0723,
Zakir Husain Delhi College,B.A Program (Hindi + History),561.0029,445.9008,416.0623,312.174,,
Zakir Husain Delhi College,B.A Program (Hindi + Political Science),579.402,452.162,438.3292,174.5205,374.1688,
Zakir Husain Delhi College,B.A Program (Persian + Economics),360.8266,282.3904,224.6875,,,
Zakir Husain Delhi College,B.A Program (Persian + History),264.7319,,,,,
Zakir Husain Delhi College,B.A Program (Persian + Political Science),128.8694,,,,,
Zakir Husain Delhi College,B.A Program (Sanskrit + Economics),399.7431,289.6341,,,222.2803,
Zakir Husain Delhi College,B.A Program (Sanskrit + History),341.6525,311.5637,204.9511,,,
Zakir Husain Delhi College,B.A Program (Sanskrit + Political Science),321.7073,213.0863,,,,
Zakir Husain Delhi College,B.A Program (Urdu + Economics),505.4357,356.6634,,,194.6391,
Zakir Husain Delhi College,B.A Program (Urdu + History),441.5598,247.9418,,289.8023,,
Zakir Husain Delhi College,B.A Program (Urdu + Political Science),498.19,289.9676,,222.0864,,
Zakir Husain Delhi College,B.A Program (Economics + Human Resource Management (HRM)),677.719,508.0183,457.4744,394.4752,515.2472,
Zakir Husain Delhi College,B.A Program (Economics + Mathematics),674.5086,466.2587,411.2462,302.2104,413.305,
Zakir Husain Delhi College,B.A Program (Economics + Political Science),657.2005,555.3254,503.8067,521.5523,471.5585,
Zakir Husain Delhi College,B.A Program (History + Philosophy),630.6717,452.34,425.6137,392.3289,417.3516,
Zakir Husain Delhi College,B.A Program (History + Political Science),626.6991,507.6846,465.816,502.9259,486.5631,
Zakir Husain Delhi College,B.A Program (Human Resource Management (HRM) + Psychology),747.1057,554.7753,580.327,494.4011,,
Zakir Husain Delhi College,B.A Program (Mathematics + Philosophy),591.4207,457.3383,389.9922,,426.6002,
Zakir Husain Delhi College,B.A Program (Mathematics + Psychology),673.4532,490.7193,451.9238,,,
Zakir Husain Delhi College,B.A Program (Philosophy + Psychology),743.9802,575.2486,575.3752,507.2869,574.7563,
Zakir Husain Delhi College (Evening),B.A. (Hons.) English,591.4534,431.8628,376.5188,392.3329,400.59,
Zakir Husain Delhi College (Evening),B.A. (Hons.) Hindi,389.6558,259.9857,276.7423,,190.2139,
Zakir Husain Delhi College (Evening),B.A. (Hons.) History,553.245,417.2319,380.2604,305.8696,313.7184,
Zakir Husain Delhi College (Evening),B.A. (Hons.) Persian,463.2929,308.0746,215.2179,,235.0279,
Zakir Husain Delhi College (Evening),B.A. (Hons.) Political Science,580.0498,463.2588,397.4877,411.4445,361.9399,
Zakir Husain Delhi College (Evening),B.A. (Hons.) Sanskrit,394.2529,212.6596,92.3719,,171.0084,
Zakir Husain Delhi College (Evening),B.A. (Hons.) Urdu,256.6209,263.9965,145.6962,,183.0538,509.9665
Zakir Husain Delhi College (Evening),B.Com (Hons.),683.3849,525.3797,425.4883,115.5307,563.1962,291.2755
Zakir Husain Delhi College (Evening),B.Com,646.4675,484.4835,361.959,136.8065,502.7363,330.1382
Zakir Husain Delhi College (Evening),B.A Program (Arabic + Economics),473.9133,280.4819,,,,
Zakir Husain Delhi College (Evening),B.A Program (Arabic + History),369.4203,121.3084,,,,
Zakir Husain Delhi College (Evening),B.A Program (Arabic + Political Science),435.8611,343.7683,,,341.1921,
Zakir Husain Delhi College (Evening),B.A Program (Bengali + Economics),362.9174,309.7202,,,,
Zakir Husain Delhi College (Evening),B.A Program (Bengali + History),124.7394,,,,,
Zakir Husain Delhi College (Evening),B.A Program (Bengali + Political Science),226.0827,,,,,
Zakir Husain Delhi College (Evening),B.A Program (English + Economics),636.1851,468.2203,361.5677,,,
Zakir Husain Delhi College (Evening),B.A Program (English + History),585.2497,480.5302,498.9285,331.6884,,394.4204
Zakir Husain Delhi College (Evening),B.A Program (English + Political Science),625.5299,576.4652,,,484.9003,
Zakir Husain Delhi College (Evening),B.A Program (Hindi + Economics),549.0903,414.6032,342.9379,,318.8744,
Zakir Husain Delhi College (Evening),B.A Program (Hindi + History),524.9784,409.0425,338.7369,,259.6086,229.6265
Zakir Husain Delhi College (Evening),B.A Program (Hindi + Political Science),527.6961,421.0598,400.4172,,246.5197,
Zakir Husain Delhi College (Evening),B.A Program (Persian + Economics),333.0214,,,,,
Zakir Husain Delhi College (Evening),B.A Program (Persian + History),241.126,,,,,
Zakir Husain Delhi College (Evening),B.A Program (Persian + Political Science),112.3728,,,,,
Zakir Husain Delhi College (Evening),B.A Program (Sanskrit + Economics),395.901,229.6357,,,,
Zakir Husain Delhi College (Evening),B.A Program (Sanskrit + History),296.9226,,,,175.2454,
Zakir Husain Delhi College (Evening),B.A Program (Sanskrit + Political Science),359.059,170.7506,212.6481,,,
Zakir Husain Delhi College (Evening),B.A Program (Urdu + Economics),482.8978,338.1557,,,,
Zakir Husain Delhi College (Evening),B.A Program (Urdu + History),392.9014,232.1945,,,,
Zakir Husain Delhi College (Evening),B.A Program (Urdu + Political Science),496.524,375.2588,,144.895,,
Zakir Husain Delhi College (Evening),B.A Program (Economics + History),551.5522,391.4788,353.6923,321.0557,377.1795,
Zakir Husain Delhi College (Evening),B.A Program (Economics + Human Resource Management (HRM)),637.9425,473.9272,375.0581,178.898,502.8112,
Zakir Husain Delhi College (Evening),B.A Program (Economics + Mathematics),602.0581,378.4783,307.4325,,,
Zakir Husain Delhi College (Evening),B.A Program (Economics + Philosophy),638.7769,506.7176,348.9201,305.9913,463.1853,
Zakir Husain Delhi College (Evening),B.A Program (Economics + Political Science),559.1209,383.4773,342.6878,299.0089,500.7957,214.0621
Zakir Husain Delhi College (Evening),B.A Program (History + Political Science),552.7288,442.7621,424.7776,354.195,375.2937,178.0912
Zakir Husain Delhi College (Evening),B.A Program (Philosophy + Political Science),615.3358,395.3514,423.598,366.6242,,
Zakir Husain Delhi College (Evening),B.A Program (English + Philosophy),699.8504,506.9291,444.7279,,421.3545,
Zakir Husain Delhi College (Evening),B.A Program (Banking and Insurance + Economics),657.2703,507.4645,482.0464,484.3326,507.9284,419.7361
