College Name,Program Name,UR,OBC,SC,ST,EWS,PwBD
Acharya Narendra Dev College,B.Com. (Hons.),718.5747,569.0049,484.8911,139.9449,628.5515,
Acharya Narendra Dev College,B.Sc. (Hons.) Biomedical Science,647.1105,584.3631,544.0084,470.8283,588.9989,309.9531
Acharya Narendra Dev College,B.Sc. (Hons.) Botany,551.2509,503.7302,419.5615,381.104,499.6076,
Acharya Narendra Dev College,B.Sc. (Hons.) Chemistry,346.2994,284.1584,208.4316,68.8426,292.5802,
Acharya Narendra Dev College,B.Sc. (Hons.) Computer Science,603.5414,513.3106,441.94,318.4648,527.6736,171.9905
Acharya Narendra Dev College,B.Sc. (Hons.) Electronics,330.847,262.3066,203.7473,95.4487,268.3827,
Acharya Narendra Dev College,B.Sc. (Hons.) Mathematics,552.5637,456.8307,355.8323,175.1017,471.274,
Acharya Narendra Dev College,B.Sc. (Hons.) Physics,363.7821,290.3223,199.9426,68.3896,311.475,94.9171
Acharya Narendra Dev College,B.Sc. (Hons.) Zoology,585.4538,527.5359,465.3277,406.1689,522.5115,74.7419
Acharya Narendra Dev College,B.Sc. (Prog.) Life Science,569.8905,517.25,446.8277,374.6534,507.3665,
Acharya Narendra Dev College,B.Sc. (Prog.) Physical Science with Chemistry,287.2305,218.785,137.5041,,222.916,
Acharya Narendra Dev College,B.Sc. (Prog.) Physical Science with Computer Science/ Informatics Practices,344.8343,279.0747,214.2254,92.8354,264.5244,
Acharya Narendra Dev College,B.Sc. (Prog.) Physical Science with Electronics,288.1022,222.897,142.5818,,219.1118,
Aditi Mahavidyalaya (W),B.A. (Hons.) Geography,574.0235,447.3523,428.7014,389.1685,384.7194,200.2082
Aditi Mahavidyalaya (W),B.A. (Hons.) Hindi Patrakarita,311.1539,170.074,188.3133,,137.1745,
Aditi Mahavidyalaya (W),B.A. (Hons.) Social Work,537.7584,342.138,291.0943,93.753,207.4375,433.2607
Aditi Mahavidyalaya (W),B.A. Program (Community Science + Hindi / Sociology),438.4971,164.8645,146.2662,,135.5988,
Aditi Mahavidyalaya (W),B.A. Program (Economics + Mathematics),559.2583,270.6184,176.8072,,316.4181,
Aditi Mahavidyalaya (W),B.A. Program (Economics + Psychology),698.7806,523.1819,474.3461,473.7043,511.7459,
Aditi Mahavidyalaya (W),B.A. Program (Education + Political Science),481.0024,294.7736,255.0956,119.0082,215.6585,
Aditi Mahavidyalaya (W),B.A. Program (Education + Sociology),472.3839,254.5476,233.4483,304.3209,223.8043,
Aditi Mahavidyalaya (W),B.A. Program (Geography + History),525.9218,366.8976,348.562,233.2969,238.8115,
Aditi Mahavidyalaya (W),B.A. Program (History + Political Science),546.3069,402.5058,382.7572,121.127,337.355,303.9448
Aditi Mahavidyalaya (W),B.A. Program (Mathematics + Psychology),546.8129,345.4451,130.9528,,275.1541,
Aditi Mahavidyalaya (W),B.A. Program (Music + Hindi / Political Science / Sociology),449.4945,181.7913,213.5778,139.6428,261.2173,
Aditi Mahavidyalaya (W),B.A. Program (Sanskrit + Community Science/ Political Science/ Sociology),242.4865,,,,,
Aditi Mahavidyalaya (W),B.Com.,631.9126,460.8813,387.0918,203.4733,510.549,606.9124
Aditi Mahavidyalaya (W),B.Com. (Hons.),657.9701,487.2293,402.2675,292.648,563.7028,
Aditi Mahavidyalaya (W),Bachelor of Elementary Education (B.El.Ed.),572.9423,471.034,434.1392,240.203,438.7523,
Aryabhatta College,B.A. (Hons.) Business Economics,646.1609,452.6809,375.329,246.0425,508.3439,
Aryabhatta College,B.A. (Hons.) Economics,727.8201,520.2715,428.1571,217.1329,590.3104,
Aryabhatta College,B.A. (Hons.) English,690.1733,562.3168,518.7194,471.4749,568.1266,245.6299
Aryabhatta College,B.A. (Hons.) Hindi,433.4975,317.2177,332.5351,275.5882,187.8336,
Aryabhatta College,B.A. (Hons.) History,691.7653,603.1073,533.3171,474.804,598.0295,220.839
Aryabhatta College,B.A. (Hons.) Political Science,739.358,665.2191,591.6162,592.542,669.3899,242.826
Aryabhatta College,B.A. (Hons.) Psychology,852.5983,731.6038,714.2264,638.5478,720.7571,603.8666
Aryabhatta College,B.A. Program (Economics + Mathematics),674.1707,465.3513,370.4192,276.1164,511.0772,
Aryabhatta College,B.A. Program (English + Psychology),778.3418,651.9898,618.9706,603.7574,630.2979,388.3016
Aryabhatta College,B.A. Program (History + Political Science),696.8617,617.1137,566.4148,547.7745,632.8109,
Aryabhatta College,B.Com.,773.1199,651.4686,568.0719,476.5432,707.5404,333.8638
Aryabhatta College,B.Com. (Hons.),793.4559,686.7711,601.5701,477.2579,741.0603,184.4613
Aryabhatta College,B.Sc. (Hons.) Computer Science,614.1416,515.1824,446.7822,372.1745,532.1074,133.6747
Aryabhatta College,B.Sc. (Hons.) Mathematics,585.9599,462.7985,353.48,302.5011,485.5934,
Aryabhatta College,Bachelor of Management Studies (BMS),672.9539,523.8847,466.2756,112.2396,583.1756,196.2126
Atma Ram Sanatan Dharma College,B.A. (Hons.) Economics,780.4583,627.9672,564.489,396.2702,697.2403,166.0203
Atma Ram Sanatan Dharma College,B.A. (Hons.) English,772.5984,682.8804,642.0936,571.4173,708.2108,367.6971
Atma Ram Sanatan Dharma College,B.A. (Hons.) Hindi,438.7315,358.9884,352.2898,315.9093,231.373,299.1102
Atma Ram Sanatan Dharma College,B.A. (Hons.) History,801.4132,741.1772,673.8987,664.3074,722.9814,326.6444
Atma Ram Sanatan Dharma College,B.A. (Hons.) Political Science,817.2431,769.4254,714.0782,683.7355,747.0691,383.0967
Atma Ram Sanatan Dharma College,B.A. Program (Any two disciplines from (History/Political Sc./Economics)),793.1361,728.0101,663.7223,638.1971,725.3297,473.6014
Atma Ram Sanatan Dharma College,B.A. Program (Computer Applications + Any other discipline subject from (English/Hindi/Sanskrit/Political Sc./Economics/Mathematics/Comp. App./History)),789.0098,654.2195,575.2198,430.2581,695.0747,298.5113
Atma Ram Sanatan Dharma College,B.A. Program (English + Any other discipline subject from (English/Hindi/Sanskrit/Political Sc./Economics/Mathematics/Comp. App./History)),805.6257,734.3961,657.1825,613.6934,714.0896,513.9705
Atma Ram Sanatan Dharma College,B.A. Program (Hindi + Any other discipline subject from (English/Hindi/Sanskrit/Political Sc./Economics/Mathematics/Comp. App./History)),768.8575,715.0633,635.2383,562.061,660.8178,326.6427
Atma Ram Sanatan Dharma College,B.A. Program (Mathematics + Any other discipline subject from (English/Hindi/Sanskrit/Political Sc./Economics/Mathematics/Comp. App./History)),801.6214,659.4047,526.941,352.78,695.8649,
Atma Ram Sanatan Dharma College,B.A. Program (Sanskrit + Any other discipline subject from (English/Hindi/Sanskrit/Political Sc./Economics/Mathematics/Comp. App./History)),743.4734,579.362,448.2902,432.1264,627.6357,
Atma Ram Sanatan Dharma College,B.Com.,826.3381,742.6924,651.8458,533.6136,784.1752,296.1243
Atma Ram Sanatan Dharma College,B.Com. (Hons.),854.4799,780.0332,701.7796,584.6259,838.7163,444.4668
Atma Ram Sanatan Dharma College,B.Sc. (Hons.) Chemistry,404.6318,344.9842,247.865,156.6156,356.8047,
Atma Ram Sanatan Dharma College,B.Sc. (Hons.) Computer Science,694.7552,617.3588,537.4316,457.3397,641.8336,246.3913
Atma Ram Sanatan Dharma College,B.Sc. (Hons.) Electronics,407.7575,334.444,260.7194,140.6212,366.3659,
Atma Ram Sanatan Dharma College,B.Sc. (Hons.) Mathematics,674.0348,542.105,452.5512,332.7597,559.8225,
Atma Ram Sanatan Dharma College,B.Sc. (Hons.) Physics,425.6217,365.9597,271.475,139.6233,374.5224,
Atma Ram Sanatan Dharma College,B.Sc. (Prog.) Applied Physical Sciences with Industrial Chemistry,311.341,259.6699,143.2235,121.0878,269.3386,
Atma Ram Sanatan Dharma College,B.Sc. (Prog.) Physical Science with Chemistry,349.5412,297.0622,198.0245,84.2581,302.8756,
Atma Ram Sanatan Dharma College,B.Sc. (Prog.) Physical Science with Computer Science/ Informatics Practices,408.7925,346.5985,250.2468,152.028,375.7989,
Atma Ram Sanatan Dharma College,B.Sc. (Prog.) Physical Science with Electronics,339.4097,287.4364,180.4998,28.0904,290.42,
Bhagini Nivedita College (W),B.A. (Hons.) Hindi,269.9125,129.0332,146.4744,,,
Bhagini Nivedita College (W),B.A. (Hons.) History,552.9393,396.9793,374.5525,231.4351,357.1478,
Bhagini Nivedita College (W),B.A. (Hons.) Political Science,606.1022,443.7554,429.8115,324.9191,388.1462,
Bhagini Nivedita College (W),B.A. Program (Community Science + Political Science),470.3067,268.9847,177.521,,209.0632,
Bhagini Nivedita College (W),B.A. Program (Community Science + Sanskrit),321.4559,258.4198,,,,
Bhagini Nivedita College (W),B.A. Program (Computer Applications + Economics),531.4984,286.6554,147.4043,,290.7329,
Bhagini Nivedita College (W),B.A. Program (Computer Applications + Political Science),474.6252,253.7767,118.1175,,167.4148,
Bhagini Nivedita College (W),B.A. Program (Economics + Community Science),518.9912,304.9839,202.5112,,319.925,
Bhagini Nivedita College (W),B.A. Program (Economics + History),525.0955,352.0408,321.7878,147.1821,305.5321,
Bhagini Nivedita College (W),B.A. Program (Economics + Political Science),538.8005,345.478,288.7707,308.7427,326.0546,
Bhagini Nivedita College (W),B.A. Program (History + Community Science),459.3548,244.1841,149.7592,,283.5617,
Bhagini Nivedita College (W),B.A. Program (History + Music),446.0918,272.0182,266.3799,,176.6426,343.6899
Bhagini Nivedita College (W),B.A. Program (History + Political Science),524.0277,353.9102,343.882,131.5407,251.6879,
Bhagini Nivedita College (W),B.A. Program (Music + Political Science),484.7222,255.7037,245.4835,254.2555,,
Bhagini Nivedita College (W),B.A. Program (Sanskrit + History),258.7127,,66.5942,,,
Bhagini Nivedita College (W),B.A. Program (Sanskrit + Music),170.8893,,,,,
Bhagini Nivedita College (W),B.A. Program (Sanskrit + Political Science),307.2714,,,,,
Bhagini Nivedita College (W),B.Com.,618.9131,431.6527,338.0771,,496.2915,
Bhagini Nivedita College (W),B.Sc. (Hons.) Home Science,448.8441,375.886,306.2394,269.8148,361.6631,
Bhagini Nivedita College (W),B.Sc. (Hons.) Physics,278.9549,196.0037,87.029,,193.8171,
Bhagini Nivedita College (W),B.Sc. (Prog.) Physical Science with Chemistry,234.3239,173.5478,10.2789,,175.283,
Bhagini Nivedita College (W),B.Sc. (Prog.) Physical Science with Computer Science/ Informatics Practices,282.2644,203.6788,99.1785,,207.7141,
Bharati College (W),B.A. (Hons.) English,625.1551,470.9141,457.0245,373.4103,456.777,123.66
Bharati College (W),B.A. (Hons.) Hindi,252.797,205.4043,174.1656,,,
Bharati College (W),B.A. (Hons.) History,579.8686,435.3444,394.025,233.8808,366.2468,
Bharati College (W),B.A. (Hons.) Journalism,670.1977,550.9965,490.4774,416.2596,540.6552,296.7479
Bharati College (W),B.A. (Hons.) Political Science,645.6096,505.8193,457.4311,369.362,451.0144,
Bharati College (W),B.A. (Hons.) Psychology,762.6707,619.6707,580.2082,499.912,615.7284,443.0743
Bharati College (W),B.A. (Hons.) Sanskrit,310.9174,85.9497,197.6851,196.4752,147.8447,
Bharati College (W),B.A. (Hons.) Sociology,611.8101,434.2025,407.6669,438.6147,369.0263,
Bharati College (W),B.A. Program (Commerce + Economics),638.6453,442.3755,374.3071,350.9328,491.7059,
Bharati College (W),B.A. Program (Community Science + Political Science),534.848,328.1227,307.2513,239.6079,250.8885,
Bharati College (W),B.A. Program (Computer Applications + Economics),576.3471,312.9585,135.3952,,343.7494,
Bharati College (W),B.A. Program (Computer Applications + Political Science),533.6946,277.1491,299.4339,,243.8272,
Bharati College (W),B.A. Program (Economics + Political Science),597.9635,415.8996,379.6011,323.1911,412.2269,
Bharati College (W),B.A. Program (History + Music),492.0982,238.8572,237.5218,,,
Bharati College (W),B.A. Program (History + Political Science),585.7764,453.0132,425.3364,377.2559,407.2083,317.826
Bharati College (W),B.A. Program (Punjabi + History),190.5917,,,,,
Bharati College (W),B.A. Program (Sanskrit + History),308.9823,282.4556,298.4529,,,
Bharati College (W),B.Com.,629.4655,458.3124,362.3774,210.0877,520.4126,
Bharati College (W),B.Com. (Hons.),673.0963,510.3546,415.3479,274.1976,587.0731,
Bharati College (W),B.Sc. (Hons.) Mathematics,484.5838,356.0449,216.0352,,372.9745,
Bhaskaracharya College of Applied Sciences,B.Sc. (Hons.) Biomedical Science,623.2274,565.6127,501.2922,444.3355,563.886,151.7976
Bhaskaracharya College of Applied Sciences,B.Sc. (Hons.) Botany,541.9603,490.76,404.4388,354.1472,485.4712,
Bhaskaracharya College of Applied Sciences,B.Sc. (Hons.) Chemistry,325.1812,260.5441,176.9838,234.4451,252.0847,
Bhaskaracharya College of Applied Sciences,B.Sc. (Hons.) Computer Science,584.2531,495.5449,418.8156,304.3555,508.2541,88.3106
Bhaskaracharya College of Applied Sciences,B.Sc. (Hons.) Electronics,312.7603,229.823,165.8269,71.957,231.6701,
Bhaskaracharya College of Applied Sciences,B.Sc. (Hons.) Food Technology,576.4987,519.6708,449.5199,348.286,523.8968,243.0803
Bhaskaracharya College of Applied Sciences,B.Sc. (Hons.) Instrumentation,265.301,190.7747,118.4375,,192.5714,
Bhaskaracharya College of Applied Sciences,B.Sc. (Hons.) Microbiology,621.0354,563.8698,487.7735,445.8208,553.3138,132.5661
Bhaskaracharya College of Applied Sciences,B.Sc. (Hons.) Physics,343.6647,257.9484,167.8119,165.4102,260.2142,
Bhaskaracharya College of Applied Sciences,B.Sc. (Hons.) Polymer Science,267.05,181.1081,94.4695,90.2035,177.7076,
Bhaskaracharya College of Applied Sciences,B.Sc. (Hons.) Zoology,568.0953,510.881,434.9208,380.6688,502.831,
Cluster Innovation Centre,B.A. (Hons.) Humanities and Social Sciences,701.4818,545.7539,497.0797,365.7561,559.9011,235.6061
Cluster Innovation Centre,B.Tech. Information Technology and Mathematical Innovations (IT & MI),552.5421,503.2151,456.4338,410.9217,522.2977,373.76
College of Vocational Studies,B.A. (Hons.) Business Economics,671.2166,483.6371,391.6587,356.1205,565.1047,
College of Vocational Studies,B.A. (Hons.) Economics,738.6427,513.8442,432.5997,151.4361,622.077,
College of Vocational Studies,B.A. (Hons.) English,686.3971,557.5323,501.2215,414.5933,551.2323,
College of Vocational Studies,B.A. (Hons.) Hindi,353.1568,187.2716,270.7108,257.7842,251.748,
College of Vocational Studies,B.A. (Hons.) History,670.5876,587.2314,488.8312,424.459,584.1125,
College of Vocational Studies,B.A. (Vocational Studies) Tourism Management,631.6954,522.3424,464.5924,431.2988,524.6544,189.4071
College of Vocational Studies,B.A. Program (Commerce + Computer Applications),675.0454,458.4611,375.1906,227.0147,550.599,
College of Vocational Studies,B.A. Program (Commerce + Economics),730.9227,567.2049,476.9241,232.9307,634.0428,
College of Vocational Studies,B.A. Program (Commerce + Hindi),605.9905,450.4947,364.7004,,506.8674,
College of Vocational Studies,B.A. Program (Economics + Mathematics),697.8494,474.574,344.2276,287.7895,538.3885,
College of Vocational Studies,B.A. Program (History + Political Science),677.8532,584.5109,562.1743,492.9485,545.2123,
College of Vocational Studies,B.Com. (Hons.),794.3665,676.6919,578.8135,387.9519,743.501,199.3591
College of Vocational Studies,B.Sc. (Hons.) Computer Science,613.6378,523.0975,438.4215,332.012,542.453,316.7543
College of Vocational Studies,Bachelor of Management Studies (BMS),705.1576,553.4272,478.4309,220.3867,622.5911,257.9289
Daulat Ram College (W),B.A. (Hons.) Economics,776.9302,607.8189,516.2754,357.2373,673.7414,309.519
Daulat Ram College (W),B.A. (Hons.) English,772.6368,679.0287,629.5432,641.9364,695.9154,182.3032
Daulat Ram College (W),B.A. (Hons.) Hindi,404.236,199.6832,260.6086,320.7209,181.6854,296.1334
Daulat Ram College (W),B.A. (Hons.) History,812.2687,744.0065,667.1233,657.9856,761.8101,222.89
Daulat Ram College (W),B.A. (Hons.) Philosophy,749.3026,657.4728,588.5406,573.2826,675.8516,
Daulat Ram College (W),B.A. (Hons.) Political Science,842.2217,783.9401,712.3855,681.5887,801.8325,343.3161
Daulat Ram College (W),B.A. (Hons.) Psychology,872.8975,808.3654,775.3886,758.1468,787.2494,708.3049
Daulat Ram College (W),B.A. (Hons.) Sanskrit,195.4136,161.1345,81.2885,,164.3067,
Daulat Ram College (W),B.A. Program (Commerce + Community Science),710.0676,585.3174,508.333,312.4505,670.1864,
Daulat Ram College (W),B.A. Program (Community Science + Music),579.599,409.8156,394.4618,274.3247,412.32,
Daulat Ram College (W),B.A. Program (Economics + Mathematics),779.0145,636.8954,532.2712,268.295,708.043,
Daulat Ram College (W),B.A. Program (English + History),781.7968,729.4364,648.9575,624.452,747.5684,311.3186
Daulat Ram College (W),B.A. Program (Hindi + Physical Education),535.2545,383.9271,349.5056,193.6382,328.42,
Daulat Ram College (W),B.A. Program (History + Political Science),827.1003,761.7319,703.1627,689.2812,770.0732,494.44
Daulat Ram College (W),B.A. Program (Philosophy + Psychology),814.9025,690.5076,649.8561,639.2101,732.575,435.0939
Daulat Ram College (W),B.A. Program (Sanskrit + Music),390.6891,196.1367,211.6841,,298.1084,
Daulat Ram College (W),B.Com.,834.4386,743.1344,641.4943,526.2087,793.5288,333.9205
Daulat Ram College (W),B.Com. (Hons.),856.3556,766.2997,696.8248,576.6025,829.2352,249.5791
Daulat Ram College (W),B.Sc. (Hons.) Bio-Chemistry,652.0572,619.553,549.3218,494.5242,600.7957,386.9713
Daulat Ram College (W),B.Sc. (Hons.) Botany,597.3808,555.4222,463.7221,450.9855,568.5343,
Daulat Ram College (W),B.Sc. (Hons.) Chemistry,414.7778,359.7485,259.92,157.2112,381.3659,
Daulat Ram College (W),B.Sc. (Hons.) Mathematics,672.3881,539.0919,462.5347,354.9873,574.146,
Daulat Ram College (W),B.Sc. (Hons.) Physics,422.3883,350.9876,259.1458,92.2636,367.363,
Daulat Ram College (W),B.Sc. (Hons.) Zoology,630.8508,588.2619,505.3295,476.0322,579.3732,253.1816
Daulat Ram College (W),B.Sc. (Prog.) Life Science,604.3057,555.2002,478.8621,403.4734,550.7125,
Deen Dayal Upadhyaya College,B.A. (Hons.) English,687.6752,554.5891,516.0762,482.1582,566.1727,168.0759
Deen Dayal Upadhyaya College,B.A. Program (Economics + History),668.5211,552.8469,467.0554,444.0981,543.4787,
Deen Dayal Upadhyaya College,B.A. Program (Economics + Political Science),692.7097,583.7847,478.3405,497.5373,585.759,176.19
Deen Dayal Upadhyaya College,B.A. Program (History + Political Science),694.59,599.5349,537.2999,533.9522,583.0922,240.828
Deen Dayal Upadhyaya College,B.Com. (Hons.),783.7185,673.8708,578.4182,424.0942,724.4292,167.4098
Deen Dayal Upadhyaya College,B.Sc. (Hons.) Botany,566.2595,513.5576,422.3603,391.9222,514.255,192.9716
Deen Dayal Upadhyaya College,B.Sc. (Hons.) Chemistry,380.1503,311.6665,216.0778,88.2204,324.5195,
Deen Dayal Upadhyaya College,B.Sc. (Hons.) Computer Science,653.7045,577.7064,501.2622,400.9177,604.0946,164.9925
Deen Dayal Upadhyaya College,B.Sc. (Hons.) Electronics,353.9193,287.7856,212.9615,123.7415,301.0279,
Deen Dayal Upadhyaya College,B.Sc. (Hons.) Mathematics,604.6684,483.1077,367.0198,166.2977,497.6818,
Deen Dayal Upadhyaya College,B.Sc. (Hons.) Physics,388.5576,307.9047,221.3548,49.547,320.8086,
Deen Dayal Upadhyaya College,B.Sc. (Hons.) Zoology,595.071,544.7799,502.5483,432.7086,550.6781,138.9165
Deen Dayal Upadhyaya College,B.Sc. (Prog.) Life Science,574.9848,533.7616,465.6472,395.8176,517.556,
Deen Dayal Upadhyaya College,B.Sc. (Prog.) Mathematical Sciences,568.4292,434.0923,336.0674,182.6231,443.397,
Deen Dayal Upadhyaya College,B.Sc. (Prog.) Physical Science with Chemistry,315.3041,249.5544,158.9899,,249.8672,
Deen Dayal Upadhyaya College,B.Sc. (Prog.) Physical Science with Computer Science/ Informatics Practices,385.2533,317.2849,231.6303,112.14,344.8558,
Deen Dayal Upadhyaya College,Bachelor of Management Studies (BMS),730.2847,595.2707,526.9088,386.1926,656.2943,447.3425
Delhi College of Arts and Commerce,B.A. (Hons.) Economics,762.1328,592.5554,510.7593,288.0425,678.9621,459.274
Delhi College of Arts and Commerce,B.A. (Hons.) English,730.1936,630.1019,578.2781,547.1264,646.204,194.8829
Delhi College of Arts and Commerce,B.A. (Hons.) History,758.1411,678.9189,622.3564,579.7234,664.0874,238.7735
Delhi College of Arts and Commerce,B.A. (Hons.) Journalism,767.24,683.6119,604.0874,592.1057,697.8229,486.8163
Delhi College of Arts and Commerce,B.A. (Hons.) Political Science,792.9899,726.673,650.6421,628.8125,710.9876,329.5727
Delhi College of Arts and Commerce,B.A. Program (Commerce + Computer Applications),729.6087,554.3792,494.6096,419.6332,606.3631,
Delhi College of Arts and Commerce,B.A. Program (Commerce + Economics),785.5413,683.8715,601.1178,559.4067,708.2567,294.983
Delhi College of Arts and Commerce,B.A. Program (Computer Applications + Mathematics),693.3608,578.5644,493.538,374.5168,596.1012,103.1685
Delhi College of Arts and Commerce,B.A. Program (Economics + Mathematics),786.492,597.6664,535.6596,273.6538,603.7456,
Delhi College of Arts and Commerce,B.A. Program (English + German),635.7721,483.3852,475.4356,426.211,474.4306,
Delhi College of Arts and Commerce,B.A. Program (English + Spanish),604.0571,465.5919,415.7528,365.0934,476.2745,
Delhi College of Arts and Commerce,B.A. Program (Hindi + History),644.9205,591.1609,515.8656,413.1229,553.9156,393.2049
Delhi College of Arts and Commerce,B.A. Program (Hindi + Physical Education),611.1743,468.8124,467.1406,329.1186,436.1479,
Delhi College of Arts and Commerce,B.A. Program (Hindi + Political Science),675.6952,613.1538,556.9556,445.5878,599.7784,216.1713
Delhi College of Arts and Commerce,B.A. Program (History + Political Science),757.8643,704.2467,666.3873,596.1741,702.4853,408.3166
Delhi College of Arts and Commerce,B.A. Program (Operational Research (OR) + Computer Applications),690.5134,555.7952,497.2031,209.8169,546.125,
Delhi College of Arts and Commerce,B.Com.,806.0278,709.2243,622.5487,503.8705,771.4456,161.9158
Delhi College of Arts and Commerce,B.Com. (Hons.),828.1138,746.4146,669.135,541.5342,800.4204,336.1783
Delhi School of Journalism,Five Year Integrated Program in Journalism,508.2576,425.8029,370.4365,333.107,451.3356,47.837
Department of Germanic and Romance Studies,B.A. (Hons.) French,680.2075,568.7898,566.3374,337.0486,569.3114,199.3131
Department of Germanic and Romance Studies,B.A. (Hons.) German,684.9031,555.812,544.3771,353.4854,535.5673,217.9585
Department of Germanic and Romance Studies,B.A. (Hons.) Italian,621.9074,476.493,441.8203,123.4769,476.1931,124.4991
Department of Germanic and Romance Studies,B.A. (Hons.) Spanish,645.8927,518.9498,484.6612,294.7856,512.8465,
Department of Slavonic and Finno Ugrian Studies,B.A. (Hons.) Russian,570.1034,413.5216,413.6489,193.3063,389.141,
Deshbandhu College,B.A. (Hons.) Economics,704.8334,479.1589,348.2767,197.0164,527.5313,
Deshbandhu College,B.A. (Hons.) English,668.4462,540.4664,492.3353,444.698,526.7924,349.3636
Deshbandhu College,B.A. (Hons.) Hindi,340.6323,98.4337,233.3891,216.4108,166.6935,
Deshbandhu College,B.A. (Hons.) History,659.6101,558.2531,489.3667,412.6018,511.2577,283.8876
Deshbandhu College,B.A. (Hons.) Political Science,709.1183,611.4024,542.9207,532.8855,588.7089,149.0663
Deshbandhu College,B.A. (Hons.) Sanskrit,409.4906,230.8139,208.1157,,159.7784,
Deshbandhu College,B.A. Program (Bengali + History),459.2833,394.0466,,,,
Deshbandhu College,B.A. Program (Bengali + Political Science),417.4383,336.8537,,,,
Deshbandhu College,B.A. Program (Economics + History),694.9367,583.7782,488.0973,,566.9897,
Deshbandhu College,B.A. Program (Economics + Mathematics),705.7607,565.874,415.6954,,515.3151,
Deshbandhu College,B.A. Program (Economics + Philosophy),713.5305,588.6863,496.9536,,537.7834,
Deshbandhu College,B.A. Program (Economics + Political Science),708.4328,608.7842,472.5733,518.9955,564.8845,
Deshbandhu College,B.A. Program (English + Economics),722.0897,607.5196,516.6718,525.0198,595.8471,157.8448
Deshbandhu College,B.A. Program (English + History),668.416,597.4453,481.9443,,541.2197,
Deshbandhu College,B.A. Program (English + Mathematics),644.4972,542.5879,444.0577,,512.672,
Deshbandhu College,B.A. Program (English + Philosophy),658.074,534.1881,463.6202,452.4419,537.4746,
Deshbandhu College,B.A. Program (English + Political Science),675.0933,592.6066,540.9601,522.4473,568.3976,303.845
Deshbandhu College,B.A. Program (Hindi + Economics),595.8631,539.8739,465.8208,435.8284,,
Deshbandhu College,B.A. Program (Hindi + History),593.9839,562.5937,445.4046,411.4724,498.5414,96.1703
Deshbandhu College,B.A. Program (Hindi + Philosophy),587.2608,509.0006,397.1057,,458.252,
Deshbandhu College,B.A. Program (Hindi + Political Science),610.0765,529.4083,476.1097,248.4111,504.819,
Deshbandhu College,B.A. Program (History + Mathematics),614.5701,530.2842,338.2608,,464.4258,
Deshbandhu College,B.A. Program (History + Philosophy),645.8196,566.5709,511.6691,388.2398,,
Deshbandhu College,B.A. Program (History + Political Science),672.6743,580.6048,519.1643,488.0865,591.3774,221.9744
Deshbandhu College,B.A. Program (Mathematics + Philosophy),597.677,472.5851,329.8199,,497.4935,
Deshbandhu College,B.A. Program (Mathematics + Political Science),633.5764,533.4113,382.8311,,434.7875,
Deshbandhu College,B.A. Program (Philosophy + Political Science),677.1205,576.5202,514.1441,462.2083,539.7758,
Deshbandhu College,B.A. Program (Punjabi + History),394.111,303.4176,,,,
Deshbandhu College,B.A. Program (Punjabi + Political Science),481.8876,398.6267,,,,
Deshbandhu College,B.A. Program (Sanskrit + Economics),543.5646,389.1671,279.842,,,
Deshbandhu College,B.A. Program (Sanskrit + History),501.1574,356.6844,199.7053,,,
Deshbandhu College,B.A. Program (Sanskrit + Philosophy),576.4695,366.1704,230.651,,,
Deshbandhu College,B.A. Program (Sanskrit + Political Science),535.5634,445.133,267.8619,,,
Deshbandhu College,B.A. Program (Sindhi + History),359.8361,,,,,
Deshbandhu College,B.Com. (Hons.),763.0396,639.0912,551.8369,375.8691,708.9887,414.7341
Deshbandhu College,B.Sc. (Hons.) Bio-Chemistry,631.1388,566.6391,493.8359,419.9633,569.9492,139.1389
Deshbandhu College,B.Sc. (Hons.) Botany,542.5678,491.5407,405.4363,359.0655,478.7562,
Deshbandhu College,B.Sc. (Hons.) Chemistry,339.0042,278.8977,204.1085,314.842,292.2554,
Deshbandhu College,B.Sc. (Hons.) Mathematics,539.1871,427.2778,308.6772,78.5344,441.5978,
Deshbandhu College,B.Sc. (Hons.) Physics,348.3048,279.8268,168.2199,76.7749,276.6628,
Deshbandhu College,B.Sc. (Hons.) Zoology,565.2502,510.8412,437.7343,395.9995,505.989,113.5011
Deshbandhu College,B.Sc. (Prog.) Applied Physical Sciences with Industrial Chemistry,250.6469,197.0651,93.1949,,193.4608,
Deshbandhu College,B.Sc. (Prog.) Life Science,558.8236,502.6765,417.2851,342.0682,487.3155,
Deshbandhu College,B.Sc. (Prog.) Physical Science with Chemistry,262.1348,204.3761,94.8505,,204.5865,
Deshbandhu College,B.Sc. (Prog.) Physical Science with Computer Science/ Informatics Practices,326.9407,254.0903,174.212,,253.017,
Dr. Bhim Rao Ambedkar College,B.A. (Hons.) Applied Psychology,759.4253,614.8748,589.2977,514.2537,590.2028,53.5793
Dr. Bhim Rao Ambedkar College,B.A. (Hons.) Business Economics,597.3412,382.0178,307.2173,289.824,457.971,
Dr. Bhim Rao Ambedkar College,B.A. (Hons.) Economics,653.0099,412.817,312.9396,345.6055,479.4263,
Dr. Bhim Rao Ambedkar College,B.A. (Hons.) Geography,602.1975,498.6868,469.2851,444.7297,466.7177,473.1876
Dr. Bhim Rao Ambedkar College,B.A. (Hons.) Hindi,313.8755,164.5937,215.2228,183.0501,,
Dr. Bhim Rao Ambedkar College,B.A. (Hons.) Hindi Patrakarita,383.9871,274.7364,287.4021,215.1473,223.1358,
Dr. Bhim Rao Ambedkar College,B.A. (Hons.) History,611.4764,478.9296,449.4626,379.4731,416.6867,188.7891
Dr. Bhim Rao Ambedkar College,B.A. (Hons.) Social Work,563.6548,407.931,362.9619,239.8863,325.7736,152.3471
Dr. Bhim Rao Ambedkar College,B.A. Program (Commerce + Economics),650.3228,487.6953,387.3294,241.8527,517.893,
Dr. Bhim Rao Ambedkar College,B.A. Program (Commerce + Mathematics),614.9061,408.9609,360.4939,,480.5387,
Dr. Bhim Rao Ambedkar College,B.A. Program (Commerce + Political Science),610.9185,426.026,381.6305,332.3031,457.8754,
Dr. Bhim Rao Ambedkar College,B.A. Program (Commerce + Psychology),709.0229,539.7238,500.2403,452.9076,524.5426,
Dr. Bhim Rao Ambedkar College,B.A. Program (Economics + Geography),605.6008,470.3165,428.4907,404.8453,404.118,320.7085
Dr. Bhim Rao Ambedkar College,B.A. Program (Economics + Mathematics),619.5025,414.2168,312.0488,426.9777,417.6106,
Dr. Bhim Rao Ambedkar College,B.A. Program (English + History),611.5459,473.2557,463.1201,450.7803,419.9997,
Dr. Bhim Rao Ambedkar College,B.A. Program (English + Psychology),739.0708,595.0609,576.708,514.7849,573.7073,189.8936
Dr. Bhim Rao Ambedkar College,B.A. Program (Geography + Psychology),708.1747,563.3899,524.5978,460.3733,541.141,406.9471
Dr. Bhim Rao Ambedkar College,B.A. Program (Hindi + History),526.5572,378.4075,392.7069,219.0287,319.3722,
Dr. Bhim Rao Ambedkar College,B.A. Program (Hindi + Political Science),517.3112,378.9796,395.8096,149.9889,285.8929,266.5289
Dr. Bhim Rao Ambedkar College,B.A. Program (Hindi + Sanskrit),396.3603,260.3883,308.0618,,,
Dr. Bhim Rao Ambedkar College,B.A. Program (History + Political Science),596.6886,474.7478,474.9729,401.4849,434.1717,398.419
Dr. Bhim Rao Ambedkar College,B.A. Program (Sanskrit + Political Science),402.4505,271.9085,257.0442,,,
Dr. Bhim Rao Ambedkar College,B.A. Program (Urdu + History),394.5896,131.5396,,,,
Dr. Bhim Rao Ambedkar College,B.A. Program (Urdu + Political Science),429.6721,206.3558,,188.9128,178.2344,
Dr. Bhim Rao Ambedkar College,B.Com.,667.4684,509.9496,434.1067,184.2234,565.9747,
Dr. Bhim Rao Ambedkar College,B.Com. (Hons.),695.2991,550.017,465.6627,146.5158,600.7206,
Dyal Singh College,B.A. (Hons.) Economics,733.8413,529.3472,440.4166,139.4855,618.8175,
Dyal Singh College,B.A. (Hons.) English,696.2236,594.5089,518.7237,504.187,573.7926,160.9754
Dyal Singh College,B.A. (Hons.) Geography,724.0272,643.2438,571.2855,591.1785,616.7509,479.9913
Dyal Singh College,B.A. (Hons.) Hindi,330.0663,62.3218,227.0288,,156.4992,
Dyal Singh College,B.A. (Hons.) History,715.2141,641.7123,545.3361,503.0479,601.2852,348.1981
Dyal Singh College,B.A. (Hons.) Philosophy,645.1795,523.4802,475.234,395.6135,490.5244,215.35
Dyal Singh College,B.A. (Hons.) Political Science,749.5448,685.824,616.0066,585.0579,664.1147,225.657
Dyal Singh College,B.A. (Hons.) Punjabi,424.2905,288.5449,271.7505,142.7191,224.0534,
Dyal Singh College,B.A. (Hons.) Sanskrit,190.9066,219.0724,123.7626,133.2501,84.3499,
Dyal Singh College,B.A. (Hons.) Urdu,192.3628,176.6689,158.0979,98.2105,159.4025,
Dyal Singh College,B.A. Program (Bengali + History),409.6639,203.2652,290.8998,305.7991,,
Dyal Singh College,B.A. Program (Bengali + Political Science),425.5204,202.7356,226.7461,,,
Dyal Singh College,B.A. Program (Economics + Geography),709.6883,619.5938,566.1235,683.7405,612.2978,
Dyal Singh College,B.A. Program (Economics + History),714.3926,646.4072,535.3922,482.4094,568.4804,
Dyal Singh College,B.A. Program (Economics + Mathematics),725.2474,520.8636,388.1152,,582.6758,
Dyal Singh College,B.A. Program (Economics + Philosophy),752.2669,637.5512,523.8744,,611.582,
Dyal Singh College,B.A. Program (Economics + Political Science),742.3039,682.8291,595.0803,588.7764,616.8185,
Dyal Singh College,B.A. Program (English + History),691.7383,598.1454,545.3448,514.809,578.4323,371.7594
Dyal Singh College,B.A. Program (English + Philosophy),664.0777,570.8609,497.9614,487.9102,598.3126,
Dyal Singh College,B.A. Program (Geography + History),713.287,667.1989,647.6986,,643.1472,356.0654
Dyal Singh College,B.A. Program (Geography + Mathematics),624.2226,464.1776,426.9053,298.7527,519.7532,
Dyal Singh College,B.A. Program (Geography + Political Science),721.4244,676.0372,585.033,598.5903,608.7718,150.674
Dyal Singh College,B.A. Program (Hindi + Economics),638.9265,525.3372,452.1164,428.1097,531.9798,
Dyal Singh College,B.A. Program (Hindi + History),641.9691,543.4583,469.8562,,488.6646,
Dyal Singh College,B.A. Program (History + Political Science),743.5332,680.6225,582.1166,,689.715,
Dyal Singh College,B.A. Program (Philosophy + Political Science),722.483,625.9736,547.2706,,,
Dyal Singh College,B.A. Program (Punjabi + History),444.6177,196.802,251.9491,,247.0048,
Dyal Singh College,B.A. Program (Punjabi + Political Science),467.2134,277.9469,228.8147,,376.3864,
Dyal Singh College,B.A. Program (Sanskrit + Geography),517.7912,318.8496,153.4278,,313.2464,
Dyal Singh College,B.A. Program (Sanskrit + History),483.2141,363.9779,122.194,,362.7392,
Dyal Singh College,B.A. Program (Urdu + History),497.9663,319.6753,431.2411,147.4676,209.1038,
Dyal Singh College,B.A. Program (Urdu + Political Science),535.3267,340.2861,,,274.1837,
Dyal Singh College,B.Com.,775.9588,662.7946,561.5374,384.1635,715.7133,206.3579
Dyal Singh College,B.Com. (Hons.),796.7067,695.3015,603.3428,445.8534,750.5787,258.6858
Dyal Singh College,B.Sc. (Hons.) Botany,557.4761,512.173,428.792,381.8071,510.4076,
Dyal Singh College,B.Sc. (Hons.) Chemistry,360.3339,308.4104,194.7117,101.3421,293.597,
Dyal Singh College,B.Sc. (Hons.) Computer Science,629.5778,532.9145,456.9494,315.0713,583.8907,306.6917
Dyal Singh College,B.Sc. (Hons.) Mathematics,561.9739,459.9796,332.3784,150.708,468.8066,
Dyal Singh College,B.Sc. (Hons.) Physics,357.8516,283.6067,177.5951,89.5736,315.1621,
Dyal Singh College,B.Sc. (Hons.) Zoology,582.9629,539.2529,461.8241,408.6513,542.5026,
Dyal Singh College,B.Sc. (Prog.) Life Science,560.7157,513.1817,429.0024,356.3291,506.7054,
Dyal Singh College,B.Sc. (Prog.) Physical Science with Chemistry,277.4927,211.9622,99.5491,104.6214,212.7618,
Dyal Singh College,B.Sc. (Prog.) Physical Science with Computer Science/ Informatics Practices,341.4705,283.172,182.3617,90.1497,275.6954,
Dyal Singh College (Evening),B.A. (Hons.) English,595.9466,442.0186,411.7936,321.1522,461.2552,421.6623
Dyal Singh College (Evening),B.A. (Hons.) History,566.4896,439.3713,390.0793,337.2796,422.8415,
Dyal Singh College (Evening),B.A. (Hons.) Political Science,597.2313,463.3828,428.1653,404.4457,439.7761,
Dyal Singh College (Evening),B.A. Program (Commerce + Economics),625.7301,435.2991,334.6044,123.9858,497.8608,91.5136
Dyal Singh College (Evening),B.A. Program (Commerce + History),577.2386,413.3513,325.859,141.8198,418.7546,
Dyal Singh College (Evening),B.A. Program (Computer Applications + Economics),570.5958,394.7421,289.6181,,432.0124,
Dyal Singh College (Evening),B.A. Program (Economics + History),576.3222,408.6448,349.0056,259.3791,396.0843,
Dyal Singh College (Evening),B.A. Program (Economics + Political Science),592.681,424.9844,396.9887,289.7432,427.9174,
Dyal Singh College (Evening),B.A. Program (English + Political Science),586.5569,458.1792,430.8556,436.565,414.0849,
Dyal Singh College (Evening),B.A. Program (English + Tamil),232.5352,132.361,147.8919,,,
Dyal Singh College (Evening),B.A. Program (History + Political Science),574.5105,460.4528,420.5819,379.0769,422.7643,
Dyal Singh College (Evening),B.A. Program (Punjabi + History),281.2816,129.8362,,,,
Dyal Singh College (Evening),B.A. Program (Sanskrit + Political Science),394.5068,199.4198,,,289.7866,
Dyal Singh College (Evening),B.A. Program (Urdu + History),354.8122,129.7318,,,,
Dyal Singh College (Evening),B.Com.,670.7249,518.8394,399.0481,108.2771,591.0679,607.074
Dyal Singh College (Evening),B.Com. (Hons.),715.1966,575.9762,472.4916,219.0631,651.6283,
Gargi College (W),B.A. (Hons.) Applied Psychology,868.0419,756.714,748.4857,679.4115,760.1855,543.9295
Gargi College (W),B.A. (Hons.) Business Economics,688.9996,514.0401,437.3813,306.2944,579.0198,
Gargi College (W),B.A. (Hons.) Economics,780.3511,604.3786,511.2959,408.6409,666.7962,440.0446
Gargi College (W),B.A. (Hons.) English,766.6808,661.1796,619.1224,618.145,680.2452,299.5915
Gargi College (W),B.A. (Hons.) Hindi,366.2892,223.4316,281.7597,,191.7842,
Gargi College (W),B.A. (Hons.) History,775.6763,707.3729,621.8051,614.9135,695.0705,390.8789
Gargi College (W),B.A. (Hons.) Philosophy,717.3268,612.5199,534.7044,482.0993,619.59,
Gargi College (W),B.A. (Hons.) Political Science,811.8668,745.1406,675.5353,660.0152,732.5162,257.3711
Gargi College (W),B.A. (Hons.) Sanskrit,445.0673,82.7481,93.9339,,241.2563,
Gargi College (W),B.A. Program (Economics + Mathematics),759.7977,572.1161,461.9016,245.8896,627.8455,
Gargi College (W),B.A. Program (Economics + Political Science),831.1499,741.0822,710.3225,,749.653,278.1538
Gargi College (W),B.A. Program (Economics + Psychology),842.5202,718.8472,648.7908,589.0605,700.0169,
Gargi College (W),B.A. Program (English + German),701.0779,506.9362,518.3555,,523.8216,
Gargi College (W),B.A. Program (English + History),744.4038,688.3343,630.398,583.719,677.4581,
Gargi College (W),B.A. Program (English + Philosophy),744.5279,700.4554,610.0957,602.1646,648.0837,362.6205
Gargi College (W),B.A. Program (English + Psychology),842.5225,714.0793,668.7638,640.846,700.7959,
Gargi College (W),B.A. Program (German + History),643.4082,502.3027,463.7932,214.4243,482.5393,
Gargi College (W),B.A. Program (German + Political Science),691.429,538.2535,519.958,252.0065,549.9308,
Gargi College (W),B.A. Program (Hindi + History),664.3931,595.2647,530.8155,293.3149,548.5106,
Gargi College (W),B.A. Program (Hindi + Political Science),682.2937,603.2116,526.4115,380.4439,574.2799,
Gargi College (W),B.A. Program (History + Philosophy),733.4783,673.0848,584.5943,541.4248,647.7164,
Gargi College (W),B.A. Program (History + Political Science),764.9264,699.0219,620.3032,598.6296,686.3764,432.2431
Gargi College (W),B.A. Program (Philosophy + Political Science),758.4373,694.9475,615.6984,586.3642,670.0062,
Gargi College (W),B.A. Program (Philosophy + Psychology),818.6195,718.0464,640.3206,,722.0156,
Gargi College (W),B.Com.,798.9209,690.2313,590.2336,432.808,739.6724,237.6909
Gargi College (W),B.Com. (Hons.),831.1564,729.3554,650.6108,509.8428,786.7065,270.7221
Gargi College (W),B.Sc. (Hons.) Botany,580.7448,535.4263,442.8504,386.9077,522.8452,
Gargi College (W),B.Sc. (Hons.) Chemistry,399.9338,330.1754,222.9815,143.1527,339.5778,
Gargi College (W),B.Sc. (Hons.) Mathematics,644.1172,508.4605,380.902,311.4825,539.2939,
Gargi College (W),B.Sc. (Hons.) Microbiology,657.3103,598.439,525.1182,473.5166,568.6948,243.1947
Gargi College (W),B.Sc. (Hons.) Physics,413.1303,342.0093,221.3482,134.858,356.454,
Gargi College (W),B.Sc. (Hons.) Zoology,610.9192,558.2002,483.462,441.007,547.9688,143.0125
Gargi College (W),B.Sc. (Prog.) Life Science,588.0938,543.5149,449.2483,383.7542,531.7368,
Gargi College (W),B.Sc. (Prog.) Physical Science with Chemistry,324.5626,247.1268,158.0894,,271.5632,
Gargi College (W),Bachelor of Elementary Education (B.El.Ed.),683.4159,575.4715,589.6722,423.1947,594.8327,155.6503
Hansraj College,B.A. (Hons.) Economics,849.2435,712.7672,659.6564,583.5913,786.4347,579.6523
Hansraj College,B.A. (Hons.) English,842.4861,761.7902,736.4606,712.6209,782.7161,621.0226
Hansraj College,B.A. (Hons.) Hindi,632.1284,548.7721,471.8042,364.6139,521.9,403.1305
Hansraj College,B.A. (Hons.) History,879.8545,827.6558,784.5201,776.5171,829.5594,617.8408
Hansraj College,B.A. (Hons.) Philosophy,811.7008,733.1446,687.8982,693.1632,753.4302,494.2604
Hansraj College,B.A. (Hons.) Sanskrit,186.8829,457.9434,380.8143,194.8964,485.5611,
Hansraj College,B.A. Program (Commerce + Economics),887.2998,797.9212,716.4158,655.4928,847.7538,498.2636
Hansraj College,B.A. Program (Economics + History),860.7768,787.5285,728.5425,703.6361,807.7442,568.5425
Hansraj College,B.A. Program (Hindi + Physical Education),705.6438,605.8638,545.6989,491.3741,644.2201,148.7034
Hansraj College,B.A. Program (Philosophy + Physical Education),755.666,679.4426,619.8605,598.7233,728.2031,383.061
Hansraj College,B.A. Program (Sanskrit + Philosophy),682.8764,577.1153,483.6284,288.6835,633.5305,
Hansraj College,B.Com. (Hons.),907.5044,828.8441,764.5024,672.0275,874.6854,631.3309
Hansraj College,B.Sc. (Hons.) Anthropology,631.8239,579.2014,520.8266,491.3745,566.9526,139.6452
Hansraj College,B.Sc. (Hons.) Botany,644.7707,613.6234,544.6347,540.6696,608.3019,305.3691
Hansraj College,B.Sc. (Hons.) Chemistry,495.8078,428.7513,355.5942,253.4392,431.1784,243.3327
Hansraj College,B.Sc. (Hons.) Computer Science,783.8552,683.0742,652.3595,528.0088,711.9229,529.9197
Hansraj College,B.Sc. (Hons.) Electronics,506.8686,425.0943,355.963,258.5907,471.7334,169.0623
Hansraj College,B.Sc. (Hons.) Geology,611.89,533.2648,468.4997,445.2582,541.5903,124.761
Hansraj College,B.Sc. (Hons.) Mathematics,791.265,655.6198,583.5753,516.5359,678.1186,242.9377
Hansraj College,B.Sc. (Hons.) Physics,535.6669,465.955,380.766,283.5656,472.6206,297.0682
Hansraj College,B.Sc. (Hons.) Zoology,679.3436,644.5419,595.3549,568.5379,649.0266,503.3042
Hansraj College,B.Sc. (Prog.) Life Science,657.8067,624.8609,553.9857,526.4341,618.5,403.7119
Hansraj College,B.Sc. (Prog.) Physical Science with Chemistry,453.5161,383.2091,302.6288,209.7441,398.8297,68.3236
Hansraj College,B.Sc. (Prog.) Physical Science with Computer Science/ Informatics Practices,501.4597,431.3532,367.5625,244.521,482.9799,159.4354
Hindu College,B.A. (Hons.) Economics,880.7698,772.5051,714.7061,627.6719,818.4642,647.3307
Hindu College,B.A. (Hons.) English,889.4156,823.8303,803.102,798.2195,845.5261,717.1413
Hindu College,B.A. (Hons.) Hindi,725.1205,679.9071,588.5418,582.6614,639.0043,589.6751
Hindu College,B.A. (Hons.) History,908.7995,883.1893,854.9019,841.4096,900.2449,690.3723
Hindu College,B.A. (Hons.) Philosophy,849.1063,791.0417,762.3673,762.9199,805.5606,545.1105
Hindu College,B.A. (Hons.) Political Science,958.7147,930.8022,903.5051,870.9681,936.335,806.4491
Hindu College,B.A. (Hons.) Sanskrit,572.5033,299.5733,436.0478,330.9783,424.4442,
Hindu College,B.A. (Hons.) Sociology,895.8798,840.9564,803.1365,818.8935,855.5024,705.2467
Hindu College,B.A. Program (English + Economics),907.6822,872.276,794.8335,742.2196,874.8303,683.6937
Hindu College,B.A. Program (Hindi + Philosophy),796.8238,740.6293,642.0792,636.2453,758.9918,368.005
Hindu College,B.A. Program (History + Political Science),946.0801,910.6364,870.5252,856.756,925.7309,874.2058
Hindu College,B.A. Program (Sanskrit + Political Science),817.4873,758.6859,700.5974,634.4855,791.0474,
Hindu College,B.Com. (Hons.),919.8738,843.5968,786.8962,713.7103,885.5111,689.6232
Hindu College,B.Sc. (Hons.) Botany,671.6894,640.8338,575.5206,580.4577,642.6234,448.1142
Hindu College,B.Sc. (Hons.) Chemistry,533.2072,462.4262,382.9552,293.9087,484.0609,113.7729
Hindu College,B.Sc. (Hons.) Mathematics,819.3935,704.2834,627.2522,561.3143,716.4562,489.5597
Hindu College,B.Sc. (Hons.) Physics,568.3506,504.0955,420.5988,334.7096,507.6732,54.011
Hindu College,B.Sc. (Hons.) Statistics,846.2023,742.4135,681.525,586.314,775.8968,617.7378
Hindu College,B.Sc. (Hons.) Zoology,707.4493,675.5553,639.4022,647.7675,670.2653,613.3034
Hindu College,B.Sc. (Prog.) Physical Science with Chemistry,475.1465,407.4955,311.8176,255.8727,419.3259,213.0944
Hindu College,B.Sc. (Prog.) Physical Science with Electronics,464.4196,386.4692,305.1358,219.2196,413.6348,
Indraprastha College for Women (W),B.A. (Hons.) Economics,766.4165,584.7838,467.1574,306.936,658.0598,
Indraprastha College for Women (W),B.A. (Hons.) English,765.2057,666.8298,609.3169,594.2154,672.7629,262.0947
Indraprastha College for Women (W),B.A. (Hons.) Geography,805.9757,730.9801,682.6845,646.3835,742.5703,296.4919
Indraprastha College for Women (W),B.A. (Hons.) Hindi,379.9973,133.0563,192.6884,,260.5564,211.0869
Indraprastha College for Women (W),B.A. (Hons.) History,787.2369,726.0983,614.7848,667.8626,697.1434,303.2561
Indraprastha College for Women (W),B.A. (Hons.) Multi Media and Mass Communication,530.3413,445.083,401.4223,395.9472,459.7404,213.6626
Indraprastha College for Women (W),B.A. (Hons.) Philosophy,719.4092,615.1415,529.5325,466.5596,599.3504,
Indraprastha College for Women (W),B.A. (Hons.) Political Science,819.5145,754.7538,681.9929,656.8019,745.5437,335.3542
Indraprastha College for Women (W),B.A. (Hons.) Psychology,883.6166,775.923,757.6655,729.7684,784.0619,690.969
Indraprastha College for Women (W),B.A. (Hons.) Sanskrit,386.2927,105.8505,213.6167,,313.4436,
Indraprastha College for Women (W),B.A. (Hons.) Sociology,768.2296,679.9276,600.0949,617.6192,678.9349,198.4544
Indraprastha College for Women (W),B.A. Program (Commerce + Computer Applications),730.9281,528.003,420.4,273.2352,627.8188,
Indraprastha College for Women (W),B.A. Program (Commerce + Economics),785.5461,683.6925,587.0547,555.386,722.7132,
Indraprastha College for Women (W),B.A. Program (Commerce + Mathematics),739.6326,496.8557,395.1953,292.4015,611.1431,
Indraprastha College for Women (W),B.A. Program (Community Science + Philosophy),679.485,552.7926,459.4165,427.999,564.0517,
Indraprastha College for Women (W),B.A. Program (Community Science + Psychology),806.2505,673.0687,598.6017,530.365,670.0156,
Indraprastha College for Women (W),B.A. Program (Community Science + Sociology),697.5276,598.8458,509.8198,504.9699,593.2265,
Indraprastha College for Women (W),B.A. Program (Economics + Mathematics),759.7984,606.0782,451.6514,,656.3581,
Indraprastha College for Women (W),B.A. Program (Geography + English),752.8458,682.3844,579.5877,631.8687,684.9085,
Indraprastha College for Women (W),B.A. Program (Geography + History),777.3867,717.8336,612.3471,622.074,696.4196,
Indraprastha College for Women (W),B.A. Program (Geography + Political Science),782.6596,721.4824,625.8354,637.9454,729.7621,399.0134
Indraprastha College for Women (W),B.A. Program (Hindi + History),681.8634,618.9039,516.9,505.867,612.5821,220.5881
Indraprastha College for Women (W),B.A. Program (Hindi + Political Science),728.3976,639.3786,535.1758,310.5076,630.3392,162.1367
Indraprastha College for Women (W),B.A. Program (History + Political Science),793.278,733.7741,640.4516,637.2101,732.1294,546.1219
Indraprastha College for Women (W),B.A. Program (History + Sociology),761.1068,703.2425,599.194,599.41,707.056,
Indraprastha College for Women (W),B.A. Program (Sanskrit + Geography),646.7167,474.9963,415.8746,,516.068,
Indraprastha College for Women (W),B.A. Program (Sanskrit + Philosophy),613.2344,422.9181,361.094,,350.1437,
Indraprastha College for Women (W),B.Com. (Hons.),827.7007,730.9668,632.0424,492.5881,791.5632,275.0552
Indraprastha College for Women (W),B.Sc. (Hons.) Computer Science,674.8664,581.9139,485.6764,391.5963,617.5045,309.9864
Indraprastha College for Women (W),B.Sc. (Hons.) Mathematics,630.9532,509.1649,416.098,216.0426,554.6091,
Institute of Home Economics (W),B.A. (Hons.) Journalism,687.5014,566.1491,510.3873,443.8842,587.1258,222.1281
Institute of Home Economics (W),B.Sc. (Hons.) Bio-Chemistry,607.7673,562.9176,456.3356,385.6939,523.7755,
Institute of Home Economics (W),B.Sc. (Hons.) Food Technology,560.4794,507.2893,429.6959,329.4496,496.5882,
Institute of Home Economics (W),B.Sc. (Hons.) Home Science,454.7762,381.7823,313.4174,255.4167,370.3446,
Institute of Home Economics (W),B.Sc. (Hons.) Microbiology,601.0784,538.6571,454.895,415.8304,532.627,
Institute of Home Economics (W),B.Sc. (Pass) Home Science,561.5482,418.2178,365.0498,308.0558,425.4088,29.4005
Institute of Home Economics (W),Bachelor of Elementary Education (B.El.Ed.),623.54,533.8263,531.6481,366.2118,560.7455,86.5842
Janki Devi Memorial College (W),B.A. (Hons.) Economics,641.2166,391.2945,219.8994,,445.0248,
Janki Devi Memorial College (W),B.A. (Hons.) English,647.7185,476.0341,445.6722,382.1937,499.0962,208.6674
Janki Devi Memorial College (W),B.A. (Hons.) Hindi,217.4593,208.0026,92.8628,,,
Janki Devi Memorial College (W),B.A. (Hons.) History,598.6131,452.9064,398.7798,237.1535,362.3852,
Janki Devi Memorial College (W),B.A. (Hons.) Philosophy,580.6894,432.6902,373.0512,210.9884,362.362,
Janki Devi Memorial College (W),B.A. (Hons.) Political Science,658.3178,530.2736,479.1541,438.4275,484.7429,
Janki Devi Memorial College (W),B.A. (Hons.) Sanskrit,309.2026,,247.8862,,,
Janki Devi Memorial College (W),B.A. (Hons.) Sociology,641.7992,462.0855,393.0902,392.4647,392.3265,300.8204
Janki Devi Memorial College (W),B.A. Program (Community Science + Philosophy),551.2884,393.2941,331.5522,422.3562,384.4421,
Janki Devi Memorial College (W),B.A. Program (Community Science + Political Science),556.7341,370.4167,347.3452,264.3894,200.4084,
Janki Devi Memorial College (W),B.A. Program (Community Science + Sanskrit),390.3521,167.9611,226.9424,,,
Janki Devi Memorial College (W),B.A. Program (Economics + Community Science),572.3598,424.3248,308.0429,323.4792,442.6666,
Janki Devi Memorial College (W),B.A. Program (Economics + History),619.7306,507.8741,387.8854,346.4987,426.7129,
Janki Devi Memorial College (W),B.A. Program (Economics + Mathematics),629.4457,405.1662,258.702,252.5579,528.8707,
Janki Devi Memorial College (W),B.A. Program (Economics + Music),594.911,411.7918,438.0437,285.789,369.6878,
Janki Devi Memorial College (W),B.A. Program (Economics + Philosophy),642.1387,465.5384,415.7544,,388.1562,
Janki Devi Memorial College (W),B.A. Program (Economics + Political Science),639.7592,535.9939,493.4525,206.0771,493.0185,
Janki Devi Memorial College (W),B.A. Program (English + Economics),663.3999,521.5445,455.7102,337.6247,509.7082,
Janki Devi Memorial College (W),B.A. Program (English + History),621.4,557.1835,468.0699,432.2821,499.9689,
Janki Devi Memorial College (W),B.A. Program (English + Mathematics),607.1309,446.3262,286.691,,465.8227,
Janki Devi Memorial College (W),B.A. Program (English + Philosophy),644.5512,532.2829,509.2766,450.6603,458.8003,
Janki Devi Memorial College (W),B.A. Program (Hindi + History),524.4799,369.124,414.7658,263.9901,315.5999,
Janki Devi Memorial College (W),B.A. Program (Hindi + Music),510.5198,320.797,293.3299,,247.3825,
Janki Devi Memorial College (W),B.A. Program (Hindi + Political Science),543.2992,410.05,396.7245,316.872,249.7768,
Janki Devi Memorial College (W),B.A. Program (History + Music),511.9318,365.9256,412.8656,,315.1073,
Janki Devi Memorial College (W),B.A. Program (History + Philosophy),587.8811,434.1002,392.1282,163.3946,344.9724,
Janki Devi Memorial College (W),B.A. Program (History + Political Science),601.1138,465.5738,405.6653,297.4575,414.8978,
Janki Devi Memorial College (W),B.A. Program (Music + Philosophy),556.6956,398.3515,345.1805,269.9154,299.5484,
Janki Devi Memorial College (W),B.A. Program (Music + Political Science),614.9381,313.9936,347.9883,244.9126,,
Janki Devi Memorial College (W),B.A. Program (Philosophy + Political Science),588.947,482.4321,398.1056,376.152,301.6456,
Janki Devi Memorial College (W),B.A. Program (Sanskrit + History),466.6916,219.2884,175.683,,,
Janki Devi Memorial College (W),B.A. Program (Sanskrit + Philosophy),434.3979,,,,,
Janki Devi Memorial College (W),B.A. Program (Sanskrit + Political Science),449.9257,,,,,
Janki Devi Memorial College (W),B.Com.,663.9834,489.5155,414.9031,223.8618,573.9858,
Janki Devi Memorial College (W),B.Com. (Hons.),699.5031,524.362,448.5238,252.1237,623.644,
Janki Devi Memorial College (W),B.Sc. (Hons.) Mathematics,469.0542,332.9487,175.2155,202.9613,334.0188,
Jesus & Mary College (W),B.A. (Hons.) Economics,800.365,,,,,447.1357
Jesus & Mary College (W),B.A. (Hons.) English,770.0081,,,,,129.5508
Jesus & Mary College (W),B.A. (Hons.) Hindi,352.3608,,,,,
Jesus & Mary College (W),B.A. (Hons.) History,788.7408,,,,,
Jesus & Mary College (W),B.A. (Hons.) Political Science,839.0568,,,,,375.7
Jesus & Mary College (W),B.A. (Hons.) Psychology,900.7395,,,,,744.9333
Jesus & Mary College (W),B.A. (Hons.) Sociology,774.5949,,,,,
Jesus & Mary College (W),B.A. Program (Commerce + Economics),782.8588,,,,,
Jesus & Mary College (W),B.A. Program (Commerce + Psychology),810.2456,,,,,
Jesus & Mary College (W),B.A. Program (Commerce + Spanish),574.8322,,,,,
Jesus & Mary College (W),B.A. Program (Computer Applications + Economics),749.2855,,,,,
Jesus & Mary College (W),B.A. Program (Computer Applications + Mathematics),696.3138,,,,,306.5815
Jesus & Mary College (W),B.A. Program (Economics + Mathematics),770.8275,,,,,
Jesus & Mary College (W),B.A. Program (English + French),663.0232,,,,,
Jesus & Mary College (W),B.A. Program (English + History),750.1421,,,,,
Jesus & Mary College (W),B.A. Program (English + Philosophy),726.2127,,,,,
Jesus & Mary College (W),B.A. Program (English + Sociology),732.0728,,,,,235.5442
Jesus & Mary College (W),B.A. Program (French + Philosophy),605.0331,,,,,
Jesus & Mary College (W),B.A. Program (History + Political Science),782.1111,,,,,
Jesus & Mary College (W),B.A. Program (Philosophy + Psychology),824.4112,,,,,
Jesus & Mary College (W),B.A. Program (Political Science + Sociology),769.3939,,,,,
Jesus & Mary College (W),B.A. Program (Psychology + Sociology),841.3142,,,,,649.5092
Jesus & Mary College (W),B.A. Program (Spanish + History),577.4786,,,,,
Jesus & Mary College (W),B.Com.,823.3662,,,,,
Jesus & Mary College (W),B.Com. (Hons.),851.0255,,,,,349.1613
Jesus & Mary College (W),B.Sc. (Hons.) Mathematics,647.4488,,,,,
Jesus & Mary College (W),B.Voc. Health Care Management,697.3104,,,,,
Jesus & Mary College (W),B.Voc. Retail Management and IT,684.0619,,,,,322.2639
Jesus & Mary College (W),Bachelor of Elementary Education (B.El.Ed.),674.8777,,,,,233.8959
Kalindi College (W),B.A. (Hons.) Economics,631.5444,369.506,223.2789,,425.9071,
Kalindi College (W),B.A. (Hons.) English,627.1177,483.9703,444.3858,410.7003,485.4705,
Kalindi College (W),B.A. (Hons.) Geography,628.1813,543.683,483.8582,486.0699,510.315,
Kalindi College (W),B.A. (Hons.) Hindi,172.6431,129.6009,,,,
Kalindi College (W),B.A. (Hons.) History,595.3399,448.0556,407.981,311.7225,363.9037,
Kalindi College (W),B.A. (Hons.) Journalism,671.417,545.8378,485.1944,412.8409,561.7881,506.3352
Kalindi College (W),B.A. (Hons.) Political Science,643.7278,489.7389,454.2485,360.6535,415.0974,
Kalindi College (W),B.A. (Hons.) Sanskrit,268.9192,251.2973,217.5241,,,
Kalindi College (W),B.A. Program (Commerce + Computer Applications),627.3755,405.1181,344.2752,,424.7084,
Kalindi College (W),B.A. Program (Commerce + Economics),661.3082,511.827,392.5059,263.132,533.713,
Kalindi College (W),B.A. Program (Commerce + Geography),605.3842,414.1302,321.3863,,416.634,
Kalindi College (W),B.A. Program (Commerce + History),616.7263,405.8427,319.2086,,455.6913,
Kalindi College (W),B.A. Program (Commerce + Mathematics),609.278,375.6979,294.3894,,399.2807,
Kalindi College (W),B.A. Program (Commerce + Political Science),602.2477,426.345,321.7074,251.7598,437.7362,
Kalindi College (W),B.A. Program (Computer Applications + Economics),605.0311,411.0881,236.201,,414.3377,
Kalindi College (W),B.A. Program (Computer Applications + Geography),554.8888,375.9427,212.3543,,328.8609,
Kalindi College (W),B.A. Program (Computer Applications + Mathematics),596.9183,463.5079,369.8293,,445.1967,
Kalindi College (W),B.A. Program (Economics + Geography),593.1898,497.8289,440.3903,363.4264,424.1236,
Kalindi College (W),B.A. Program (Economics + History),595.3445,431.2917,394.6007,256.2133,409.0345,
Kalindi College (W),B.A. Program (Economics + Mathematics),609.098,385.4196,234.2103,,415.2581,
Kalindi College (W),B.A. Program (Economics + Political Science),609.6,436.773,382.7134,352.3212,437.5975,
Kalindi College (W),B.A. Program (Geography + History),621.3294,547.9233,493.3225,388.0517,458.0195,
Kalindi College (W),B.A. Program (Geography + Mathematics),521.5724,359.6426,,,317.5894,
Kalindi College (W),B.A. Program (Geography + Political Science),630.2293,514.2817,448.6933,466.0665,425.1494,
Kalindi College (W),B.A. Program (History + Music),516.7116,321.051,304.027,,,
Kalindi College (W),B.A. Program (History + Political Science),640.2414,568.6827,455.0543,398.8817,465.8683,
Kalindi College (W),B.A. Program (Music + Political Science),539.062,462.2734,310.2038,,157.4087,
Kalindi College (W),B.A. Program (Sanskrit + Economics),537.0495,,,,,
Kalindi College (W),B.A. Program (Sanskrit + Geography),458.3637,142.5527,,,,
Kalindi College (W),B.A. Program (Sanskrit + History),350.2275,,215.8785,,,
Kalindi College (W),B.A. Program (Sanskrit + Music),271.3555,,,,,
Kalindi College (W),B.A. Program (Sanskrit + Political Science),397.6104,301.526,107.9496,,,
Kalindi College (W),B.Com.,664.15,488.4809,406.9228,132.0393,561.0493,
Kalindi College (W),B.Com. (Hons.),727.6949,563.9853,486.9239,180.7005,627.0991,201.7811
Kalindi College (W),B.Sc. (Hons.) Botany,539.3187,486.708,401.3499,344.125,472.6261,
Kalindi College (W),B.Sc. (Hons.) Chemistry,317.8528,242.914,160.6204,113.4006,222.6032,
Kalindi College (W),B.Sc. (Hons.) Computer Science,559.844,473.5996,395.0958,265.5931,485.3731,
Kalindi College (W),B.Sc. (Hons.) Mathematics,516.0561,385.9432,244.0667,242.7111,404.5191,
Kalindi College (W),B.Sc. (Hons.) Physics,310.0104,226.9702,123.3239,,222.0724,
Kalindi College (W),B.Sc. (Hons.) Zoology,560.9058,501.9916,425.5614,384.7772,493.1103,
Kalindi College (W),B.Sc. (Prog.) Life Science,537.6792,483.3415,397.4122,327.7941,472.2612,
Kalindi College (W),B.Sc. (Prog.) Physical Science with Computer Science/ Informatics Practices,299.0585,224.1428,148.8577,74.8024,208.3639,
Kamala Nehru College (W),B.A. (Hons.) Economics,735.2211,515.8397,410.3912,180.1578,592.8416,
Kamala Nehru College (W),B.A. (Hons.) English,735.2786,621.8829,573.2134,565.3153,607.8636,152.8211
Kamala Nehru College (W),B.A. (Hons.) Geography,734.2606,657.052,587.7789,564.8842,682.7627,
Kamala Nehru College (W),B.A. (Hons.) Hindi,259.1092,209.8194,205.5228,,,
Kamala Nehru College (W),B.A. (Hons.) History,729.9299,657.3055,565.3206,524.1283,591.3384,
Kamala Nehru College (W),B.A. (Hons.) Journalism,750.1375,605.8349,565.5954,513.8803,625.9193,241.1667
Kamala Nehru College (W),B.A. (Hons.) Philosophy,679.4871,533.706,475.6211,458.6364,524.199,
Kamala Nehru College (W),B.A. (Hons.) Political Science,760.5583,685.3812,606.4582,571.8219,664.3598,
Kamala Nehru College (W),B.A. (Hons.) Psychology,860.3878,733.2637,724.5127,656.3421,751.6187,524.5309
Kamala Nehru College (W),B.A. (Hons.) Sanskrit,312.9593,185.8922,260.6753,,,
Kamala Nehru College (W),B.A. (Hons.) Sociology,716.4625,595.859,507.7501,582.2561,589.4687,
Kamala Nehru College (W),B.A. Program (Commerce + Economics),745.0337,602.0417,514.537,399.564,637.687,
Kamala Nehru College (W),B.A. Program (Commerce + English),740.7168,581.3316,486.6092,,,
Kamala Nehru College (W),B.A. Program (Commerce + Mathematics),687.8676,455.4547,328.1108,,538.449,
Kamala Nehru College (W),B.A. Program (Commerce + Psychology),799.7232,662.1336,574.0206,,622.931,
Kamala Nehru College (W),B.A. Program (Economics + Mathematics),733.2316,507.0286,377.1141,,566.4403,
Kamala Nehru College (W),B.A. Program (English + Psychology),816.1797,689.8706,634.6358,619.084,680.7138,
Kamala Nehru College (W),B.A. Program (English + Sociology),719.2489,655.1463,569.1518,519.1204,618.8342,
Kamala Nehru College (W),B.A. Program (Geography + History),718.148,666.701,582.3451,487.2184,603.4663,
Kamala Nehru College (W),B.A. Program (Geography + Political Science),727.9136,688.8886,564.0866,556.1325,631.6122,283.7933
Kamala Nehru College (W),B.A. Program (Hindi + History),646.2017,551.4681,466.0194,,489.9305,
Kamala Nehru College (W),B.A. Program (Hindi + Physical Education),570.8738,440.7913,316.3388,,375.9915,
Kamala Nehru College (W),B.A. Program (Hindi + Sanskrit),437.7243,367.9403,198.0062,,,
Kamala Nehru College (W),B.A. Program (History + Political Science),754.0597,678.4296,596.7844,544.6855,639.2134,
Kamala Nehru College (W),B.A. Program (Philosophy + Political Science),725.9563,635.676,595.8481,540.8427,611.9259,605.005
Kamala Nehru College (W),B.A. Program (Philosophy + Sociology),702.3705,562.1971,546.9461,423.2029,557.9371,
Kamala Nehru College (W),B.A. Program (Psychology + Sociology),825.0515,699.2484,629.2647,,643.4025,
Kamala Nehru College (W),B.A. Program (Sanskrit + Philosophy),506.0903,296.3744,,,,
Kamala Nehru College (W),B.A. Program (Sanskrit + Physical Education),433.4208,243.1996,196.3676,,,
Kamala Nehru College (W),B.Com.,763.9867,632.5497,535.0266,323.0468,696.8741,
Kamala Nehru College (W),B.Com. (Hons.),804.2344,689.431,578.5305,421.6578,743.7517,463.6404
Kamala Nehru College (W),B.Sc. (Hons.) Mathematics,574.6016,436.4739,319.2663,156.4568,461.8019,
Keshav Mahavidyalaya,B.A. (Hons.) Psychology,813.2771,661.3287,663.4962,542.2118,664.1047,521.656
Keshav Mahavidyalaya,B.Com. (Hons.),752.8439,606.5998,509.0485,133.3876,673.4461,394.6058
Keshav Mahavidyalaya,B.Sc. (Hons.) Computer Science,610.935,519.6726,442.4311,309.5255,534.0292,236.2974
Keshav Mahavidyalaya,B.Sc. (Hons.) Electronics,323.6274,245.7944,167.3335,64.0136,243.7617,
Keshav Mahavidyalaya,B.Sc. (Hons.) Mathematics,562.934,424.3555,308.929,,434.3906,
Keshav Mahavidyalaya,B.Sc. (Hons.) Physics,339.1886,257.3532,161.298,,253.8068,
Keshav Mahavidyalaya,B.Sc. (Prog.) Mathematical Sciences,513.7598,381.1403,272.3944,192.2328,395.5462,
Keshav Mahavidyalaya,B.Sc. (Prog.) Physical Science with Computer Science/ Informatics Practices,335.9681,263.9016,182.5376,86.91,257.6148,
Keshav Mahavidyalaya,Bachelor of Management Studies (BMS),715.7144,575.5536,503.1473,269.7937,631.8444,447.2696
Kirori Mal College,B.A. (Hons.) Economics,836.6499,691.5147,633.1398,560.7008,751.96,473.3403
Kirori Mal College,B.A. (Hons.) English,826.9507,742.8481,718.3584,684.4814,759.8101,578.4257
Kirori Mal College,B.A. (Hons.) Geography,867.1853,818.2143,786.5462,747.1994,820.2853,611.6558
Kirori Mal College,B.A. (Hons.) Hindi,572.3729,503.1637,440.0559,353.7885,433.6923,368.3173
Kirori Mal College,B.A. (Hons.) History,859.1337,812.29,766.5195,718.5726,817.783,673.3895
Kirori Mal College,B.A. (Hons.) Political Science,905.624,877.5781,822.6328,813.1154,886.4399,680.0658
Kirori Mal College,B.A. (Hons.) Sanskrit,220.8705,444.2033,305.9375,182.0013,474.1842,
Kirori Mal College,B.A. (Hons.) Urdu,455.5171,246.3042,228.81,182.8509,314.5358,
Kirori Mal College,B.A. Program (Bengali + History),637.3807,491.4528,461.7224,,463.052,
Kirori Mal College,B.A. Program (Bengali + Political Science),707.7973,538.2436,452.9715,293.9361,585.4923,
Kirori Mal College,B.A. Program (Economics + History),853.3389,784.8722,726.5707,702.9114,800.9525,590.1899
Kirori Mal College,B.A. Program (Economics + Philosophy),856.892,787.2519,699.2663,682.9972,824.3189,
Kirori Mal College,B.A. Program (Economics + Political Science),892.4512,817.4807,767.6378,744.9465,817.1702,641.0738
Kirori Mal College,B.A. Program (English + Political Science),856.4942,803.2482,764.3526,720.0186,809.8362,609.4577
Kirori Mal College,B.A. Program (Hindi + Political Science),839.0578,811.3725,719.9777,681.7067,780.4789,660.5084
Kirori Mal College,B.A. Program (History + Philosophy),840.6476,787.8927,696.7961,702.3327,806.839,
Kirori Mal College,B.A. Program (History + Political Science),881.6309,850.1877,796.9548,806.6211,831.3634,747.3203
Kirori Mal College,B.A. Program (Philosophy + Political Science),842.2964,804.3638,731.4012,702.9493,772.2786,
Kirori Mal College,B.Com.,889.8221,809.0275,740.0673,650.4753,853.0985,599.8927
Kirori Mal College,B.Com. (Hons.),903.7315,824.1002,756.5797,661.0921,871.4895,613.3938
Kirori Mal College,B.Sc. (Hons.) Botany,635.3641,603.6836,530.8981,495.7448,595.292,295.9593
Kirori Mal College,B.Sc. (Hons.) Chemistry,459.9794,399.07,302.0211,226.4478,411.7444,
Kirori Mal College,B.Sc. (Hons.) Mathematics,757.504,619.609,538.7906,452.8913,657.5425,210.0847
Kirori Mal College,B.Sc. (Hons.) Physics,493.9859,426.67,336.1856,231.0931,429.5666,
Kirori Mal College,B.Sc. (Hons.) Statistics,819.1191,664.592,621.1215,480.5966,726.7496,462.3363
Kirori Mal College,B.Sc. (Hons.) Zoology,668.1741,633.3154,578.1578,537.3467,634.2923,411.9573
Kirori Mal College,B.Sc. (Prog.) Life Science,651.4596,615.587,538.6176,496.823,610.1947,286.5631
Kirori Mal College,B.Sc. (Prog.) Physical Science with Chemistry,397.7101,337.0398,238.3114,153.6721,374.7952,
Kirori Mal College,B.Sc. (Prog.) Physical Science with Computer Science/ Informatics Practices,463.5697,400.6112,319.9515,211.2656,441.1491,133.5853
Kirori Mal College,B.Sc. Applied Physical Sciences with Analytical Methods in Chemistry & Biochemistry,380.4813,332.7452,234.674,179.389,364.9881,
Lady Irwin College (W),B.Sc. (Hons.) Food Technology,595.4844,534.3333,461.4059,392.889,515.788,113.851
Lady Irwin College (W),B.Sc. (Hons.) Home Science,485.2249,415.4399,352.5216,296.4504,398.5181,
Lady Irwin College (W),B.Sc. (Pass) Home Science,583.2411,441.4505,385.2475,318.9136,415.9162,234.7438
Lady Shri Ram College for Women (W),B.A. (Hons.) Economics,851.218,707.7613,614.964,524.2389,754.1006,502.8965
Lady Shri Ram College for Women (W),B.A. (Hons.) English,845.0206,743.2236,701.8313,682.7968,758.2117,480.6263
Lady Shri Ram College for Women (W),B.A. (Hons.) Hindi,566.042,445.7566,363.8566,419.6087,379.9241,281.7942
Lady Shri Ram College for Women (W),B.A. (Hons.) History,856.4324,789.6779,721.5735,712.3222,800.7561,491.5687
Lady Shri Ram College for Women (W),B.A. (Hons.) Journalism,869.734,781.3158,700.0135,739.8635,836.9717,592.8787
Lady Shri Ram College for Women (W),B.A. (Hons.) Philosophy,813.158,703.1681,638.2075,659.5593,720.8062,
Lady Shri Ram College for Women (W),B.A. (Hons.) Political Science,911.3551,865.0798,813.9853,777.0058,849.599,674.3569
Lady Shri Ram College for Women (W),B.A. (Hons.) Psychology,938.0911,854.2891,857.4708,850.7661,851.1668,843.0586
Lady Shri Ram College for Women (W),B.A. (Hons.) Sanskrit,162.7554,344.9993,194.7389,,336.8091,
Lady Shri Ram College for Women (W),B.A. (Hons.) Sociology,858.3046,784.1716,695.82,743.2664,770.0367,264.4941
Lady Shri Ram College for Women (W),B.A. Program (Computer Applications + Economics),880.3726,729.3685,612.2397,496.3571,782.7798,522.7595
Lady Shri Ram College for Women (W),B.A. Program (Economics + Mathematics),875.1558,713.6277,650.1444,619.2536,813.1012,606.4919
Lady Shri Ram College for Women (W),B.A. Program (Economics + Political Science),905.7017,834.7672,822.0001,739.3605,857.0067,
Lady Shri Ram College for Women (W),B.A. Program (History + Psychology),880.3989,773.3006,732.448,683.2671,811.6512,598.6339
Lady Shri Ram College for Women (W),B.A. Program (Political Science + Sociology),851.9652,784.461,718.8176,765.37,773.7314,629.4335
Lady Shri Ram College for Women (W),B.Com. (Hons.),912.5385,833.4709,756.5395,669.656,875.6997,621.3676
Lady Shri Ram College for Women (W),B.Sc. (Hons.) Mathematics,781.8994,592.7652,506.349,445.149,628.5226,
Lady Shri Ram College for Women (W),B.Sc. (Hons.) Statistics,829.928,682.49,595.9383,428.7627,734.1936,
Lady Shri Ram College for Women (W),Bachelor of Elementary Education (B.El.Ed.),730.4784,620.1963,614.2798,461.8751,620.6342,362.3989
Lakshmibai College (W),B.A. (Hons.) Business Economics,597.6545,361.9969,295.9355,,427.1265,
Lakshmibai College (W),B.A. (Hons.) Economics,638.7521,355.7129,227.05,246.1461,441.8132,
Lakshmibai College (W),B.A. (Hons.) English,629.4887,473.212,452.9942,386.2,449.4817,
Lakshmibai College (W),B.A. (Hons.) Hindi,262.9605,,93.2006,,,
Lakshmibai College (W),B.A. (Hons.) History,592.6763,458.1875,407.433,355.1021,369.6165,207.7537
Lakshmibai College (W),B.A. (Hons.) Philosophy,570.8976,413.9532,355.4313,118.9239,338.9529,
Lakshmibai College (W),B.A. (Hons.) Political Science,653.6955,497.8003,459.3165,408.7011,445.297,329.5765
Lakshmibai College (W),B.A. (Hons.) Psychology,780.3491,624.1658,608.1472,496.3093,618.3841,304.3795
Lakshmibai College (W),B.A. (Hons.) Sanskrit,241.3928,190.0898,,,,
Lakshmibai College (W),B.A. (Hons.) Sociology,609.0137,450.2227,406.9329,446.1214,367.798,
Lakshmibai College (W),B.A. Program (Commerce + Economics),635.5405,442.8676,351.9745,305.1153,483.3201,
Lakshmibai College (W),B.A. Program (Commerce + Psychology),715.6269,508.2993,490.5305,398.8451,494.7201,
Lakshmibai College (W),B.A. Program (Community Science + Philosophy),547.072,353.828,310.6829,204.7768,327.022,
Lakshmibai College (W),B.A. Program (Community Science + Political Science),539.6169,332.9975,279.9374,,247.2284,
Lakshmibai College (W),B.A. Program (Computer Applications + Economics),581.4249,367.8669,257.5679,216.8238,367.8884,
Lakshmibai College (W),B.A. Program (Computer Applications + Mathematics),546.6409,417.4508,277.223,,402.5858,
Lakshmibai College (W),B.A. Program (English + Economics),624.8363,444.8751,390.3351,281.7323,465.9827,
Lakshmibai College (W),B.A. Program (Hindi + History),501.3799,347.5601,342.4676,,174.8647,
Lakshmibai College (W),B.A. Program (History + Music),473.7048,227.0044,223.1746,,261.755,
Lakshmibai College (W),B.A. Program (History + Political Science),581.332,442.1656,407.8498,227.9198,370.2441,
Lakshmibai College (W),B.A. Program (Philosophy + Political Science),552.003,389.0534,342.3203,,240.3861,
Lakshmibai College (W),B.A. Program (Philosophy + Sociology),586.2561,423.0744,390.7467,315.6244,363.772,
Lakshmibai College (W),B.A. Program (Physical Education + Psychology),711.1677,533.9548,516.1853,425.1723,491.7179,
Lakshmibai College (W),B.A. Program (Punjabi + Political Science),268.0226,,,,,
Lakshmibai College (W),B.A. Program (Sanskrit + Sociology),358.1255,269.4498,296.4526,,348.2832,
Lakshmibai College (W),B.Com.,664.1556,479.2441,385.4162,185.9884,562.2848,
Lakshmibai College (W),B.Com. (Hons.),714.2095,557.842,457.2264,271.6998,627.6633,286.8849
Lakshmibai College (W),B.Sc. (Hons.) Home Science,450.9666,376.6699,301.5115,256.6766,353.491,
Lakshmibai College (W),B.Sc. (Hons.) Mathematics,487.227,344.255,219.3112,,358.7645,
Maharaja Agrasen College,B.A. (Hons.) Business Economics,626.1863,426.5206,333.244,,484.1984,
Maharaja Agrasen College,B.A. (Hons.) English,657.0293,529.6312,484.7915,427.9457,529.4372,227.7618
Maharaja Agrasen College,B.A. (Hons.) Hindi,300.2746,106.2901,187.9105,,,
Maharaja Agrasen College,B.A. (Hons.) Journalism,702.7382,587.4275,530.2236,495.0362,628.7097,272.9195
Maharaja Agrasen College,B.A. (Hons.) Political Science,698.6526,590.822,566.0479,513.2147,557.724,138.1342
Maharaja Agrasen College,B.A. Program (Commerce + Economics),726.9204,551.693,507.1054,240.5798,558.4697,
Maharaja Agrasen College,B.A. Program (Commerce + History),608.7985,469.3916,406.3501,281.3549,511.3717,
Maharaja Agrasen College,B.A. Program (Commerce + Mathematics),654.7185,406.9013,355.524,,473.2576,
Maharaja Agrasen College,B.A. Program (Commerce + Political Science),628.9084,511.1118,389.0983,280.7982,517.3837,
Maharaja Agrasen College,B.A. Program (Computer Applications + Economics),646.0952,504.2873,445.3584,,528.0064,
Maharaja Agrasen College,B.A. Program (Computer Applications + History),565.6059,452.4763,334.6062,167.998,489.6999,
Maharaja Agrasen College,B.A. Program (Computer Applications + Mathematics),632.7296,504.3088,483.7553,362.071,543.2281,
Maharaja Agrasen College,B.A. Program (Computer Applications + Political Science),595.6043,443.1145,391.0512,289.2101,484.8622,
Maharaja Agrasen College,B.A. Program (English + Economics),694.9352,564.8041,486.7452,415.5424,619.5334,278.4253
Maharaja Agrasen College,B.A. Program (English + History),639.1499,567.9682,485.8419,450.8561,535.5423,
Maharaja Agrasen College,B.A. Program (English + Mathematics),618.3329,476.9145,400.3346,202.9283,501.5628,
Maharaja Agrasen College,B.A. Program (English + Political Science),666.2038,575.5368,500.6344,485.9718,560.5082,424.1117
Maharaja Agrasen College,B.A. Program (Hindi + Economics),587.429,424.5246,375.6228,192.7265,454.6119,
Maharaja Agrasen College,B.A. Program (Hindi + History),553.9313,462.872,398.0399,276.5341,415.1883,
Maharaja Agrasen College,B.A. Program (Hindi + Mathematics),502.7376,351.7402,301.8876,,363.6135,
Maharaja Agrasen College,B.A. Program (Hindi + Political Science),574.0679,462.3596,460.477,275.123,476.7157,
Maharaja Agrasen College,B.Com. (Hons.),740.6069,598.9621,510.7083,142.2465,657.1593,
Maharaja Agrasen College,B.Sc. (Hons.) Electronics,308.5047,230.0622,177.516,97.0809,230.1538,
Maharaja Agrasen College,B.Sc. (Prog.) Mathematical Sciences,496.1991,363.5408,247.8131,,382.433,
Maharaja Agrasen College,B.Sc. (Prog.) Physical Science with Chemistry,300.5245,227.9793,119.9175,129.3736,231.8368,
Maharaja Agrasen College,B.Sc. (Prog.) Physical Science with Computer Science/ Informatics Practices,334.5909,264.2481,175.2486,89.4169,256.0521,
Maitreyi College (W),B.A. (Hons.) Economics,748.3597,527.9098,413.6681,187.3079,584.8349,
Maitreyi College (W),B.A. (Hons.) English,739.7495,638.8303,568.9485,539.0846,641.5811,
Maitreyi College (W),B.A. (Hons.) Hindi,287.037,159.3765,209.878,,,
Maitreyi College (W),B.A. (Hons.) History,735.3472,671.2705,566.0493,562.0891,644.5316,
Maitreyi College (W),B.A. (Hons.) Political Science,767.2906,700.2559,605.9644,597.9619,688.9157,338.4376
Maitreyi College (W),B.A. (Hons.) Sanskrit,348.3685,271.1308,245.8305,,311.9127,
Maitreyi College (W),B.A. (Hons.) Sociology,721.6194,604.076,517.1241,541.1831,577.3862,
Maitreyi College (W),B.A. Program (Computer Applications + Economics),712.6732,508.2726,411.6788,193.8079,577.5406,
Maitreyi College (W),B.A. Program (Computer Applications + Mathematics),659.1122,505.4675,376.1638,289.6192,512.3672,
Maitreyi College (W),B.A. Program (Economics + Mathematics),748.5768,550.8213,403.7481,372.4543,604.9557,
Maitreyi College (W),B.A. Program (English + Economics),752.4995,628.2753,558.5798,493.1274,635.3542,436.2335
Maitreyi College (W),B.A. Program (English + Sociology),707.6035,595.3286,531.6386,524.7506,590.6722,
Maitreyi College (W),B.A. Program (Hindi + History),636.231,545.0521,448.3108,248.8516,534.9655,
Maitreyi College (W),B.A. Program (Hindi + Political Science),641.4246,546.9277,452.9862,316.3586,536.885,337.0064
Maitreyi College (W),B.A. Program (History + Political Science),744.5485,658.3431,586.6377,551.9661,646.592,
Maitreyi College (W),B.A. Program (Political Science + Sociology),736.0819,649.0674,569.576,549.7774,635.7707,
Maitreyi College (W),B.A. Program (Punjabi + History),469.9072,360.6249,187.0006,,442.5388,
Maitreyi College (W),B.A. Program (Punjabi + Political Science),545.3269,396.2817,,,,
Maitreyi College (W),B.A. Program (Sanskrit + History),620.0962,453.1314,306.0745,,515.1056,
Maitreyi College (W),B.A. Program (Sanskrit + Political Science),588.3775,494.8058,275.0451,,319.3213,
Maitreyi College (W),B.Com.,775.1346,649.9036,544.4768,363.3534,710.2913,
Maitreyi College (W),B.Com. (Hons.),812.2525,690.7109,589.9507,438.0562,745.6309,157.2516
Maitreyi College (W),B.Sc. (Hons.) Botany,567.2894,518.2578,430.4636,368.601,499.3021,112.854
Maitreyi College (W),B.Sc. (Hons.) Chemistry,376.5126,308.4686,210.3176,107.6347,320.4247,
Maitreyi College (W),B.Sc. (Hons.) Mathematics,607.1972,468.7,346.7889,146.1913,499.0987,
Maitreyi College (W),B.Sc. (Hons.) Physics,381.6127,300.8615,168.8377,,326.5968,
Maitreyi College (W),B.Sc. (Hons.) Zoology,592.0051,554.1164,478.5089,414.7393,537.0311,156.9605
Maitreyi College (W),B.Sc. (Prog.) Life Science,561.461,514.7909,423.0833,348.2148,499.0118,
Maitreyi College (W),B.Sc. (Prog.) Physical Science with Chemistry,309.4067,237.0969,120.704,55.5225,262.8097,
Maitreyi College (W),B.Sc. (Prog.) Physical Science with Computer Science/ Informatics Practices,348.8107,293.769,201.5656,172.7545,315.1715,
Mata Sundri College for Women (W),B.A. (Hons.) Psychology,766.2629,,,,,315.6663
Mata Sundri College for Women (W),B.A. Program (Economics + Mathematics),605.1151,,,,,
Mata Sundri College for Women (W),B.A. Program (Philosophy + Psychology),752.2622,,,,,
Mata Sundri College for Women (W),B.A. Program (Computer Applications + Mathematics),553.5289,,,,,
Mata Sundri College for Women (W),B.A. Program (English + Political Science),609.7626,,,,,
Mata Sundri College for Women (W),B.Com. (Hons.),666.4328,,,,,
Mata Sundri College for Women (W),B.A. (Hons.) English,628.5388,,,,,
Mata Sundri College for Women (W),B.A. Program (Psychology + Punjabi),577.0379,,,,,
Mata Sundri College for Women (W),B.A. (Hons.) Philosophy,560.5704,,,,,
Mata Sundri College for Women (W),B.A. Program (Economics + Psychology),731.4469,,,,,
Mata Sundri College for Women (W),B.A. Program (History + Political Science),591.5795,,,,,
Mata Sundri College for Women (W),B.Sc. (Hons.) Statistics,593.2966,,,,,
Mata Sundri College for Women (W),B.A. Program (Philosophy + Political Science),572.9251,,,,,
Mata Sundri College for Women (W),B.A. Program (Economics + Political Science),605.6851,,,,,
Mata Sundri College for Women (W),B.A. Program (English + History),613.5194,,,,,
Mata Sundri College for Women (W),B.A. (Hons.) History,580.3159,,,,,
Mata Sundri College for Women (W),B.Com.,643.9314,,,,,
Mata Sundri College for Women (W),B.A. Program (Commerce + Economics),623.4535,,,,,
Mata Sundri College for Women (W),B.A. (Hons.) Political Science,623.2037,,,,,
Mata Sundri College for Women (W),Bachelor of Elementary Education (B.El.Ed.),609.197,,,,,397.0393
Mata Sundri College for Women (W),B.Sc. (Hons.) Computer Science,547.1404,,,,,
Mata Sundri College for Women (W),B.A. (Hons.) Hindi,67.8853,,,,,
Mata Sundri College for Women (W),B.A. (Hons.) Punjabi,324.4158,,,,,
Mata Sundri College for Women (W),B.A. (Hons.) Sanskrit,264.2692,,,,,
Mata Sundri College for Women (W),B.A. Program (Commerce + Computer Applications),607.5258,,,,,
Mata Sundri College for Women (W),B.A. Program (English + Punjabi),413.4313,,,,,
Mata Sundri College for Women (W),B.A. Program (Hindi + History),502.3314,,,,,
Mata Sundri College for Women (W),B.A. Program (Music + Political Science),515.0003,,,,,
Mata Sundri College for Women (W),B.Sc. (Hons.) Mathematics,479.2311,,,,,
Miranda House (W),B.A. (Hons.) Bengali,302.9677,388.9773,349.7632,363.3027,374.4985,
Miranda House (W),B.A. (Hons.) Economics,834.8611,685.1113,593.8378,470.9709,751.6279,483.982
Miranda House (W),B.A. (Hons.) English,851.9571,763.0959,752.232,716.7797,781.8075,466.3569
Miranda House (W),B.A. (Hons.) Geography,876.9554,821.9505,770.0799,775.3523,823.5924,693.0631
Miranda House (W),B.A. (Hons.) Hindi,590.251,456.7266,428.7046,148.9103,378.5258,373.7888
Miranda House (W),B.A. (Hons.) History,883.9847,842.1898,773.1862,771.6434,841.0332,596.8398
Miranda House (W),B.A. (Hons.) Philosophy,824.0234,714.4038,639.8718,667.3604,748.4544,301.3274
Miranda House (W),B.A. (Hons.) Political Science,930.6053,897.3336,859.8623,836.548,890.4539,747.6948
Miranda House (W),B.A. (Hons.) Sanskrit,330.2545,370.0675,224.7112,207.2501,327.5646,
Miranda House (W),B.A. (Hons.) Sociology,852.2608,770.9921,727.7656,726.3819,784.9101,511.7483
Miranda House (W),B.A. Program (Bengali/Tamil/Punjabi + Geography/History/Political Science),715.2989,577.0406,624.4547,303.4226,513.9698,
Miranda House (W),B.A. Program (Economics + History),860.3937,803.6136,742.7665,722.4325,827.6042,615.1781
Miranda House (W),B.A. Program (Economics + Mathematics),847.2781,710.0902,635.9677,582.5511,759.7796,
Miranda House (W),B.A. Program (Economics + Political Science),911.2041,844.4032,822.2912,839.235,835.1102,665.2333
Miranda House (W),B.A. Program (English + History/Political Science),857.2885,806.4001,742.8215,704.2163,800.189,734.7124
Miranda House (W),B.A. Program (Geography + History),853.7344,809.069,757.0366,711.1396,792.8015,473.3993
Miranda House (W),B.A. Program (Geography + Political Science),867.6405,832.5121,758.1339,842.8382,814.0175,613.7594
Miranda House (W),B.A. Program (History + Political Science),891.9591,846.8781,797.1895,821.4666,837.578,673.5928
Miranda House (W),B.A. Program (Philosophy/Physical Education/Sociology + Geography/History/Political Science),848.9771,781.3799,734.9628,751.8772,777.9338,458.9982
Miranda House (W),B.A. Program (Sanskrit/Hindi + Geography/History/Political Science),794.6547,742.7678,649.0397,516.0115,759.3299,218.8648
Miranda House (W),B.Sc. (Hons.) Botany,659.9014,623.3579,568.0219,517.4739,617.985,124.0421
Miranda House (W),B.Sc. (Hons.) Chemistry,489.2288,415.34,342.7826,261.0631,441.48,140.0695
Miranda House (W),B.Sc. (Hons.) Mathematics,747.4489,612.6469,527.1315,495.4592,648.9679,183.5381
Miranda House (W),B.Sc. (Hons.) Physics,509.9606,425.2991,318.3323,246.5397,433.6969,
Miranda House (W),B.Sc. (Hons.) Zoology,687.0914,648.5084,600.0891,593.8354,652.39,336.6631
Miranda House (W),B.Sc. (Prog.) Life Science,673.551,646.414,566.0131,558.9939,627.2791,245.8254
Miranda House (W),B.Sc. (Prog.) Physical Science with Computer Science/ Informatics Practices,480.4928,389.0565,310.3525,244.8358,419.714,
Miranda House (W),Bachelor of Elementary Education (B.El.Ed.),740.8575,635.2059,639.0883,447.2668,641.5379,509.0555
Motilal Nehru College,B.A. (Hons.) Economics,731.8975,525.8323,430.8823,231.2488,612.9024,
Motilal Nehru College,B.A. (Hons.) English,697.9842,604.3494,548.8388,507.2196,600.0357,259.3008
Motilal Nehru College,B.A. (Hons.) Hindi,338.5356,264.646,280.5014,317.1219,185.2714,
Motilal Nehru College,B.A. (Hons.) History,723.9918,663.4426,560.1418,542.9321,633.8244,203.4349
Motilal Nehru College,B.A. (Hons.) Political Science,757.8502,705.1048,640.1188,584.6868,687.0993,
Motilal Nehru College,B.A. (Hons.) Sanskrit,207.5336,206.4841,154.6011,,133.7243,
Motilal Nehru College,B.A. Program (Economics + History),671.1658,561.8316,477.1882,468.6934,579.2067,
Motilal Nehru College,B.A. Program (Economics + Mathematics),683.7295,498.5054,367.8506,244.6226,529.2816,
Motilal Nehru College,B.A. Program (Economics + Political Science),705.9612,605.4705,507.7948,534.1137,599.1078,398.2604
Motilal Nehru College,B.A. Program (English + Economics),746.4614,644.5101,544.6617,467.7457,627.5689,370.728
Motilal Nehru College,B.A. Program (English + History),690.3518,603.9727,513.5801,540.786,581.4875,336.4611
Motilal Nehru College,B.A. Program (English + Mathematics),652.031,498.1572,401.1499,390.7909,519.9457,
Motilal Nehru College,B.A. Program (English + Political Science),705.1016,640.3659,537.5187,514.401,618.1192,239.9522
Motilal Nehru College,B.A. Program (Hindi + History),602.9692,517.7696,460.6702,314.579,483.7546,
Motilal Nehru College,B.A. Program (Hindi + Political Science),625.5184,534.5685,470.5541,337.4322,536.2583,
Motilal Nehru College,B.A. Program (History + Political Science),689.917,607.8254,536.4098,527.7626,606.0846,
Motilal Nehru College,B.A. Program (Sanskrit + History),493.5746,310.8894,136.0148,,332.9754,
Motilal Nehru College,B.A. Program (Sanskrit + Political Science),506.1582,309.9234,137.8944,,181.8036,
Motilal Nehru College,B.Com.,759.7029,641.9682,531.3287,331.2922,695.9156,
Motilal Nehru College,B.Com. (Hons.),786.627,676.8712,577.4692,425.0725,729.8003,190.3654
Motilal Nehru College,B.Sc. (Hons.) Chemistry,349.8306,298.0245,190.5086,87.3946,286.1394,
Motilal Nehru College,B.Sc. (Hons.) Mathematics,554.7714,439.2517,333.1433,215.5764,460.817,
Motilal Nehru College,B.Sc. (Hons.) Physics,363.9314,277.8222,197.0421,185.8957,289.9116,
Motilal Nehru College,B.Sc. (Prog.) Physical Science with Chemistry,286.6339,220.6179,122.9745,,236.8342,
Motilal Nehru College,B.Sc. (Prog.) Physical Science with Computer Science/ Informatics Practices,357.817,284.2709,189.3638,92.5536,278.1598,
Motilal Nehru College (Evening),B.A. (Hons.) English,605.3412,475.4586,434.741,388.6159,453.5941,
Motilal Nehru College (Evening),B.A. (Hons.) Hindi,289.3208,134.6008,164.6774,,,
Motilal Nehru College (Evening),B.A. (Hons.) History,562.6873,452.5643,388.6683,380.5288,400.6086,
Motilal Nehru College (Evening),B.A. (Hons.) Political Science,615.0334,494.0345,480.6689,433.8034,454.1497,
Motilal Nehru College (Evening),B.A. Program (Economics + History),567.2858,442.1105,352.0897,327.279,461.2809,
Motilal Nehru College (Evening),B.A. Program (Economics + Mathematics),614.6395,416.1863,288.5586,,415.9731,
Motilal Nehru College (Evening),B.A. Program (Economics + Political Science),567.2273,427.3646,360.5658,201.2994,396.5844,
Motilal Nehru College (Evening),B.A. Program (English + Economics),610.5324,434.9464,379.1397,370.7001,463.9482,
Motilal Nehru College (Evening),B.A. Program (English + History),560.4669,424.9918,398.8074,383.0485,394.6187,
Motilal Nehru College (Evening),B.A. Program (English + Mathematics),587.924,403.1591,331.2676,,406.8159,
Motilal Nehru College (Evening),B.A. Program (English + Political Science),556.8193,412.5474,382.4631,393.8434,390.0938,
Motilal Nehru College (Evening),B.A. Program (Hindi + History),519.4251,396.3103,368.8698,330.7029,345.0095,
Motilal Nehru College (Evening),B.A. Program (Hindi + Physical Education),509.4902,423.532,360.7775,183.5671,323.1317,
Motilal Nehru College (Evening),B.A. Program (Hindi + Political Science),522.6475,411.1948,350.3083,,379.6101,
Motilal Nehru College (Evening),B.A. Program (History + Political Science),546.6271,420.6309,380.106,312.167,379.7167,
Motilal Nehru College (Evening),B.A. Program (Physical Education + Political Science),596.497,443.4223,454.8496,,427.5053,
Motilal Nehru College (Evening),B.A. Program (Sanskrit + History),422.9341,214.6296,,,255.9064,
Motilal Nehru College (Evening),B.A. Program (Sanskrit + Political Science),451.6339,233.1891,234.0526,,445.4128,
Motilal Nehru College (Evening),B.Com.,666.5555,511.2181,410.5967,170.5479,590.4936,118.0396
Motilal Nehru College (Evening),B.Com. (Hons.),699.6444,572.1804,464.7922,254.3734,638.8644,
P.G.D.A.V. College,B.A. (Hons.) Economics,690.6685,448.2731,330.7206,227.9244,522.2923,
P.G.D.A.V. College,B.A. (Hons.) English,641.8621,514.9369,456.3119,410.15,488.4693,265.8354
P.G.D.A.V. College,B.A. (Hons.) Hindi,259.8443,97.4991,70.1604,,,
P.G.D.A.V. College,B.A. (Hons.) History,635.4952,540.2651,480.496,385.9742,475.0038,228.8301
P.G.D.A.V. College,B.A. (Hons.) Political Science,672.7602,569.0158,523.475,478.4216,530.9151,340.2535
P.G.D.A.V. College,B.A. (Hons.) Sanskrit,374.4057,195.9921,100.8426,,78.646,
P.G.D.A.V. College,B.A. Program (Commerce + Economics),671.6313,504.8015,446.8734,181.7535,553.9618,
P.G.D.A.V. College,B.A. Program (Computer Applications + Economics/Mathematics),636.3857,473.9036,353.7185,,475.8124,
P.G.D.A.V. College,B.A. Program (Economics + Mathematics / Political Sciences),623.6884,427.0183,312.7277,177.3787,428.3984,
P.G.D.A.V. College,B.A. Program (English + History/Political Science),624.1198,515.2929,466.1117,429.7343,488.5597,232.0286
P.G.D.A.V. College,B.A. Program (Hindi + History / Political Science),563.9903,438.2582,429.0791,344.7979,417.9777,333.309
P.G.D.A.V. College,B.A. Program (History + Political Science),612.4497,510.7668,458.28,397.0829,470.4689,275.2773
P.G.D.A.V. College,B.A. Program (Physical Education + Political Science),633.0139,484.4378,459.4778,510.2386,430.1521,294.6421
P.G.D.A.V. College,B.A. Program (Sanskrit + History/Political Science),440.8424,278.8006,,,,
P.G.D.A.V. College,B.Com.,692.9268,542.5354,455.6364,155.2281,601.6306,191.4171
P.G.D.A.V. College,B.Com. (Hons.),730.1603,594.191,509.7906,252.2319,657.8541,
P.G.D.A.V. College,B.Sc. (Hons.) Computer Science,580.5064,495.1029,419.6992,279.786,509.1465,
P.G.D.A.V. College,B.Sc. (Hons.) Mathematics,530.1635,420.5422,302.4859,158.8596,416.0313,
P.G.D.A.V. College,B.Sc. (Hons.) Statistics,652.0349,489.7137,384.3861,185.7979,501.444,
P.G.D.A.V. College,B.Sc. (Prog.) Mathematical Sciences,494.1812,357.3699,244.604,179.1744,382.3625,
P.G.D.A.V. College (Evening),B.A. (Hons.) Hindi,229.1828,103.4572,208.0249,201.187,,
P.G.D.A.V. College (Evening),B.A. (Hons.) Political Science,567.6498,425.9391,407.3615,357.1262,357.1754,
P.G.D.A.V. College (Evening),B.A. (Hons.) Sanskrit,200.1813,110.1996,263.4848,,,
P.G.D.A.V. College (Evening),B.A. Program (Commerce + Economics),607.1322,425.1206,333.0424,,488.8036,
P.G.D.A.V. College (Evening),B.A. Program (Economics + History),535.4058,390.8484,329.6389,109.6205,362.5991,
P.G.D.A.V. College (Evening),B.A. Program (Economics + Mathematics),583.1584,359.0691,258.8336,,404.6263,
P.G.D.A.V. College (Evening),B.A. Program (Economics + Political Science),550.1403,385.3226,325.9374,159.1715,350.0245,
P.G.D.A.V. College (Evening),B.A. Program (English + Economics),600.861,432.1425,370.0519,404.7893,461.9166,
P.G.D.A.V. College (Evening),B.A. Program (English + History),548.0565,399.1725,394.5722,323.311,374.0937,
P.G.D.A.V. College (Evening),B.A. Program (English + Mathematics),549.1052,392.0384,318.0131,275.6012,441.5204,
P.G.D.A.V. College (Evening),B.A. Program (English + Political Science),549.6133,403.6613,380.5131,382.3351,362.4674,
P.G.D.A.V. College (Evening),B.A. Program (Hindi + History),489.3798,360.7091,338.1175,,268.7907,
P.G.D.A.V. College (Evening),B.A. Program (Hindi + Political Science),495.7913,363.0739,346.6539,224.5437,257.3194,
P.G.D.A.V. College (Evening),B.A. Program (History + Political Science),522.2346,382.2913,355.3823,256.3287,350.4095,
P.G.D.A.V. College (Evening),B.A. Program (Physical Education + History),541.3969,394.9607,415.368,312.2796,333.7785,
P.G.D.A.V. College (Evening),B.A. Program (Physical Education + Political Science),548.3994,400.3208,392.173,394.6034,353.4727,142.6071
P.G.D.A.V. College (Evening),B.Com.,618.7491,447.8644,355.9033,,516.1858,
P.G.D.A.V. College (Evening),B.Com. (Hons.),658.9247,505.5915,418.2082,292.8293,560.4543,
P.G.D.A.V. College (Evening),B.Sc. (Hons.) Mathematics,499.1091,380.3237,273.9307,101.8045,406.9515,
Rajdhani College,B.A. (Hons.) Economics,678.21,433.7379,341.1878,203.1691,520.4649,
Rajdhani College,B.A. (Hons.) English,633.6598,501.2634,469.0004,410.6481,492.0302,
Rajdhani College,B.A. (Hons.) Hindi,289.4602,193.4555,124.0159,,161.4566,
Rajdhani College,B.A. (Hons.) History,625.7391,508.6705,466.3056,399.7335,479.3265,252.9511
Rajdhani College,B.A. (Hons.) Political Science,671.7531,556.3118,547.7176,497.1961,539.996,104.4689
Rajdhani College,B.A. (Hons.) Sanskrit,337.7864,86.0282,210.288,,,
Rajdhani College,B.A. Program (Economics + History),618.5318,486.67,448.3,413.9887,492.9549,
Rajdhani College,B.A. Program (Economics + Mathematics),628.5481,417.5368,291.7239,341.4867,475.0802,
Rajdhani College,B.A. Program (Economics + Political Science),647.2355,524.8473,440.9973,430.1363,494.3211,
Rajdhani College,B.A. Program (English + History),615.2195,508.4432,460.2428,435.0242,499.2143,
Rajdhani College,B.A. Program (English + Linguistics),627.7185,497.7781,442.8289,550.428,411.9312,
Rajdhani College,B.A. Program (Hindi + History),541.3092,465.8612,402.9603,176.237,372.7171,
Rajdhani College,B.A. Program (Hindi + Political Science),548.1967,432.101,419.7511,332.0296,377.3804,219.8633
Rajdhani College,B.A. Program (History + Political Science),620.2967,518.9335,462.0132,426.8259,473.8956,353.6348
Rajdhani College,B.A. Program (Linguistics + Political Science),592.9857,441.3,420.7039,358.3348,408.7917,342.049
Rajdhani College,B.A. Program (Sanskrit + History),423.3509,173.6812,234.5265,,238.5718,
Rajdhani College,B.A. Program (Sanskrit + Political Science),453.9948,222.5735,189.5867,,304.7198,
Rajdhani College,B.Com. (Hons.),733.5262,594.2487,514.8197,244.4741,665.6092,224.5908
Rajdhani College,B.Sc. (Hons.) Chemistry,313.4809,242.5781,157.9315,66.4034,233.5699,
Rajdhani College,B.Sc. (Hons.) Electronics,304.0384,228.7184,157.0033,,224.9967,
Rajdhani College,B.Sc. (Hons.) Mathematics,512.4928,391.8917,283.5506,249.8888,410.1336,
Rajdhani College,B.Sc. (Hons.) Physics,324.4849,249.821,151.3278,89.8244,247.9445,
Rajdhani College,B.Sc. (Prog.) Applied Physical Sciences with Industrial Chemistry,257.5287,189.8837,90.8332,,203.5638,
Rajdhani College,B.Sc. (Prog.) Physical Science with Chemistry,262.7173,197.4972,96.1691,,201.8644,
Rajdhani College,B.Sc. (Prog.) Physical Science with Computer Science/ Informatics Practices,311.1842,240.3626,163.6034,129.3269,236.6196,
Rajdhani College,B.Sc. (Prog.) Physical Science with Electronics,283.9991,217.011,134.4166,,214.1512,
Ram Lal Anand College,B.A. (Hons.) English,676.3253,553.3127,485.7133,449.4083,543.1016,
Ram Lal Anand College,B.A. (Hons.) Hindi,257.3346,181.9247,148.4203,,171.7274,
Ram Lal Anand College,B.A. (Hons.) Hindi Patrakarita,514.6806,429.9285,401.3918,308.4286,414.3208,
Ram Lal Anand College,B.A. (Hons.) History,673.521,586.9024,499.474,446.613,547.0443,481.9724
Ram Lal Anand College,B.A. (Hons.) Political Science,727.5332,643.8645,574.0163,556.1333,632.5587,
Ram Lal Anand College,B.A. Program (Computer Applications + Economics),661.8102,506.0962,435.952,162.2202,531.604,
Ram Lal Anand College,B.A. Program (Economics + Mathematics),671.9214,462.4704,364.8658,,483.1326,
Ram Lal Anand College,B.A. Program (History + Political Science),683.6947,590.3201,525.1708,500.4472,576.7246,
Ram Lal Anand College,B.Com.,754.8372,633.0771,528.6858,344.4464,690.6276,
Ram Lal Anand College,B.Com. (Hons.),780.2787,662.0293,571.4027,466.798,725.9475,260.4687
Ram Lal Anand College,B.Sc. (Hons.) Computer Science,604.9995,515.5464,445.9114,332.2005,536.1564,
Ram Lal Anand College,B.Sc. (Hons.) Geology,544.0479,484.4629,399.4512,383.1477,463.3631,
Ram Lal Anand College,B.Sc. (Hons.) Mathematics,551.4415,447.4855,329.8391,218.6701,449.5276,
Ram Lal Anand College,B.Sc. (Hons.) Microbiology,615.2708,572.5281,485.1284,456.3972,562.5237,168.8207
Ram Lal Anand College,B.Sc. (Hons.) Statistics,699.6061,541.8533,442.9936,304.582,590.9018,
Ram Lal Anand College,Bachelor of Management Studies (BMS),666.202,503.4527,443.5453,299.0818,562.9292,254.1467
Ramanujan College,B.A. (Hons.) Applied Psychology,822.8406,701.8023,648.7425,549.9723,678.6363,322.0811
Ramanujan College,B.A. (Hons.) Economics,725.0169,504.6883,397.9566,405.4766,578.6237,
Ramanujan College,B.A. (Hons.) English,686.7359,543.77,512.537,444.1098,547.6959,374.1747
Ramanujan College,B.A. (Hons.) Hindi,286.742,170.8064,194.4143,262.3697,,
Ramanujan College,B.A. (Hons.) Philosophy,634.2939,515.3866,456.6458,362.2201,487.3907,
Ramanujan College,B.A. (Hons.) Political Science,735.4556,644.3869,591.2365,558.195,630.2795,257.597
Ramanujan College,B.A. Program (Commerce + Economics),742.408,584.3405,517.5629,411.3042,624.644,
Ramanujan College,B.A. Program (Commerce + Mathematics),680.049,456.6622,360.7582,,492.1373,
Ramanujan College,B.A. Program (Economics + Psychology),790.8484,685.885,626.8784,594.245,667.5294,563.0923
Ramanujan College,B.A. Program (Hindi + History),598.8202,509.7725,436.8996,417.9937,428.7699,
Ramanujan College,B.A. Program (Hindi + Political Science),613.3493,516.0947,466.8549,191.3586,460.3895,438.4566
Ramanujan College,B.A. Program (History + Philosophy),659.4219,554.606,468.5047,436.9177,536.0105,
Ramanujan College,B.A. Program (History + Political Science),733.2532,650.9199,557.8308,536.883,628.4542,278.5353
Ramanujan College,B.A. Program (Philosophy + Political Science),685.8101,582.0413,537.3449,454.9729,552.8386,321.45
Ramanujan College,B.A. Program (Political Science + Psychology),779.289,649.2204,575.7495,508.6315,622.7694,257.9663
Ramanujan College,B.Com.,753.599,623.0163,529.0539,332.2629,682.3168,462.2453
Ramanujan College,B.Com. (Hons.),773.4278,656.7537,561.4824,354.1997,713.9679,113.5703
Ramanujan College,B.Sc. (Hons.) Computer Science,634.3182,542.9102,453.1378,335.4621,561.7479,97.3371
Ramanujan College,B.Sc. (Hons.) Environmental Sciences,556.2608,486.7876,419.1813,357.7853,469.431,
Ramanujan College,B.Sc. (Hons.) Mathematics,602.9449,461.2475,348.6576,232.7264,493.7144,
Ramanujan College,B.Sc. (Hons.) Statistics,694.1683,517.7814,433.3462,301.3865,593.6432,
Ramanujan College,"B.Voc. Banking, Financial Services and Insurance",701.3838,596.9951,546.2009,435.382,620.0099,225.1983
Ramanujan College,B.Voc. Software Development,582.6708,518.0398,423.1078,296.8204,527.0818,418.4963
Ramanujan College,Bachelor of Management Studies (BMS),686.255,544.5331,472.781,256.056,604.612,265.9822
Ramjas College,B.A. (Hons.) Economics,826.3427,675.9885,623.9136,480.9412,737.2119,245.6109
Ramjas College,B.A. (Hons.) English,813.772,730.4016,691.6016,667.2437,737.8205,531.226
Ramjas College,B.A. (Hons.) Hindi,527.7317,445.1137,398.1727,287.5513,376.6508,305.6426
Ramjas College,B.A. (Hons.) History,847.0673,788.9668,754.4535,712.6536,798.7683,549.6342
Ramjas College,B.A. (Hons.) Political Science,891.896,858.554,797.5251,777.3515,851.8983,671.6732
Ramjas College,B.A. (Hons.) Sanskrit,277.8555,384.6424,331.7356,268.3214,391.171,
Ramjas College,B.A. Program (Any two discipline from these (English/Hindi/History/Pol. Science/Economics/Mathematics)),853.4546,783.2195,724.9485,703.6074,799.8843,620.1302
Ramjas College,B.A. Program (Philosophy + Any one out of these (English/Hindi/History/Pol. Science/Economics/Mathematics/San skrit)),828.8411,765.7395,691.1688,682.2774,784.6782,570.4492
Ramjas College,B.A. Program (Sanskrit + Any one out of these (English/Hindi/History/Pol. Science/Economics/Mathematics/Phil osophy)),767.6032,695.8966,643.5907,489.0771,730.4814,
Ramjas College,B.Com.,884.0061,801.9361,729.6594,624.7587,850.2126,585.087
Ramjas College,B.Com. (Hons.),895.5999,817.1925,747.3508,642.6724,862.6918,585.4645
Ramjas College,B.Sc. (Hons.) Botany,626.1914,585.7534,514.2252,479.5209,587.1294,224.1942
Ramjas College,B.Sc. (Hons.) Chemistry,439.9988,380.6187,279.3741,201.9214,394.8716,
Ramjas College,B.Sc. (Hons.) Mathematics,739.7594,591.6965,523.0291,396.6651,630.5578,323.5194
Ramjas College,B.Sc. (Hons.) Physics,477.0899,407.1693,297.7915,223.4945,416.7538,
Ramjas College,B.Sc. (Hons.) Statistics,796.2767,635.0906,595.464,434.9504,710.6617,192.5642
Ramjas College,B.Sc. (Hons.) Zoology,655.0376,618.8871,570.0033,511.024,617.1653,320.1426
Ramjas College,B.Sc. (Prog.) Life Science,622.5208,587.9978,507.608,464.3831,582.3005,158.5509
Ramjas College,B.Sc. (Prog.) Physical Science with Chemistry,374.8077,316.9377,222.1733,136.7617,345.9881,194.8219
Ramjas College,B.Sc. (Prog.) Physical Science with Electronics,399.241,326.2413,227.7569,144.4274,344.474,
Satyawati College,B.A. (Hons.) Economics,661.6562,411.0262,317.1648,189.464,500.1376,
Satyawati College,B.A. (Hons.) English,624.1273,492.1693,451.2728,394.7103,471.0057,304.1476
Satyawati College,B.A. (Hons.) Hindi,307.6011,150.9779,112.4214,208.2632,264.4644,261.304
Satyawati College,B.A. (Hons.) History,597.7125,475.7743,441.7017,338.2744,420.1041,281.1216
Satyawati College,B.A. (Hons.) Political Science,657.592,539.0075,530.1914,463.5899,497.3714,166.2103
Satyawati College,B.A. (Hons.) Sanskrit,333.246,73.2668,60.7986,,,
Satyawati College,B.A. (Hons.) Urdu,379.9281,42.1731,,,214.4943,
Satyawati College,B.A. Program (Commerce + Economics),664.9012,500.4308,420.7173,142.327,562.4705,
Satyawati College,B.A. Program (Commerce + Mathematics),613.2661,403.8397,312.0296,,420.1397,
Satyawati College,B.A. Program (Economics + History),598.0662,462.3095,414.8838,302.8433,446.4997,
Satyawati College,B.A. Program (Economics + Mathematics),619.1112,403.7766,285.6222,396.5626,424.3892,
Satyawati College,B.A. Program (Economics + Political Science),619.9493,489.9244,423.2077,395.5932,470.9994,
Satyawati College,B.A. Program (English + Economics),637.3417,498.1037,418.326,414.5675,495.1828,
Satyawati College,B.A. Program (English + History),596.4916,496.9315,430.1623,427.0388,436.0343,253.0513
Satyawati College,B.A. Program (English + Political Science),619.2159,505.1906,463.8261,463.0051,470.4014,105.1042
Satyawati College,B.A. Program (Hindi + History),525.872,441.2542,409.8469,264.9309,368.4628,411.3119
Satyawati College,B.A. Program (Hindi + Political Science),532.3843,453.2512,431.9713,317.6792,356.6247,330.6691
Satyawati College,B.A. Program (History + Mathematics),512.1538,393.6515,281.6524,,378.6839,
Satyawati College,B.A. Program (History + Political Science),610.0279,516.3734,508.1561,384.5337,469.4893,416.0846
Satyawati College,B.A. Program (Mathematics + Political Science),530.0019,414.7194,273.2195,,395.4944,
Satyawati College,B.A. Program (Sanskrit + History),416.2773,270.6738,172.6484,,171.4341,
Satyawati College,B.A. Program (Sanskrit + Political Science),409.9694,227.6622,274.6565,,256.7795,
Satyawati College,B.A. Program (Urdu + History),373.1802,61.162,,,,
Satyawati College,B.A. Program (Urdu + Political Science),416.7987,250.8107,,,266.433,
Satyawati College,B.Com.,699.3606,544.18,449.5096,168.7037,612.5883,259.0423
Satyawati College,B.Com. (Hons.),731.5558,589.355,499.9392,106.7377,650.4194,467.3417
Satyawati College,B.Sc. (Hons.) Mathematics,509.8241,400.1962,302.3446,216.1201,413.4566,
Satyawati College (Evening),B.A. (Hons.) Economics,585.4103,332.3581,242.8236,,396.1043,
Satyawati College (Evening),B.A. (Hons.) English,576.2593,427.2406,373.6638,284.467,431.0543,
Satyawati College (Evening),B.A. (Hons.) Hindi,87.2872,,,,,
Satyawati College (Evening),B.A. (Hons.) History,537.261,389.4699,365.2869,276.5525,334.8984,
Satyawati College (Evening),B.A. (Hons.) Political Science,554.2946,419.1091,390.4946,326.4731,390.3865,
Satyawati College (Evening),B.A. Program (Buddhist Studies + Economics),561.1231,384.0726,366.0733,408.5946,455.6185,
Satyawati College (Evening),B.A. Program (Buddhist Studies + Political Science),511.6867,355.5309,350.0653,153.6693,336.0067,
Satyawati College (Evening),B.A. Program (Commerce + Economics),599.9565,419.4274,324.8756,,478.0547,
Satyawati College (Evening),B.A. Program (Economics + History),521.0671,372.5346,310.4683,265.4873,329.5465,
Satyawati College (Evening),B.A. Program (Economics + Mathematics),565.0679,348.502,237.9903,,367.7658,
Satyawati College (Evening),B.A. Program (Economics + Political Science),533.6323,373.8525,318.6608,204.1219,344.8374,
Satyawati College (Evening),B.A. Program (English + Economics),598.8597,428.018,360.3841,434.9937,455.6223,
Satyawati College (Evening),B.A. Program (English + History),543.6441,394.7163,384.2068,318.9005,382.8307,
Satyawati College (Evening),B.A. Program (English + Political Science),549.0636,403.3395,377.6036,385.6915,386.9335,
Satyawati College (Evening),B.A. Program (Hindi + Buddhist Studies),490.6913,340.2502,302.6508,147.3751,306.2768,
Satyawati College (Evening),B.A. Program (Hindi + History),487.6241,339.267,337.8033,,285.0053,
Satyawati College (Evening),B.A. Program (Hindi + Political Science),501.0143,354.218,336.3603,345.5503,256.6725,
Satyawati College (Evening),B.A. Program (History + Mathematics),502.9321,334.9921,256.365,,332.082,
Satyawati College (Evening),B.A. Program (History + Political Science),515.6131,381.5409,363.6187,237.241,330.3312,
Satyawati College (Evening),B.A. Program (Political Science + Mathematics),508.6241,353.882,294.9943,,349.798,
Satyawati College (Evening),B.Com.,622.8041,442.6317,345.963,,518.224,
Satyawati College (Evening),B.Com. (Hons.),650.9645,484.1467,381.187,,545.6077,
Shaheed Bhagat Singh College,B.A. (Hons.) Economics,776.4257,617.7676,523.8297,296.9114,694.3598,
Shaheed Bhagat Singh College,B.A. (Hons.) English,724.2611,627.4731,568.079,537.2835,659.4068,246.4004
Shaheed Bhagat Singh College,B.A. (Hons.) Geography,756.8038,690.4727,626.3019,621.3358,696.8197,191.3112
Shaheed Bhagat Singh College,B.A. (Hons.) Hindi,344.5787,254.6101,247.1466,,,
Shaheed Bhagat Singh College,B.A. (Hons.) History,757.287,702.467,625.9115,609.3812,685.1739,364.0237
Shaheed Bhagat Singh College,B.A. (Hons.) Political Science,786.8712,739.5635,668.4191,624.9555,707.2168,426.433
Shaheed Bhagat Singh College,B.A. Program (Commerce + Mathematics),771.0234,562.5988,484.1985,311.2737,627.7069,
Shaheed Bhagat Singh College,B.A. Program (History + Political Science),755.5892,690.4531,618.44,624.8823,681.5424,372.3527
Shaheed Bhagat Singh College,B.Com.,820.0548,731.1854,643.5543,528.6467,781.3679,243.7559
Shaheed Bhagat Singh College,B.Com. (Hons.),836.8295,754.1287,671.4237,538.0741,810.6111,313.9376
Shaheed Bhagat Singh College,B.Sc. (Hons.) Mathematics,653.6787,502.6744,402.536,236.9992,536.3786,
Shaheed Bhagat Singh College (Evening),B.A. (Hons.) Geography,605.5116,491.0692,441.9693,440.604,472.944,
Shaheed Bhagat Singh College (Evening),B.A. (Hons.) Political Science,646.8225,533.3805,478.1849,392.2254,531.7313,356.3797
Shaheed Bhagat Singh College (Evening),B.A. Program (Economics + Geography),601.3613,489.6209,401.1792,417.9472,453.3242,
Shaheed Bhagat Singh College (Evening),B.A. Program (Economics + History),624.4058,467.5984,355.8981,352.6898,496.3706,
Shaheed Bhagat Singh College (Evening),B.A. Program (Economics + Political Science),653.1554,511.9962,394.0146,337.4486,526.8164,
Shaheed Bhagat Singh College (Evening),B.A. Program (English + Economics),658.2006,498.715,391.5047,303.7338,554.7928,
Shaheed Bhagat Singh College (Evening),B.A. Program (Geography + History),596.4813,503.7091,434.8659,457.1344,484.4622,
Shaheed Bhagat Singh College (Evening),B.A. Program (Geography + Political Science),638.1755,530.8873,466.1244,393.8151,465.0568,
Shaheed Bhagat Singh College (Evening),B.A. Program (History + Political Science),587.6909,489.531,425.61,353.8759,486.5213,
Shaheed Bhagat Singh College (Evening),B.Com.,703.7772,556.6186,425.2377,152.9472,619.4684,279.9614
Shaheed Bhagat Singh College (Evening),B.Com. (Hons.),773.1213,679.5082,549.2436,419.3771,716.6771,216.7286
Shaheed Rajguru College of Applied Sciences for Women (W),B.A. (Hons.) Psychology,783.8573,620.8384,610.3938,512.5764,633.9757,514.649
Shaheed Rajguru College of Applied Sciences for Women (W),B.Sc. (Hons.) Bio-Chemistry,604.9942,535.1603,453.1749,361.0444,524.97,277.6805
Shaheed Rajguru College of Applied Sciences for Women (W),B.Sc. (Hons.) Biomedical Science,624.6707,550.5366,505.4273,441.5278,554.89,205.2197
Shaheed Rajguru College of Applied Sciences for Women (W),B.Sc. (Hons.) Chemistry,306.6269,239.8982,155.5829,,226.1016,
Shaheed Rajguru College of Applied Sciences for Women (W),B.Sc. (Hons.) Computer Science,569.5518,474.233,398.0559,262.5774,501.0023,
Shaheed Rajguru College of Applied Sciences for Women (W),B.Sc. (Hons.) Electronics,291.6189,214.7176,130.1226,133.8651,200.7058,
Shaheed Rajguru College of Applied Sciences for Women (W),B.Sc. (Hons.) Food Technology,557.5282,499.9819,423.5364,344.0199,480.381,319.4215
Shaheed Rajguru College of Applied Sciences for Women (W),B.Sc. (Hons.) Instrumentation,246.806,173.5632,59.7844,80.6363,162.2611,
Shaheed Rajguru College of Applied Sciences for Women (W),B.Sc. (Hons.) Mathematics,493.3901,361.8219,225.4933,,374.4421,
Shaheed Rajguru College of Applied Sciences for Women (W),B.Sc. (Hons.) Microbiology,597.3649,532.2276,472.1368,387.6258,529.5284,
Shaheed Rajguru College of Applied Sciences for Women (W),B.Sc. (Hons.) Physics,299.8388,210.4909,108.7312,125.4911,215.5579,
Shaheed Rajguru College of Applied Sciences for Women (W),B.Sc. (Hons.) Statistics,614.5499,447.259,323.8251,113.8667,470.4203,
Shaheed Rajguru College of Applied Sciences for Women (W),Bachelor of Business Administration (Financial Investment Analysis) (BBA(FIA)),655.9642,488.186,413.5954,334.5436,561.5229,211.2396
Shaheed Rajguru College of Applied Sciences for Women (W),Bachelor of Management Studies (BMS),642.2154,474.3887,409.4748,158.0321,531.0831,
Shaheed Sukhdev College Business Studies,B.Sc. (Hons.) Computer Science,747.8749,651.1645,582.0208,482.2388,685.7135,383.968
Shaheed Sukhdev College Business Studies,Bachelor of Business Administration (Financial Investment Analysis) (BBA(FIA)),806.4638,684.9431,585.6809,475.2313,742.5728,609.4695
Shaheed Sukhdev College Business Studies,Bachelor of Management Studies (BMS),783.3938,638.6252,563.957,440.5096,710.7087,589.7867
Shivaji College,B.A. (Hons.) Business Economics,624.3917,416.8459,335.0085,393.9725,478.3422,
Shivaji College,B.A. (Hons.) Economics,709.7629,478.8509,380.0728,70.3326,569.0354,
Shivaji College,B.A. (Hons.) English,658.648,523.0199,495.0469,435.2011,522.1625,
Shivaji College,B.A. (Hons.) Geography,679.8252,605.1378,538.6326,518.2977,530.051,
Shivaji College,B.A. (Hons.) Hindi,270.1578,157.9869,83.9329,,,
Shivaji College,B.A. (Hons.) History,650.2886,553.7011,477.4455,432.3827,503.0219,
Shivaji College,B.A. (Hons.) Political Science,705.366,610.9559,579.5129,560.4493,588.5047,
Shivaji College,B.A. (Hons.) Sanskrit,330.2837,87.4496,243.5895,,290.8304,
Shivaji College,B.A. Program (Economics + Geography),653.2363,574.2043,467.0461,539.7617,516.166,
Shivaji College,B.A. Program (Economics + Political Science),674.6836,551.8739,493.4355,527.0038,541.7387,
Shivaji College,B.A. Program (English + Economics),679.4843,538.4169,495.3657,452.6462,540.4407,
Shivaji College,B.A. Program (English + Sociology),654.8719,534.3651,508.9072,491.0868,523.1196,243.1938
Shivaji College,B.A. Program (Geography + History),635.5802,529.7937,545.0169,502.7321,531.3222,454.3567
Shivaji College,B.A. Program (Geography + Political Science),668.1899,574.3794,525.0202,503.624,539.755,
Shivaji College,B.A. Program (Hindi + Geography),568.8977,491.8203,439.7286,371.6815,439.8719,376.7373
Shivaji College,B.A. Program (Hindi + History),546.8906,472.6957,407.919,220.3077,394.649,
Shivaji College,B.A. Program (Hindi + Political Science),582.0402,506.2285,434.653,271.5609,464.6755,
Shivaji College,B.A. Program (History + Political Science),640.3056,533.2973,475.8816,435.3569,551.7215,213.2567
Shivaji College,B.Com.,735.5528,598.2998,507.1475,258.1831,658.0477,319.2058
Shivaji College,B.Com. (Hons.),756.649,634.9987,539.976,359.3418,690.2724,
Shivaji College,B.Sc. (Hons.) Bio-Chemistry,626.8952,572.0256,483.1059,421.3993,552.0082,141.7688
Shivaji College,B.Sc. (Hons.) Botany,542.6154,492.6002,407.7536,355.1461,479.8229,
Shivaji College,B.Sc. (Hons.) Chemistry,331.1271,267.8235,175.8568,67.5078,271.2383,
Shivaji College,B.Sc. (Hons.) Mathematics,523.4616,405.0976,295.6045,92.9992,417.4935,
Shivaji College,B.Sc. (Hons.) Physics,333.6525,254.4519,151.9046,89.0538,264.2292,
Shivaji College,B.Sc. (Hons.) Zoology,572.5076,514.1567,440.7984,396.6176,516.0309,
Shivaji College,B.Sc. (Prog.) Life Science,547.1893,491.9051,408.0063,331.8025,476.6643,46.4959
Shivaji College,B.Sc. (Prog.) Physical Science with Chemistry,277.4582,207.9373,122.6712,,221.9416,
Shivaji College,B.Sc. (Prog.) Physical Science with Computer Science/ Informatics Practices,313.6344,248.0937,174.3315,106.4012,246.5494,
Shri Ram College of Commerce,B.A. (Hons.) Economics,897.4357,791.3872,733.4082,648.9502,840.4671,669.1728
Shri Ram College of Commerce,B.Com. (Hons.),924.3009,849.1369,796.3987,723.6367,887.9131,707.8404
Shyam Lal College,B.A. (Hons.) Economics,641.4113,388.9743,291.8003,116.7168,451.6851,
Shyam Lal College,B.A. (Hons.) English,614.407,458.9831,437.3276,352.9141,434.5934,265.8761
Shyam Lal College,B.A. (Hons.) Hindi,279.0245,141.3319,221.4987,,,
Shyam Lal College,B.A. (Hons.) History,604.9041,483.678,445.2459,355.4767,427.562,
Shyam Lal College,B.A. (Hons.) Political Science,653.3116,543.7248,512.0558,518.292,484.4495,307.4711
Shyam Lal College,B.A. Program (Commerce + Economics),654.9781,491.9662,438.4576,253.8573,514.8296,
Shyam Lal College,B.A. Program (Economics + Political Science),608.1618,464.9883,402.7246,346.1113,441.7168,
Shyam Lal College,B.A. Program (English + Economics),635.7538,487.5243,424.7242,391.006,489.5302,418.6942
Shyam Lal College,B.A. Program (English + Political Science),616.1561,486.2739,458.1134,540.0399,466.467,
Shyam Lal College,B.A. Program (Hindi + History),528.1276,407.0568,377.4984,116.4642,319.8297,111.2213
Shyam Lal College,B.A. Program (History + Political Science),595.774,474.7552,434.3826,387.6337,425.3743,
Shyam Lal College,B.Com.,677.192,517.4937,429.645,163.4631,585.5172,
Shyam Lal College,B.Com. (Hons.),706.2486,553.4545,467.0196,179.7905,616.6857,457.8595
Shyam Lal College,B.Sc. (Hons.) Chemistry,320.6032,259.8525,159.9813,75.2077,234.1321,
Shyam Lal College,B.Sc. (Hons.) Mathematics,508.0553,394.3416,282.0071,241.9733,402.5961,
Shyam Lal College,B.Sc. (Prog.) Physical Science with Chemistry,242.8457,183.3775,77.6121,,173.5471,
Shyam Lal College,B.Sc. (Prog.) Physical Science with Computer Science/ Informatics Practices,306.248,237.673,159.0698,97.275,226.5614,
Shyam Lal College,B.Sc. (Prog.) Physical Science with Electronics,273.1871,207.2581,127.5894,,202.0143,
Shyam Lal College (Evening),B.A. (Hons.) Economics,571.9649,312.418,217.0133,,373.6397,
Shyam Lal College (Evening),B.A. (Hons.) Hindi,96.6416,,,,,
Shyam Lal College (Evening),B.A. (Hons.) Political Science,547.5053,410.528,397.9574,376.3714,349.4372,
Shyam Lal College (Evening),B.A. Program (Computer Applications + Mathematics),546.3856,425.0237,338.0783,,453.8781,
Shyam Lal College (Evening),B.A. Program (Economics + Mathematics),554.9812,345.4835,229.1022,,354.2474,
Shyam Lal College (Evening),B.A. Program (English + Computer Applications),549.3519,420.1568,350.6669,,417.4496,
Shyam Lal College (Evening),B.A. Program (English + Economics),592.0453,415.7891,361.1268,266.2113,446.0376,
Shyam Lal College (Evening),B.A. Program (Hindi + History),473.9303,334.5341,326.909,,258.5459,
Shyam Lal College (Evening),B.A. Program (Hindi + Political Science),481.1174,340.3295,327.7039,407.4822,257.8335,
Shyam Lal College (Evening),B.A. Program (History + Political Science),518.9341,385.2764,358.2424,185.3376,329.3538,
Shyam Lal College (Evening),B.Com.,608.9826,433.551,334.8603,191.8023,501.8982,
Shyam Lal College (Evening),B.Com. (Hons.),645.287,483.8567,381.8217,307.2053,541.1435,
Shyama Prasad Mukherji College For Women (W),B.A. (Hons.) Applied Psychology,755.8004,601.3707,568.2245,465.1144,562.7417,434.9602
Shyama Prasad Mukherji College For Women (W),B.A. (Hons.) Economics,609.1707,311.2876,109.2273,217.5283,383.0785,
Shyama Prasad Mukherji College For Women (W),B.A. (Hons.) English,620.8818,468.5806,437.1416,353.1758,430.7243,
Shyama Prasad Mukherji College For Women (W),B.A. (Hons.) Geography,598.9438,453.5425,418.9835,423.1622,462.4494,
Shyama Prasad Mukherji College For Women (W),B.A. (Hons.) Hindi,156.3926,,,,,
Shyama Prasad Mukherji College For Women (W),B.A. (Hons.) History,578.0487,430.2345,400.8463,203.3891,387.6214,
Shyama Prasad Mukherji College For Women (W),B.A. (Hons.) Philosophy,555.0977,399.6927,345.7249,222.4976,326.6654,
Shyama Prasad Mukherji College For Women (W),B.A. (Hons.) Political Science,616.5362,467.4056,440.0412,341.4686,402.4999,
Shyama Prasad Mukherji College For Women (W),B.A. (Hons.) Sanskrit,232.7184,,229.8422,,,
Shyama Prasad Mukherji College For Women (W),B.A. Program (Community Science + Political Science),533.0025,335.4379,290.3029,,179.0528,
Shyama Prasad Mukherji College For Women (W),B.A. Program (Computer Applications + Economics),570.0,338.9697,87.8977,,393.3227,
Shyama Prasad Mukherji College For Women (W),B.A. Program (Computer Applications + Geography),507.8687,361.0443,214.9387,,240.3611,
Shyama Prasad Mukherji College For Women (W),B.A. Program (Computer Applications + Mathematics),546.2416,401.8436,266.8431,233.0675,391.2179,
Shyama Prasad Mukherji College For Women (W),B.A. Program (Economics + Community Science),559.4415,348.9801,284.0154,,358.382,
Shyama Prasad Mukherji College For Women (W),B.A. Program (Economics + Geography),592.2603,466.1523,340.392,235.9547,378.8211,
Shyama Prasad Mukherji College For Women (W),B.A. Program (Economics + History),575.2072,415.2768,359.7289,,399.9732,
Shyama Prasad Mukherji College For Women (W),B.A. Program (Economics + Mathematics),577.5814,294.4225,229.3834,,383.0544,
Shyama Prasad Mukherji College For Women (W),B.A. Program (Economics + Philosophy),576.8565,386.1509,286.6221,,342.3157,
Shyama Prasad Mukherji College For Women (W),B.A. Program (Economics + Political Science),598.2926,423.4619,364.8741,212.8976,384.4965,
Shyama Prasad Mukherji College For Women (W),B.A. Program (Economics + Sociology),589.4237,417.2284,309.452,152.598,411.0648,
Shyama Prasad Mukherji College For Women (W),B.A. Program (Geography + History),592.5876,473.1371,448.1031,437.6951,497.0495,
Shyama Prasad Mukherji College For Women (W),B.A. Program (Geography + Mathematics),508.4288,347.3344,,,318.6065,
Shyama Prasad Mukherji College For Women (W),B.A. Program (Geography + Political Science),659.8911,567.265,466.0681,371.9935,449.1168,
Shyama Prasad Mukherji College For Women (W),B.A. Program (Hindi + Geography),533.1845,483.6021,347.3034,,295.2034,
Shyama Prasad Mukherji College For Women (W),B.A. Program (Hindi + History),500.3913,336.1677,329.0262,,165.6327,
Shyama Prasad Mukherji College For Women (W),B.A. Program (Hindi + Philosophy),504.2122,353.3881,307.1325,,191.2368,
Shyama Prasad Mukherji College For Women (W),B.A. Program (Hindi + Political Science),513.1447,357.8429,344.3509,148.7963,141.6219,
Shyama Prasad Mukherji College For Women (W),B.A. Program (Hindi + Sociology),507.6671,345.4255,353.3763,219.0941,230.0171,
Shyama Prasad Mukherji College For Women (W),B.A. Program (History + Music),452.1443,214.7433,232.8824,,,
Shyama Prasad Mukherji College For Women (W),B.A. Program (History + Philosophy),559.7031,409.2536,382.2216,231.1199,377.2936,
Shyama Prasad Mukherji College For Women (W),B.A. Program (History + Political Science),578.7133,442.3119,415.8884,247.4726,373.8411,300.0594
Shyama Prasad Mukherji College For Women (W),B.A. Program (History + Sociology),557.5044,426.5499,435.5793,356.6638,386.5978,
Shyama Prasad Mukherji College For Women (W),B.A. Program (Music + Political Science),513.2499,247.7843,247.0098,,218.2069,
Shyama Prasad Mukherji College For Women (W),B.A. Program (Philosophy + Political Science),573.3867,387.0075,404.4606,419.9034,388.4762,
Shyama Prasad Mukherji College For Women (W),B.A. Program (Sanskrit + History),316.3985,239.203,,,,
Shyama Prasad Mukherji College For Women (W),B.A. Program (Sanskrit + Music),255.4769,,,,,
Shyama Prasad Mukherji College For Women (W),B.A. Program (Sanskrit + Philosophy),283.3601,,,,,
Shyama Prasad Mukherji College For Women (W),B.A. Program (Sanskrit + Political Science),335.8561,,,,,
Shyama Prasad Mukherji College For Women (W),B.Com.,632.9544,446.8528,360.3821,,528.0436,
Shyama Prasad Mukherji College For Women (W),B.Com. (Hons.),668.8543,498.0435,412.6422,595.0359,568.1991,
Shyama Prasad Mukherji College For Women (W),B.Sc. (Hons.) Computer Science,543.3569,453.9357,364.4131,221.7105,464.7751,
Shyama Prasad Mukherji College For Women (W),B.Sc. (Hons.) Mathematics,465.3498,343.105,194.8842,,338.5209,
Shyama Prasad Mukherji College For Women (W),Bachelor of Elementary Education (B.El.Ed.),608.2169,523.5937,497.5276,344.1868,517.2904,191.8328
Sri Aurobindo College (Day),B.A. (Hons.) English,644.7828,519.2492,464.2026,439.1405,528.3705,
Sri Aurobindo College (Day),B.A. (Hons.) Hindi,241.1795,168.1553,171.6621,,,
Sri Aurobindo College (Day),B.A. (Hons.) Political Science,669.3374,588.8299,519.3098,495.5983,519.7695,
Sri Aurobindo College (Day),B.A. Program (Commerce + Economics),668.6533,502.8395,416.2369,136.2526,531.6784,
Sri Aurobindo College (Day),B.A. Program (Economics + History),607.8886,458.8037,392.4709,350.0941,452.5502,293.3568
Sri Aurobindo College (Day),B.A. Program (Economics + Political Science),626.4676,458.5618,400.3669,368.3835,478.3527,
Sri Aurobindo College (Day),B.A. Program (History + Political Science),600.6947,477.2068,438.0186,357.6282,443.4743,
Sri Aurobindo College (Day),B.A. Program (Sanskrit + Economics),536.3729,346.6109,207.0021,,413.631,
Sri Aurobindo College (Day),B.A. Program (Sanskrit + History),445.0851,234.4683,297.2307,,167.8779,
Sri Aurobindo College (Day),B.A. Program (Sanskrit + Political Science),472.6421,220.8068,207.6314,,,
Sri Aurobindo College (Day),B.Com.,724.2517,587.1431,471.8393,166.1016,650.3807,172.7908
Sri Aurobindo College (Day),B.Com. (Hons.),765.6076,646.6887,550.8221,389.1135,706.2877,
Sri Aurobindo College (Day),B.Sc. (Hons.) Electronics,306.6465,234.1477,157.9156,103.4106,228.948,
Sri Aurobindo College (Day),B.Sc. (Prog.) Life Science,536.3213,483.7326,405.2273,328.2144,472.1127,127.7472
Sri Aurobindo College (Day),B.Sc. (Prog.) Physical Science with Chemistry,246.9802,182.4272,73.8238,,179.4429,
Sri Aurobindo College (Evening),B.A. (Hons.) Applied Psychology,732.2243,584.7267,544.2809,439.1045,547.417,307.1794
Sri Aurobindo College (Evening),B.A. (Hons.) Economics,589.6879,309.3099,226.2051,,386.7698,
Sri Aurobindo College (Evening),B.A. (Hons.) English,573.5734,420.0131,371.3056,286.2,409.077,
Sri Aurobindo College (Evening),B.A. (Hons.) Hindi,155.0238,,,,,
Sri Aurobindo College (Evening),B.A. Program (Economics + History),529.7838,376.0231,312.8056,260.1031,398.5623,
Sri Aurobindo College (Evening),B.A. Program (Economics + Music),627.7241,432.365,391.1543,296.2143,407.4712,
Sri Aurobindo College (Evening),B.A. Program (Economics + Physical Education),592.4632,429.7777,457.3314,411.3438,453.1849,
Sri Aurobindo College (Evening),B.A. Program (Economics + Political Science),538.2865,385.4943,325.7734,,349.6675,
Sri Aurobindo College (Evening),B.A. Program (Economics + Sanskrit),523.7266,342.406,143.1257,,414.7625,
Sri Aurobindo College (Evening),B.A. Program (English + History),540.1934,394.1373,373.9872,377.1986,370.1652,
Sri Aurobindo College (Evening),B.A. Program (English + Music),694.8726,418.0232,440.3434,505.3135,464.8695,
Sri Aurobindo College (Evening),B.A. Program (English + Physical Education),622.5379,568.9618,498.524,429.1585,482.6106,
Sri Aurobindo College (Evening),B.A. Program (English + Political Science),547.2089,406.3385,381.5737,442.9866,436.99,
Sri Aurobindo College (Evening),B.A. Program (English + Sanskrit),476.7324,297.7821,246.6051,,183.3691,
Sri Aurobindo College (Evening),B.A. Program (Hindi + History),475.4356,345.3001,333.2785,,290.9495,252.0148
Sri Aurobindo College (Evening),B.A. Program (Hindi + Music),577.3749,389.3325,361.0389,385.1527,326.391,
Sri Aurobindo College (Evening),B.A. Program (Hindi + Physical Education),502.0581,383.3661,370.6232,,304.4594,
Sri Aurobindo College (Evening),B.A. Program (Hindi + Political Science),491.4548,342.3684,340.5903,,274.7872,
Sri Aurobindo College (Evening),B.A. Program (Hindi + Sanskrit),391.332,246.6783,232.0209,,175.1281,
Sri Aurobindo College (Evening),B.A. Program (History + Music),521.827,388.2093,357.448,295.8124,320.0991,
Sri Aurobindo College (Evening),B.A. Program (History + Physical Education),534.0571,484.4941,437.071,286.2795,324.9271,
Sri Aurobindo College (Evening),B.A. Program (History + Political Science),524.7433,385.8974,359.0839,153.2286,345.8502,
Sri Aurobindo College (Evening),B.A. Program (History + Sanskrit),426.45,278.2959,251.517,,262.4806,
Sri Aurobindo College (Evening),B.Com.,616.0655,448.0,342.3809,266.9668,514.3405,
Sri Aurobindo College (Evening),B.Com. (Hons.),658.2341,506.3563,396.7822,175.2838,568.0799,
Sri Guru Gobind Singh College of Commerce,B.Com. (Hons.),865.4505,,,,,485.5336
Sri Guru Gobind Singh College of Commerce,B.Com.,844.4022,,,,,424.9076
Sri Guru Gobind Singh College of Commerce,Bachelor of Management Studies (BMS),770.1037,,,,,535.8824
Sri Guru Gobind Singh College of Commerce,B.A. (Hons.) Economics,794.863,,,,,
Sri Guru Gobind Singh College of Commerce,B.A. (Hons.) Business Economics,740.6827,,,,,263.9752
Sri Guru Gobind Singh College of Commerce,B.Sc. (Hons.) Computer Science,691.3549,,,,,231.9705
Sri Guru Gobind Singh College of Commerce,B.A. (Hons.) Punjabi,269.1862,,,,,
Sri Guru Nanak Dev Khalsa College,B.Com. (Hons.),766.4355,,,,,391.042
Sri Guru Nanak Dev Khalsa College,B.Com.,715.4934,,,,,294.7664
Sri Guru Nanak Dev Khalsa College,B.A. Program (English + Economics),685.99,,,,,
Sri Guru Nanak Dev Khalsa College,B.A. (Hons.) English,666.5554,,,,,
Sri Guru Nanak Dev Khalsa College,B.A. Program (English + Political Science),675.1572,,,,,420.9831
Sri Guru Nanak Dev Khalsa College,B.A. (Hons.) Political Science,722.4292,,,,,
Sri Guru Nanak Dev Khalsa College,B.A. Program (Punjabi + Economics),486.037,,,,,
Sri Guru Nanak Dev Khalsa College,B.A. (Hons.) Business Economics,629.9561,,,,,
Sri Guru Nanak Dev Khalsa College,B.A. Program (Economics + History),666.2261,,,,,
Sri Guru Nanak Dev Khalsa College,B.A. Program (Economics + Political Science),664.0712,,,,,
Sri Guru Nanak Dev Khalsa College,B.A. Program (English + History),644.7105,,,,,168.0228
Sri Guru Nanak Dev Khalsa College,B.A. Program (Punjabi + Political Science),384.204,,,,,
Sri Guru Nanak Dev Khalsa College,B.A. (Hons.) History,679.8196,,,,,174.685
Sri Guru Nanak Dev Khalsa College,B.A. (Hons.) Punjabi,424.9891,,,,,
Sri Guru Nanak Dev Khalsa College,B.A. Program (History + Political Science),651.9347,,,,,
Sri Guru Nanak Dev Khalsa College,B.A. Program (Punjabi + History),403.814,,,,,
Sri Guru Nanak Dev Khalsa College,B.Sc. (Hons.) Mathematics,550.8686,,,,,
Sri Guru Nanak Dev Khalsa College,B.A. (Hons.) Hindi,311.1807,,,,,
Sri Guru Nanak Dev Khalsa College,B.A. (Hons.) Hindi Patrakarita,425.7065,,,,,288.5624
Sri Guru Tegh Bahadur Khalsa College,B.A. (Hons.) Political Science,841.5278,,,,,562.6415
Sri Guru Tegh Bahadur Khalsa College,B.Com. (Hons.),869.2774,,,,,524.6882
Sri Guru Tegh Bahadur Khalsa College,B.Com.,859.403,,,,,558.8232
Sri Guru Tegh Bahadur Khalsa College,B.A. Program (Economics + Political Science),815.683,,,,,528.6276
Sri Guru Tegh Bahadur Khalsa College,B.A. Program (History + Political Science),823.2076,,,,,679.4962
Sri Guru Tegh Bahadur Khalsa College,B.A. (Hons.) English,784.4293,,,,,512.0114
Sri Guru Tegh Bahadur Khalsa College,B.A. Program (Economics + Mathematics),814.1896,,,,,
Sri Guru Tegh Bahadur Khalsa College,B.A. (Hons.) Economics,813.581,,,,,132.2975
Sri Guru Tegh Bahadur Khalsa College,B.A. Program (Economics + History),807.8864,,,,,370.387
Sri Guru Tegh Bahadur Khalsa College,B.A. (Hons.) Business Economics,717.0999,,,,,
Sri Guru Tegh Bahadur Khalsa College,B.A. (Hons.) History,805.2845,,,,,537.1696
Sri Guru Tegh Bahadur Khalsa College,B.Sc. (Hons.) Computer Science,707.4191,,,,,409.6949
Sri Guru Tegh Bahadur Khalsa College,B.Sc. (Prog.) Life Science,600.3032,,,,,176.0303
Sri Guru Tegh Bahadur Khalsa College,B.A. (Hons.) Hindi,447.7073,,,,,339.4341
Sri Guru Tegh Bahadur Khalsa College,B.Sc. (Hons.) Mathematics,706.0196,,,,,139.1168
Sri Guru Tegh Bahadur Khalsa College,B.Sc. (Hons.) Zoology,622.3238,,,,,248.1074
Sri Guru Tegh Bahadur Khalsa College,B.A. Program (Mathematics + Political Science),767.0878,,,,,
Sri Guru Tegh Bahadur Khalsa College,B.Sc. (Hons.) Botany,596.2202,,,,,113.9022
Sri Guru Tegh Bahadur Khalsa College,B.Sc. (Hons.) Chemistry,425.9861,,,,,
Sri Guru Tegh Bahadur Khalsa College,B.A. (Hons.) Punjabi,278.4808,,,,,
Sri Guru Tegh Bahadur Khalsa College,B.Sc. (Hons.) Electronics,417.4644,,,,,
Sri Guru Tegh Bahadur Khalsa College,B.Sc. (Prog.) Physical Science with Computer Science/ Informatics Practices,440.3488,,,,,
Sri Guru Tegh Bahadur Khalsa College,B.Sc. (Prog.) Physical Science with Chemistry,367.5387,,,,,
Sri Guru Tegh Bahadur Khalsa College,B.Sc. (Hons.) Physics,448.2169,,,,,
Sri Venketeswara College,B.A. (Hons.) Economics,827.3016,670.5469,613.3302,482.8012,729.6695,224.334
Sri Venketeswara College,B.A. (Hons.) English,807.1688,720.0195,681.4755,630.5801,723.1569,480.0408
Sri Venketeswara College,B.A. (Hons.) Hindi,469.5895,368.2866,370.5175,185.3742,235.4297,176.104
Sri Venketeswara College,B.A. (Hons.) History,834.2723,776.6984,729.9934,690.6007,779.0648,539.617
Sri Venketeswara College,B.A. (Hons.) Political Science,878.7358,841.9177,773.9221,731.3075,818.9893,622.0559
Sri Venketeswara College,B.A. (Hons.) Sanskrit,278.2443,326.2187,271.229,,298.8016,
Sri Venketeswara College,B.A. (Hons.) Sociology,813.4242,740.0306,677.222,657.2652,726.5342,427.8771
Sri Venketeswara College,B.A. Program (Economics + Mathematics),845.484,700.0078,609.0973,521.0943,777.9079,491.1311
Sri Venketeswara College,B.A. Program (Economics + Statistics),849.9409,716.6351,642.1012,695.815,799.6302,
Sri Venketeswara College,B.A. Program (English + Economics),834.2552,778.6414,716.4316,677.4798,799.1421,597.1169
Sri Venketeswara College,B.A. Program (Hindi + Sociology),750.4307,687.9362,615.687,540.9709,668.1911,439.4314
Sri Venketeswara College,B.A. Program (History + Political Science),843.607,804.75,747.4342,689.3948,784.1543,613.2279
Sri Venketeswara College,B.A. Program (Sanskrit + History),700.7261,607.7971,518.3882,491.0598,647.3794,
Sri Venketeswara College,B.A. Program (Tamil + Political Science/History),585.8129,428.0892,430.9214,256.0839,269.0863,
Sri Venketeswara College,B.A. Program (Telegu + Political Science/History),599.7102,341.3302,341.0869,510.4986,585.6313,
Sri Venketeswara College,B.Com.,876.9263,792.5603,723.0743,616.754,845.4051,523.4163
Sri Venketeswara College,B.Com. (Hons.),891.5004,811.1376,741.9178,635.1578,860.6359,559.4619
Sri Venketeswara College,B.Sc. (Hons.) Bio-Chemistry,667.6063,637.6779,556.3897,498.7863,632.3438,344.673
Sri Venketeswara College,B.Sc. (Hons.) Biological Sciences,639.377,592.9885,515.9153,458.4558,594.3637,324.8427
Sri Venketeswara College,B.Sc. (Hons.) Botany,616.0315,581.5143,500.0449,492.8995,579.6205,131.7029
Sri Venketeswara College,B.Sc. (Hons.) Chemistry,430.8252,369.2126,271.3752,198.2754,385.1025,
Sri Venketeswara College,B.Sc. (Hons.) Electronics,444.168,371.8364,272.6227,140.8169,400.3735,
Sri Venketeswara College,B.Sc. (Hons.) Mathematics,727.3073,569.6197,498.04,371.0466,609.9794,
Sri Venketeswara College,B.Sc. (Hons.) Physics,472.9225,406.8542,299.5105,218.7049,409.4598,
Sri Venketeswara College,B.Sc. (Hons.) Statistics,791.9538,631.8155,562.7183,431.7139,694.0047,431.9039
Sri Venketeswara College,B.Sc. (Hons.) Zoology,649.3909,614.7115,552.011,515.9618,614.652,384.0952
Sri Venketeswara College,B.Sc. (Prog.) Life Science,613.1466,575.0301,491.6078,442.3334,570.415,86.3472
St. Stephen's College,B.A. (Hons.) Economics,891.9654,,759.324,837.4898,,647.6739
St. Stephen's College,B.A. (Hons.) English,917.465,,866.02,859.0652,,789.4484
St. Stephen's College,B.A. (Hons.) History,922.4394,,854.8823,869.3291,,755.864
St. Stephen's College,B.A. (Hons.) Philosophy,898.0981,,833.653,840.4536,,627.6712
St. Stephen's College,B.A. (Hons.) Sanskrit,746.1816,,609.8111,249.572,,655.8354
St. Stephen's College,B.A. Program (Any two discipline out of these (Economics/English/History/Political Science/Philosophy)),923.2301,,846.3926,,,754.0038
St. Stephen's College,B.A. Program (Urdu + Any other discipline subject from,787.0759,,,649.9705,,
St. Stephen's College,(Economics/History/Political Science/Philosophy)) B.Sc. (Hons.) Chemistry,553.7976,,410.037,389.2294,,101.7591
St. Stephen's College,B.Sc. (Hons.) Mathematics,839.0639,,722.1444,634.1467,,501.028
St. Stephen's College,B.Sc. (Hons.) Physics,591.7114,,452.9894,509.0625,,348.7263
St. Stephen's College,B.Sc. (Prog.) Physical Science with Chemistry,515.9598,,354.9217,,,
St. Stephen's College,B.Sc. (Prog.) Physical Science with Computer Science/ Informatics Practices,531.6583,,403.6828,318.0342,,281.8571
Swami Shardhanand College,B.A. (Hons.) English,598.4181,442.2801,414.8484,319.7247,433.7354,
Swami Shardhanand College,B.A. (Hons.) Geography,572.2323,443.496,415.7179,411.4449,449.0409,
Swami Shardhanand College,B.A. (Hons.) Hindi,168.1984,166.1477,,,,
Swami Shardhanand College,B.A. (Hons.) History,557.4428,428.8777,397.0233,294.9046,393.879,
Swami Shardhanand College,B.A. Program (Computer Applications + Economics),608.333,437.6197,348.1178,,440.9012,
Swami Shardhanand College,B.A. Program (Computer Applications + Mathematics),596.963,479.6608,450.9427,336.3174,458.2112,
Swami Shardhanand College,B.A. Program (Economics + History),538.5095,400.4077,351.6392,129.6033,361.5283,
Swami Shardhanand College,B.A. Program (Economics + Mathematics),588.1786,381.8552,285.1744,,405.3955,
Swami Shardhanand College,B.A. Program (Economics + Political Science),563.2876,407.3623,360.6769,256.589,433.7687,
Swami Shardhanand College,B.A. Program (English + History),575.6663,456.7981,421.7299,,426.6547,
Swami Shardhanand College,B.A. Program (English + Political Science),600.3618,532.982,498.9767,479.5121,465.6771,
Swami Shardhanand College,B.A. Program (Hindi + Political Science),511.8377,374.5314,387.2959,127.064,301.089,
Swami Shardhanand College,B.A. Program (History + Political Science),556.8969,428.1007,397.887,304.6086,399.104,241.0511
Swami Shardhanand College,B.A. Program (Mathematics + Sanskrit),449.5762,120.4545,,,250.9676,
Swami Shardhanand College,B.A. Program (Sanskrit + Economics),501.005,296.5134,284.6503,,301.5369,
Swami Shardhanand College,B.A. Program (Sanskrit + History),372.6481,137.799,172.922,,205.7375,
Swami Shardhanand College,B.A. Program (Sanskrit + Political Science),385.7741,102.4037,136.1589,,233.4753,
Swami Shardhanand College,B.Com.,629.6601,460.7144,387.6773,133.3959,533.3431,422.7472
Swami Shardhanand College,B.Com. (Hons.),679.1998,526.3155,448.3399,129.7563,601.4142,
Swami Shardhanand College,B.Sc. (Hons.) Botany,530.571,477.9295,396.4415,343.0283,476.9494,
Swami Shardhanand College,B.Sc. (Hons.) Chemistry,299.9596,234.2351,152.3219,103.5891,222.5184,
Swami Shardhanand College,B.Sc. (Hons.) Microbiology,592.2445,543.6448,453.3391,394.2753,547.3742,
Swami Shardhanand College,B.Sc. (Hons.) Physics,310.1485,234.3063,150.896,,249.0891,
Swami Shardhanand College,B.Sc. (Hons.) Zoology,550.5443,497.3915,416.7915,365.6322,488.2305,
Swami Shardhanand College,B.Sc. (Prog.) Applied Life Science,532.084,482.9072,407.1879,316.397,478.9807,
Swami Shardhanand College,B.Sc. (Prog.) Life Science,525.8467,474.2145,391.9148,318.0757,464.8798,
Swami Shardhanand College,B.Sc. (Prog.) Physical Science with Chemistry,230.6666,171.2086,41.4311,,172.4297,
Vivekananda College (W),B.A. (Hons.) Applied Psychology,753.0931,598.1248,561.885,483.4401,564.7501,426.4963
Vivekananda College (W),B.A. (Hons.) English,626.801,464.3801,437.7694,386.1529,446.0864,
Vivekananda College (W),B.A. (Hons.) Hindi,183.9662,,171.5427,,,
Vivekananda College (W),B.A. (Hons.) History,581.1533,429.9486,398.455,277.9351,357.5321,
Vivekananda College (W),B.A. (Hons.) Political Science,640.5863,483.492,504.4116,489.5486,405.485,220.9702
Vivekananda College (W),B.A. (Hons.) Sanskrit,235.569,,204.774,,,
Vivekananda College (W),B.A. Program (Community science + English),578.5906,408.7842,449.4273,192.4953,342.4877,
Vivekananda College (W),B.A. Program (Community Science + Political Science),555.2202,374.893,336.6546,,327.4268,
Vivekananda College (W),B.A. Program (Computer Applications + Economics),589.1753,379.5442,296.6903,,392.0217,
Vivekananda College (W),B.A. Program (Computer Applications + Mathematics),549.3546,448.2464,329.0961,208.3501,449.8037,
Vivekananda College (W),B.A. Program (Computer Applications + Political Science),508.7274,370.0271,250.3265,,267.7925,
Vivekananda College (W),B.A. Program (Economics + Mathematics),604.8298,438.2017,274.0552,,444.4978,
Vivekananda College (W),B.A. Program (Economics + Political Science),621.6034,421.2566,419.3027,315.976,436.7105,184.7637
Vivekananda College (W),B.A. Program (English + Computer Applications),626.9362,443.1778,320.2268,,442.264,
Vivekananda College (W),B.A. Program (English + French),583.6625,437.7169,385.2621,354.2331,323.105,
Vivekananda College (W),B.A. Program (French + Economics),573.793,374.6298,330.7319,214.5771,415.5025,
Vivekananda College (W),B.A. Program (History + Community Science),517.9593,371.1178,308.3326,,218.0595,
Vivekananda College (W),B.A. Program (History + Music),503.658,332.7784,297.5338,,193.549,
Vivekananda College (W),B.A. Program (History + Political Science),587.3619,467.978,434.6712,290.6586,407.2076,353.9204
Vivekananda College (W),B.A. Program (Music + Political Science),547.51,370.9473,340.8463,,237.2926,
Vivekananda College (W),B.A. Program (Sanskrit + History),400.9157,,341.7128,,,
Vivekananda College (W),B.A. Program (Sanskrit + Music),333.3244,,,,,
Vivekananda College (W),B.Com.,650.8147,460.506,375.2167,304.5252,541.6347,
Vivekananda College (W),B.Com. (Hons.),695.4982,515.5936,440.4566,380.9113,593.1223,572.7046
Vivekananda College (W),B.Sc. (Hons.) Home Science,449.819,372.8347,310.6055,259.3997,347.8128,
Vivekananda College (W),B.Sc. (Hons.) Mathematics,478.1278,339.5245,208.5072,264.9032,356.6571,
Zakir Husain Delhi College,B.A. (Hons.) Arabic,565.0518,455.7879,371.5217,255.7886,393.3374,
Zakir Husain Delhi College,B.A. (Hons.) Bengali,195.687,350.4043,315.2237,246.4304,286.5802,
Zakir Husain Delhi College,B.A. (Hons.) Economics,677.7514,436.486,327.4433,141.8422,501.0149,
Zakir Husain Delhi College,B.A. (Hons.) English,652.6251,504.3005,473.7686,464.7092,517.4371,426.2938
Zakir Husain Delhi College,B.A. (Hons.) Hindi,310.2734,49.3574,190.2934,251.1086,148.4881,
Zakir Husain Delhi College,B.A. (Hons.) History,651.8579,543.0573,493.1217,453.0471,476.7817,397.9316
Zakir Husain Delhi College,B.A. (Hons.) Persian,514.4861,362.6799,323.8631,,270.1387,
Zakir Husain Delhi College,B.A. (Hons.) Philosophy,619.3117,477.8936,421.4326,340.2084,462.0195,
Zakir Husain Delhi College,B.A. (Hons.) Political Science,672.3139,557.1355,515.4239,516.1621,543.5032,427.4024
Zakir Husain Delhi College,B.A. (Hons.) Psychology,793.7328,669.2711,628.0042,611.0704,633.095,434.7384
Zakir Husain Delhi College,B.A. (Hons.) Sanskrit,353.0296,166.5596,154.9703,,175.4518,
Zakir Husain Delhi College,B.A. (Hons.) Urdu,263.004,169.0907,257.2591,54.6248,327.1535,
Zakir Husain Delhi College,B.A. Program (Commerce + Economics),666.4605,499.1848,459.088,349.9271,528.2928,
Zakir Husain Delhi College,B.A. Program (Commerce + Mathematics),631.0158,394.0619,370.7683,,427.6868,
Zakir Husain Delhi College,B.A. Program (Commerce + Psychology),714.3092,524.506,493.4704,425.8527,564.6036,
Zakir Husain Delhi College,B.A. Program (Economics + Mathematics),630.1761,426.2718,308.7666,,430.2446,
Zakir Husain Delhi College,B.A. Program (Economics + Political Science),651.1302,548.2944,472.5576,438.2608,490.4657,273.9477
Zakir Husain Delhi College,B.A. Program (English + Economics),645.7336,565.5723,468.1972,435.5639,488.9035,186.7466
Zakir Husain Delhi College,B.A. Program (English + History),621.8128,512.3664,457.9041,470.8754,495.1852,
Zakir Husain Delhi College,B.A. Program (English + Political Science),636.4371,545.9814,477.813,453.4124,480.3406,98.6494
Zakir Husain Delhi College,B.A. Program (English + Psychology),737.6639,607.7574,574.0686,525.99,559.2054,179.7057
Zakir Husain Delhi College,B.A. Program (Hindi + Economics),570.8881,407.1749,369.7406,133.8249,427.4005,
Zakir Husain Delhi College,B.A. Program (Hindi + History),555.2498,441.8608,379.5883,269.7061,352.0984,
Zakir Husain Delhi College,B.A. Program (Hindi + Political Science),558.767,473.1755,396.6913,276.4312,414.9354,
Zakir Husain Delhi College,B.A. Program (History + Philosophy),593.9524,472.0905,382.0196,367.8217,433.1349,
Zakir Husain Delhi College,B.A. Program (History + Political Science),654.3566,568.3893,524.7845,464.8088,595.9715,215.1734
Zakir Husain Delhi College,B.A. Program (History + Psychology),725.0097,551.2429,537.8204,463.5469,501.1966,
Zakir Husain Delhi College,B.A. Program (Philosophy + Arabic/Bengali/Persian/Sanskrit/Urdu ),485.161,325.5157,179.6744,,237.9263,
Zakir Husain Delhi College,B.A. Program (Political Science + Psychology),732.8396,565.8163,541.2077,534.8868,546.3244,
Zakir Husain Delhi College,B.Com.,693.8602,543.0255,463.3206,108.8599,610.6342,196.9524
Zakir Husain Delhi College,B.Com. (Hons.),712.6714,576.7554,487.8171,162.7383,635.2573,
Zakir Husain Delhi College,B.Sc. (Hons.) Botany,535.3938,486.8724,406.6858,350.4883,473.9725,
Zakir Husain Delhi College,B.Sc. (Hons.) Chemistry,308.8167,241.8398,158.6573,81.6511,229.7627,
Zakir Husain Delhi College,B.Sc. (Hons.) Electronics,302.5551,228.2059,155.5908,87.1338,228.75,
Zakir Husain Delhi College,B.Sc. (Hons.) Mathematics,513.6694,394.7756,291.849,109.2601,408.9135,
Zakir Husain Delhi College,B.Sc. (Hons.) Zoology,564.9426,500.1469,430.37,385.2231,491.2121,
Zakir Husain Delhi College,B.Sc. (Prog.) Life Science,536.0837,485.0118,397.5827,347.8956,467.977,174.5161
Zakir Husain Delhi College,B.Sc. (Prog.) Physical Science with Chemistry,257.2138,195.1367,93.1923,77.3278,187.878,
Zakir Husain Delhi College (Evening),B.A. (Hons.) English,571.3863,416.8606,359.2525,321.7283,401.0695,
Zakir Husain Delhi College (Evening),B.A. (Hons.) Hindi,311.9461,158.9989,160.2633,,135.1044,
Zakir Husain Delhi College (Evening),B.A. (Hons.) History,534.8572,388.9704,361.2289,274.4757,336.9637,
Zakir Husain Delhi College (Evening),B.A. (Hons.) Persian,500.755,340.0932,301.5923,,298.7793,
Zakir Husain Delhi College (Evening),B.A. (Hons.) Political Science,561.7924,421.2854,408.0938,361.6351,396.3078,
Zakir Husain Delhi College (Evening),B.A. (Hons.) Sanskrit,262.4993,212.1657,297.3001,250.5332,184.3161,
Zakir Husain Delhi College (Evening),B.A. (Hons.) Urdu,172.0192,186.0982,43.1323,,188.7003,
Zakir Husain Delhi College (Evening),B.A. Program (Arabic + History/Political Science),467.5229,335.4628,353.9331,,,
Zakir Husain Delhi College (Evening),B.A. Program (Bengali + History/Political Science),342.5217,,,,,
Zakir Husain Delhi College (Evening),B.A. Program (Economics + History),521.1519,369.8144,315.7453,187.5215,335.4562,
Zakir Husain Delhi College (Evening),B.A. Program (Economics + Mathematics),569.2693,362.2904,292.9023,,360.6742,
Zakir Husain Delhi College (Evening),B.A. Program (Economics + Political Science),534.4388,379.6049,315.9623,261.6157,339.773,
Zakir Husain Delhi College (Evening),B.A. Program (English + Economics/History/Political Science/Philosophy),581.6595,428.4771,407.6267,411.0145,434.3627,314.5746
Zakir Husain Delhi College (Evening),B.A. Program (Hindi + Economics/History/Political Science),516.795,370.8176,331.079,246.6883,339.4366,
Zakir Husain Delhi College (Evening),B.A. Program (History + Political Science),534.4299,411.6575,362.5729,365.4139,374.1255,
Zakir Husain Delhi College (Evening),B.A. Program (Persian + History/Political Science),383.3122,29.1584,,,,
Zakir Husain Delhi College (Evening),B.A. Program (Philosophy + Economics/Political Science),560.8634,403.1216,383.3734,255.7571,363.7191,
Zakir Husain Delhi College (Evening),B.A. Program (Sanskrit + History/Political Science),390.106,210.5561,170.9304,,202.8571,
Zakir Husain Delhi College (Evening),B.A. Program (Urdu + History/Political Science),446.4239,314.9049,,297.4825,254.2183,
Zakir Husain Delhi College (Evening),B.Com.,612.9427,442.4858,351.7015,231.3085,507.9761,
Zakir Husain Delhi College (Evening),B.Com. (Hons.),646.2948,491.5629,396.6626,170.094,549.977,253.5515
